0,0,0,0,0,0,0,0,0,0,0,0,0,0,0,0,0,0,0,0,0,0,0,0,0,0,0,0,0,0,0,0,0,922.546,1203.17,1261.59,1126.81,1194.81,1315.29,1240.96,1328.42,1253.03,1286.83,1145.69,1241.38,1303.11,1144.75,1240.08,1233.78,1218.08,1177.82,1161.04,1258.03,1245.7,1239.78,1193.56,1250.88,1263.96,1197.12,1185.44,1168.78,1281.02,1251.59,1213.35,1246.71,1234.35,775.01,0,0,0,0,0,0,0,0,0,0,0,0,0,0,0,0,0,0,0,0,0,0,0,0,0,0,0,0,0,0,0,0,0
0,0,0,0,0,0,0,0,0,0,0,0,0,0,0,0,0,0,0,0,0,0,0,0,0,0,0,0,0,0,0,0,0,837.615,1269.91,1194.92,1187.1,1121.76,1238.58,1154.13,1209.98,1198.79,1135.12,1131.5,1313.43,1182.98,1149.32,1325.47,1237.87,1281.93,1164.63,1251.63,1268.76,1224.6,1266.87,1231.23,1273.87,1176.37,1236.74,1067.74,1184.2,1167.65,1238.79,1256.55,1267.28,1211.91,804.474,0,0,0,0,0,0,0,0,0,0,0,0,0,0,0,0,0,0,0,0,0,0,0,0,0,0,0,0,0,0,0,0,0
0,0,0,0,0,0,0,0,0,0,0,0,0,0,0,0,0,0,0,0,0,0,0,0,0,0,0,0,0,0,0,0,0,851.833,1151.61,1288.72,1196.7,1161.01,1177.75,1165.91,1246.76,1167.85,1214.1,1167.48,1145.56,1219.78,1156.82,1152.52,1116.25,1172.49,1161.71,1142.08,1164.91,1244.31,1173.28,1293.1,1189.58,1121.67,1201.96,1225.62,1219.91,1173.06,1226.43,1186.7,1169.74,1233.7,777.008,0,0,0,0,0,0,0,0,0,0,0,0,0,0,0,0,0,0,0,0,0,0,0,0,0,0,0,0,0,0,0,0,0
0,0,0,0,0,0,0,0,0,0,0,0,0,0,0,0,0,0,0,0,0,0,0,0,0,0,0,0,0,0,0,0,0,795.03,1183.76,1212.18,1150.55,1179.6,1198.11,1128.6,1179.59,1189.56,1249.19,1162.39,1136.72,1128.31,1252.5,1182.96,1253.49,1169.66,1193.26,1216.31,1144.67,1177.46,1174.18,1149.84,1228.44,1239.25,1148.07,1173.25,1138.54,1094.44,1216.05,1138.98,1214.22,1109.97,766.414,0,0,0,0,0,0,0,0,0,0,0,0,0,0,0,0,0,0,0,0,0,0,0,0,0,0,0,0,0,0,0,0,0
0,0,0,0,0,0,0,0,0,0,0,0,0,0,0,0,0,0,0,0,0,0,0,0,0,0,0,0,0,0,0,0,0,817.366,1084.89,1102.71,1225.71,1137.1,1169.42,1188.57,1171.13,1133.9,1151.88,1160.64,1163.68,1141.18,1200.87,1173.32,1223.83,1217.13,1162.29,1047.23,1141.88,1194.23,1204.03,1189.79,1206.4,1207.76,1171.75,1154.89,1226.3,1163.44,1105.15,1204,1177.22,1121.68,838.589,0,0,0,0,0,0,0,0,0,0,0,0,0,0,0,0,0,0,0,0,0,0,0,0,0,0,0,0,0,0,0,0,0
0,0,0,0,0,0,0,0,0,0,0,0,0,0,0,0,0,0,0,0,0,0,0,0,0,0,0,0,0,0,0,0,0,751.891,1136.82,1122.72,1187.15,1209.34,1182.6,1115.43,1211.58,1110.82,1201.51,1059.98,1112.12,1180.91,1122.15,1137.81,1233.87,1141.24,1090.82,1193.11,1145.78,1151.9,1089.93,1122.51,1195.86,1120.62,1144.6,1146.34,1104.49,1141.68,1151.84,1158.92,1120.23,1123.84,799.592,0,0,0,0,0,0,0,0,0,0,0,0,0,0,0,0,0,0,0,0,0,0,0,0,0,0,0,0,0,0,0,0,0
0,0,0,0,0,0,0,0,0,0,0,0,0,0,0,0,0,0,0,0,0,0,0,0,0,0,0,0,0,0,0,0,0,766.04,1079.62,1156.84,1097.51,1079.13,1185.64,1108.05,1208.72,1077.29,1038.85,1118.96,1135.48,1150.61,1115.82,1071.41,1136.89,1174.18,1196.02,1212.92,1080.66,1106.15,1138.67,1142.83,1106.41,1143,1155.4,1127.84,1048.76,1153.56,1097.26,1113.81,1107.1,1198.81,733.787,0,0,0,0,0,0,0,0,0,0,0,0,0,0,0,0,0,0,0,0,0,0,0,0,0,0,0,0,0,0,0,0,0
0,0,0,0,0,0,0,0,0,0,0,0,0,0,0,0,0,0,0,0,0,0,0,0,0,0,0,0,0,0,0,0,0,733.02,1033.8,1127.82,1088.64,1140.17,1105.67,1175.69,1082.41,1093.44,1108.6,1083.8,1152.42,1136.56,1138.23,1073.83,1100.32,1079.77,1150.15,1047.88,1147.04,1116.61,1059.94,1159.63,1054.92,1101.95,1045.07,1171.49,1143.14,1097.22,1152.61,1017.27,1172.04,1097.23,764.872,0,0,0,0,0,0,0,0,0,0,0,0,0,0,0,0,0,0,0,0,0,0,0,0,0,0,0,0,0,0,0,0,0
0,0,0,0,0,0,0,0,0,0,0,0,0,0,0,0,0,0,0,0,0,0,0,0,0,0,0,0,0,0,0,0,0,760.103,990.741,1149.94,1090.8,1117.83,1103.8,1150.36,1147.58,1176.4,1258.07,1078.69,1112.88,1153.85,1101.3,1045.39,1117.25,1110.17,1125.55,1012.19,1109.37,1188.31,1161.05,992.798,1141.96,1129.26,1102.5,1135.57,1039.44,1086.41,1149.8,1033.29,1131,1143.61,731.145,0,0,0,0,0,0,0,0,0,0,0,0,0,0,0,0,0,0,0,0,0,0,0,0,0,0,0,0,0,0,0,0,0
0,0,0,0,0,0,0,0,0,0,0,0,0,0,0,0,0,0,0,0,0,0,0,0,0,0,0,0,0,0,0,0,0,728.074,1073.28,1099.68,1016.64,1073.56,1117.33,1179.52,1094.27,1086.99,964.463,1130.17,1105.01,1031.9,1039.01,1149.1,1001.45,1174.41,1030.87,1009.84,1114.67,1100.81,1054.35,1079.76,1070.73,1105.82,1066.92,1008.81,1060.49,1015.23,1135.56,1036.65,1051.5,1077.89,772.368,0,0,0,0,0,0,0,0,0,0,0,0,0,0,0,0,0,0,0,0,0,0,0,0,0,0,0,0,0,0,0,0,0
0,0,0,0,0,0,0,0,0,0,0,0,0,0,0,0,0,0,0,0,0,0,0,0,0,0,0,0,0,0,0,0,0,741.742,1207.57,1072.09,1104.63,1129.79,1001.32,1062.93,1108.29,1023.34,1070.79,1077.95,1063.27,987.088,1037.15,1075.84,1120.71,1046.57,1079.33,993,1040.16,1023.69,1003.84,1028.34,1038.91,1016.74,1020.05,1036.85,1015.59,940.683,1036.73,1078.64,1018.53,1018.98,716.993,0,0,0,0,0,0,0,0,0,0,0,0,0,0,0,0,0,0,0,0,0,0,0,0,0,0,0,0,0,0,0,0,0
0,0,0,0,0,0,0,0,0,0,0,0,0,0,0,0,0,0,0,0,0,0,0,0,0,0,0,0,0,0,0,0,0,631.796,988.659,1082.98,1092.76,1035.48,974.121,1039.06,1078.99,1028.29,969.602,978.827,1057.45,1082.51,985.54,1075.75,1089.51,1007.75,936.733,964.233,941.862,1024.03,1013.26,1031.86,988.001,973.086,996.826,1128.82,1062.41,980.772,1004.56,1047.08,982.572,1064.68,610.956,0,0,0,0,0,0,0,0,0,0,0,0,0,0,0,0,0,0,0,0,0,0,0,0,0,0,0,0,0,0,0,0,0
0,0,0,0,0,0,0,0,0,0,0,0,0,0,0,0,0,0,0,0,0,0,0,0,0,0,0,0,0,0,0,0,0,673.157,977.082,1058.34,1009.67,1083.9,1038.53,1011.76,1067.17,940.674,992.903,1084.37,949.438,983.146,1084.83,1049.52,1045.48,1011.88,1012.94,1008.58,1061.44,946.876,1048.91,1029.27,978.158,1050.21,948.194,1054.76,1058.57,1053.86,978.856,1097.88,1065.1,1027.42,628.701,0,0,0,0,0,0,0,0,0,0,0,0,0,0,0,0,0,0,0,0,0,0,0,0,0,0,0,0,0,0,0,0,0
0,0,0,0,0,0,0,0,0,0,0,0,0,0,0,0,0,0,0,0,0,0,0,0,0,0,0,0,0,0,0,0,0,661.447,1051.01,1031.26,1017.63,1010.68,967.167,1022.72,1023.99,1020.58,988.599,1016.94,1063.93,931.613,989.424,967.65,982.739,992.002,1051.62,988.693,1020.87,998.306,1036.88,1038.87,1107.59,973.531,1044.29,1142.52,931.982,924.244,1030.63,979.792,1055.89,1054.25,673.655,0,0,0,0,0,0,0,0,0,0,0,0,0,0,0,0,0,0,0,0,0,0,0,0,0,0,0,0,0,0,0,0,0
0,0,0,0,0,0,0,0,0,0,0,0,0,0,0,0,0,0,0,0,0,0,0,0,0,0,0,0,0,0,0,0,0,595.703,1009.04,978.622,1112.76,1022.84,1025.56,995.346,946.939,985.524,1017.48,1004.8,1009.25,1025.33,967.986,1031.28,972.575,991.725,931.963,891.744,1007.96,1021.16,969.668,951.431,938.526,1013.84,960.01,1060.64,1008.6,1002.69,999.027,979.168,996.87,982.916,623.217,0,0,0,0,0,0,0,0,0,0,0,0,0,0,0,0,0,0,0,0,0,0,0,0,0,0,0,0,0,0,0,0,0
0,0,0,0,0,0,0,0,0,0,0,0,0,0,0,0,0,0,0,0,0,0,0,0,0,0,0,0,0,0,0,0,0,622.134,936.026,1015.88,1013.23,932.915,924.961,949.323,963.733,999.274,969.437,998.069,985.914,1043.63,1041.48,1014.94,865.198,970.007,1033.62,964.265,1048.55,975.113,1000.22,892.985,1037.33,1002.19,966.79,986.958,983.286,966.191,982.253,971.405,1012.6,925.76,580.586,0,0,0,0,0,0,0,0,0,0,0,0,0,0,0,0,0,0,0,0,0,0,0,0,0,0,0,0,0,0,0,0,0
0,0,0,0,0,0,0,0,0,0,0,0,0,0,0,0,0,0,0,0,0,0,0,0,0,0,0,0,0,0,0,0,0,614.665,927.69,939.181,971.105,909.067,981.45,954.762,980.246,919.067,935.433,964.008,933.679,1002.29,930.92,1012.1,981.956,1009.6,945.686,951.928,934.039,991.077,961.311,965.977,961.945,860.912,915.997,1035.05,980.926,928.035,1021.01,966.995,937.098,1024.61,682.127,0,0,0,0,0,0,0,0,0,0,0,0,0,0,0,0,0,0,0,0,0,0,0,0,0,0,0,0,0,0,0,0,0
0,0,0,0,0,0,0,0,0,0,0,0,0,0,0,0,0,0,0,0,0,0,0,0,0,0,0,0,0,0,0,0,0,717.791,939.669,988.282,930.606,928.672,948.163,902.113,1008.95,1007.62,875.346,1029.42,955.192,886.815,953.803,982.645,961.103,961.227,912.003,1026.05,939.239,873.54,1025.94,829.066,928.986,1006.03,897.401,888.514,1001.86,965.423,920.363,986.688,998.125,902.491,555.17,0,0,0,0,0,0,0,0,0,0,0,0,0,0,0,0,0,0,0,0,0,0,0,0,0,0,0,0,0,0,0,0,0
0,0,0,0,0,0,0,0,0,0,0,0,0,0,0,0,0,0,0,0,0,0,0,0,0,0,0,0,0,0,0,0,0,669.586,961.226,861.058,938.779,895.538,920.733,954.174,1000.46,914.414,934.02,928.741,957.855,954.771,946.495,940.652,933.189,924.925,924.95,995.432,938.487,1002.85,981.147,942.654,934.392,890.198,970.395,937.282,948.672,827.491,944.337,988.721,943.683,799.644,610.605,0,0,0,0,0,0,0,0,0,0,0,0,0,0,0,0,0,0,0,0,0,0,0,0,0,0,0,0,0,0,0,0,0
0,0,0,0,0,0,0,0,0,0,0,0,0,0,0,0,0,0,0,0,0,0,0,0,0,0,0,0,0,0,0,0,0,614.054,985.607,910.72,998.942,892.636,890.832,940.422,902.792,922.809,949.864,927.545,893.454,880.08,856.479,947.235,899.581,974.884,916.597,908.531,866.761,828.167,892.038,980.782,843.56,960.677,942.063,865.002,894.745,814.938,890.897,922.12,943.232,923.187,528.522,0,0,0,0,0,0,0,0,0,0,0,0,0,0,0,0,0,0,0,0,0,0,0,0,0,0,0,0,0,0,0,0,0
0,0,0,0,0,0,0,0,0,0,0,0,0,0,0,0,0,0,0,0,0,0,0,0,0,0,0,0,0,0,0,0,0,630.02,899.819,942.505,940.359,831.935,940.349,979.182,887.043,903.982,838.338,888.076,830.426,863.167,907.768,773.337,828.863,897.994,890.228,942.507,964.844,869.013,927.672,926.377,921.073,843.694,844.552,955.812,879.606,917.926,908.983,944.33,840.996,887.25,584.897,0,0,0,0,0,0,0,0,0,0,0,0,0,0,0,0,0,0,0,0,0,0,0,0,0,0,0,0,0,0,0,0,0
0,0,0,0,0,0,0,0,0,0,0,0,0,0,0,0,0,0,0,0,0,0,0,0,0,0,0,0,0,0,0,0,0,627.775,905.72,859.629,849.585,893.087,893.524,868.26,870.555,971.396,927.467,907.009,884.079,895.477,876.605,889.752,914.743,950.902,879.066,926.558,911.407,872.146,886.919,843.144,860.908,916.75,928.504,816.97,877.914,838.53,934.915,876.842,869.263,840.842,632.509,0,0,0,0,0,0,0,0,0,0,0,0,0,0,0,0,0,0,0,0,0,0,0,0,0,0,0,0,0,0,0,0,0
0,0,0,0,0,0,0,0,0,0,0,0,0,0,0,0,0,0,0,0,0,0,0,0,0,0,0,0,0,0,0,0,0,543.134,845.881,860.537,838.537,880.581,826.692,940.894,941.085,875.821,859.908,892.238,953.551,903.77,883.121,833.334,881.337,733.28,806.749,830.656,917.461,898.049,943.155,806.86,861.594,797.147,893.857,841.851,776.157,810.11,866.988,903.768,898.862,875.072,551.778,0,0,0,0,0,0,0,0,0,0,0,0,0,0,0,0,0,0,0,0,0,0,0,0,0,0,0,0,0,0,0,0,0
0,0,0,0,0,0,0,0,0,0,0,0,0,0,0,0,0,0,0,0,0,0,0,0,0,0,0,0,0,0,0,0,0,525.154,860.406,873.94,815.106,817.234,885.781,833.162,897.417,935.782,809.588,854.574,839.134,830.152,903.67,822.937,865.457,755.269,775.785,866.014,883.901,948.12,895.46,846.106,771.433,907.854,899.77,798.279,862.863,862.733,863.08,904.382,822.704,846.649,609.978,0,0,0,0,0,0,0,0,0,0,0,0,0,0,0,0,0,0,0,0,0,0,0,0,0,0,0,0,0,0,0,0,0
0,0,0,0,0,0,0,0,0,0,0,0,0,0,0,0,0,0,0,0,0,0,0,0,0,0,0,0,0,0,0,0,0,567.777,798.502,926.454,800.929,925.314,778.098,840.037,815.16,772.099,802.017,868.157,927.886,849.027,798.543,848.569,855.698,828.12,828.956,807.092,873.753,777.275,790.995,848.357,853.6,880.555,855.117,815.015,914.489,850.754,809.032,839.991,854.397,872.795,578.925,0,0,0,0,0,0,0,0,0,0,0,0,0,0,0,0,0,0,0,0,0,0,0,0,0,0,0,0,0,0,0,0,0
0,0,0,0,0,0,0,0,0,0,0,0,0,0,0,0,0,0,0,0,0,0,0,0,0,0,0,0,0,0,0,0,0,513.526,877.457,816.147,845.557,900.614,828.876,805.255,835.631,798.633,856.459,853.578,845.94,891.969,909.119,819.942,824.615,840.566,804.472,827.751,810.745,851.652,842.741,836.172,829.897,865.311,863.946,864.136,799.288,838.462,920.691,794.572,849.704,800.811,614.949,0,0,0,0,0,0,0,0,0,0,0,0,0,0,0,0,0,0,0,0,0,0,0,0,0,0,0,0,0,0,0,0,0
0,0,0,0,0,0,0,0,0,0,0,0,0,0,0,0,0,0,0,0,0,0,0,0,0,0,0,0,0,0,0,0,0,564.301,802.063,850.604,813.547,826.804,852.484,848.891,835.088,777.495,840.963,822.599,828.744,892.773,787.16,772.212,818.531,882.93,815.033,849.129,856.271,834.801,921.549,845.027,772.153,804.497,829.963,819.811,824.147,789.458,853.167,794.312,783.308,854.585,479.516,0,0,0,0,0,0,0,0,0,0,0,0,0,0,0,0,0,0,0,0,0,0,0,0,0,0,0,0,0,0,0,0,0
0,0,0,0,0,0,0,0,0,0,0,0,0,0,0,0,0,0,0,0,0,0,0,0,0,0,0,0,0,0,0,0,0,512.357,843.58,865.087,773.214,761.685,815.355,767.406,861.753,869.49,847.502,784.361,843.572,738.07,859.703,876.401,848.771,834.849,783.064,785.597,833.921,799.417,802.29,738.014,785.822,945.145,841.218,801.544,954.143,880.671,827.724,822.781,821.299,806.469,502.861,0,0,0,0,0,0,0,0,0,0,0,0,0,0,0,0,0,0,0,0,0,0,0,0,0,0,0,0,0,0,0,0,0
0,0,0,0,0,0,0,0,0,0,0,0,0,0,0,0,0,0,0,0,0,0,0,0,0,0,0,0,0,0,0,0,0,594.706,789.39,710.244,821.376,850.638,743.778,795.292,748.727,757.569,788.401,817.182,765.367,827.245,789.37,831.657,753.682,799.43,837.097,858.944,754.413,752.762,845.589,839.266,773.51,772.166,833.808,839.131,802.858,809.265,780.636,745.644,744.68,744.318,558.738,0,0,0,0,0,0,0,0,0,0,0,0,0,0,0,0,0,0,0,0,0,0,0,0,0,0,0,0,0,0,0,0,0
0,0,0,0,0,0,0,0,0,0,0,0,0,0,0,0,0,0,0,0,0,0,0,0,0,0,0,0,0,0,0,0,0,474.294,823.303,810.737,778.25,831.301,816.516,735.982,816.691,830.362,842.323,768.162,807.558,784.723,766.207,759.993,708.269,806.073,828.686,790.945,754.609,729.751,822.346,790.241,863.696,798.163,876.428,845.928,749.015,700.218,883.747,828.678,793.643,828.938,535.165,0,0,0,0,0,0,0,0,0,0,0,0,0,0,0,0,0,0,0,0,0,0,0,0,0,0,0,0,0,0,0,0,0
0,0,0,0,0,0,0,0,0,0,0,0,0,0,0,0,0,0,0,0,0,0,0,0,0,0,0,0,0,0,0,0,0,525.489,746.155,782.148,797.988,775.565,834.588,741.949,750.096,710.576,820.811,746.199,816.583,791.142,718.46,748.505,874.356,813.277,773.354,656.51,737.497,835.573,766.524,785.079,826.51,830.305,716.491,815.299,768.382,750.736,756.033,750.802,791.684,707.475,475.722,0,0,0,0,0,0,0,0,0,0,0,0,0,0,0,0,0,0,0,0,0,0,0,0,0,0,0,0,0,0,0,0,0
0,0,0,0,0,0,0,0,0,0,0,0,0,0,0,0,0,0,0,0,0,0,0,0,0,0,0,0,0,0,0,0,0,515.952,716.534,741.61,747.532,756.071,784.015,788.959,822.524,781.477,734.136,706.873,751.497,747.932,831.238,753.694,785.349,725.103,766.79,776.7,756.728,837.567,695.561,706.148,857.763,735.575,835.847,813.299,776.638,766.391,761.378,730.77,786.852,759.364,483.947,0,0,0,0,0,0,0,0,0,0,0,0,0,0,0,0,0,0,0,0,0,0,0,0,0,0,0,0,0,0,0,0,0
0,0,0,0,0,0,0,0,0,0,0,0,0,0,0,0,0,0,0,0,0,0,0,0,0,0,0,0,0,0,0,0,0,474.05,730.187,828.577,751.672,767.558,748.052,723.393,707.015,747.166,732.005,813.383,705.067,717.381,760.122,741.128,681.695,747.494,710.777,725.014,815.25,763.545,706.642,764.319,730.155,741.074,807.12,766.889,759.772,791.859,793.931,803.662,757.596,736.572,529.032,0,0,0,0,0,0,0,0,0,0,0,0,0,0,0,0,0,0,0,0,0,0,0,0,0,0,0,0,0,0,0,0,0
0,0,0,0,0,0,0,0,0,0,0,0,0,0,0,0,0,0,0,0,0,0,0,0,0,0,0,0,0,0,0,0,0,500.582,734.022,713.892,707.074,747.545,819.825,751.018,685.024,751.932,796.162,771.985,784.948,683.745,822.449,847.071,757.562,730.908,748.217,745.994,688.534,832.213,810.012,781.862,806.249,804.404,751.637,752.839,691.158,722.583,780.63,798.678,684.933,672.043,467.703,0,0,0,0,0,0,0,0,0,0,0,0,0,0,0,0,0,0,0,0,0,0,0,0,0,0,0,0,0,0,0,0,0
0,0,0,0,0,0,0,0,0,0,0,0,0,0,0,0,0,0,0,0,0,0,0,0,0,0,0,0,0,0,0,0,0,516.968,690.801,624.276,733.611,740.262,773.339,775.571,684.214,731.434,741.73,795.573,784.19,769.166,699.754,755.536,718.112,656.924,813.583,781.681,720.119,702.035,765.468,725.432,745.472,788.056,657.286,717.372,714.168,822.594,711.369,690.695,745.701,752.677,506.296,0,0,0,0,0,0,0,0,0,0,0,0,0,0,0,0,0,0,0,0,0,0,0,0,0,0,0,0,0,0,0,0,0
0,0,0,0,0,0,0,0,0,0,0,0,0,0,0,0,0,0,0,0,0,0,0,0,0,0,0,0,0,0,0,0,0,433.207,734.86,731.466,804.055,726.901,802.574,690.758,776.909,683.042,728.493,732.196,739.98,741.479,675.037,729.071,735.993,687.986,706.772,749.306,696.626,728.071,682.478,687.28,709.165,710.694,685.463,722.989,747.368,784.504,781.628,759.214,703.415,761.066,470.342,0,0,0,0,0,0,0,0,0,0,0,0,0,0,0,0,0,0,0,0,0,0,0,0,0,0,0,0,0,0,0,0,0
0,0,0,0,0,0,0,0,0,0,0,0,0,0,0,0,0,0,0,0,0,0,0,0,0,0,0,0,0,0,0,0,0,484.858,679.368,746.432,702.672,677.584,729.108,730.619,750.727,672.143,720.196,705.681,726.231,721.554,664.084,683.725,620.124,666.344,627.449,691.268,697.447,647.94,681.848,763.502,678.324,717.272,734.641,747.86,732.445,733.803,626.858,726.556,681.427,699.721,478.124,0,0,0,0,0,0,0,0,0,0,0,0,0,0,0,0,0,0,0,0,0,0,0,0,0,0,0,0,0,0,0,0,0
0,0,0,0,0,0,0,0,0,0,0,0,0,0,0,0,0,0,0,0,0,0,0,0,0,0,0,0,0,0,0,0,0,500.348,720.655,695.658,788.944,671.856,725.688,633.019,656.324,710.953,706.377,671.574,714.095,802.949,679.398,662.367,690.103,719.006,744.039,661.021,727.053,662.443,674.089,699.119,787.433,803.234,647.596,668.034,722.688,668.94,617.204,766.062,709.295,702.524,426.258,0,0,0,0,0,0,0,0,0,0,0,0,0,0,0,0,0,0,0,0,0,0,0,0,0,0,0,0,0,0,0,0,0
0,0,0,0,0,0,0,0,0,0,0,0,0,0,0,0,0,0,0,0,0,0,0,0,0,0,0,0,0,0,0,0,0,453.613,688.152,674.451,699.38,695.189,721.68,654.224,648.19,674.028,693.429,659.156,638.769,677.052,724.023,693.994,687.7,684.283,671.776,652.085,674.36,707.269,725.016,732.888,670.942,733.647,698.253,713.111,750.753,605.776,697.933,692.21,661.199,652.537,455.473,0,0,0,0,0,0,0,0,0,0,0,0,0,0,0,0,0,0,0,0,0,0,0,0,0,0,0,0,0,0,0,0,0
0,0,0,0,0,0,0,0,0,0,0,0,0,0,0,0,0,0,0,0,0,0,0,0,0,0,0,0,0,0,0,0,0,415.68,693.378,736.411,583.807,727.106,718.411,721.02,683.565,724.814,680.768,752.858,613.206,727.789,693.169,706.414,734.366,595.938,664.026,695.669,713.003,666.103,714.571,643.751,744.542,614.248,716.804,689.162,640.333,649.125,671.386,654.806,609.806,615.422,489.676,0,0,0,0,0,0,0,0,0,0,0,0,0,0,0,0,0,0,0,0,0,0,0,0,0,0,0,0,0,0,0,0,0
0,0,0,0,0,0,0,0,0,0,0,0,0,0,0,0,0,0,0,0,0,0,0,0,0,0,0,0,0,0,0,0,0,448.382,753.153,664.977,671.672,638.428,629.374,596.171,726.302,741.211,703.489,654.85,691.13,667.817,661.85,689.132,737.766,674.196,666.575,640.463,681.873,705.687,655.278,756.455,652.574,675.427,680.489,691.354,713.475,651.952,686.56,667.568,639.122,717.312,428.256,0,0,0,0,0,0,0,0,0,0,0,0,0,0,0,0,0,0,0,0,0,0,0,0,0,0,0,0,0,0,0,0,0
0,0,0,0,0,0,0,0,0,0,0,0,0,0,0,0,0,0,0,0,0,0,0,0,0,0,0,0,0,0,0,0,0,428.402,609.186,643.516,635.863,572.351,717.955,594.423,630.605,648.179,568.38,647.159,634.298,686.242,686.533,606.617,589.2,591.677,720.743,633.822,650.53,686.441,594.952,685.43,718.37,681.741,622.807,714.128,632.865,664.963,683.222,742.6,651.601,676.186,486.455,0,0,0,0,0,0,0,0,0,0,0,0,0,0,0,0,0,0,0,0,0,0,0,0,0,0,0,0,0,0,0,0,0
0,0,0,0,0,0,0,0,0,0,0,0,0,0,0,0,0,0,0,0,0,0,0,0,0,0,0,0,0,0,0,0,0,417.948,662.112,645.363,707.802,650.617,604.291,626.87,612.83,678.233,642.212,639.363,625.253,656.786,638.565,639.26,665.458,708.269,612.231,691.497,698.351,653.117,688.753,692.465,630.962,616.028,632.949,598.569,649.497,612.429,635.319,658.127,675.507,612.99,403.241,0,0,0,0,0,0,0,0,0,0,0,0,0,0,0,0,0,0,0,0,0,0,0,0,0,0,0,0,0,0,0,0,0
0,0,0,0,0,0,0,0,0,0,0,0,0,0,0,0,0,0,0,0,0,0,0,0,0,0,0,0,0,0,0,0,0,477.328,621.899,682.323,621.541,579.533,694.239,652.673,697.395,679.344,661.875,648.793,568.214,621.107,681.205,675.487,729.306,660.88,638.083,614.594,661.303,619.77,676.954,667.008,677.902,636.572,634.746,594.001,657.782,629.46,652.944,641.594,628.406,636.125,390.007,0,0,0,0,0,0,0,0,0,0,0,0,0,0,0,0,0,0,0,0,0,0,0,0,0,0,0,0,0,0,0,0,0
0,0,0,0,0,0,0,0,0,0,0,0,0,0,0,0,0,0,0,0,0,0,0,0,0,0,0,0,0,0,0,0,0,390.136,715.678,610.639,658.655,679.126,634.481,614.742,616.744,621.914,632,648.056,654.619,608.825,641.16,665.958,642.838,574.557,601.944,687.448,664.913,609.693,647.776,580.053,654.425,627.094,638.516,627.974,635.244,639.938,545.74,656.44,662.767,670.349,386.519,0,0,0,0,0,0,0,0,0,0,0,0,0,0,0,0,0,0,0,0,0,0,0,0,0,0,0,0,0,0,0,0,0
0,0,0,0,0,0,0,0,0,0,0,0,0,0,0,0,0,0,0,0,0,0,0,0,0,0,0,0,0,0,0,0,0,404.615,604.551,653.364,678.994,596.964,636.311,648.402,617.433,643.124,633.93,659.783,556.535,590.835,658.638,668.658,655.458,611.799,597.724,604.978,604.366,580.851,667.987,679.121,613.917,626.155,603.008,620.218,654.661,662.037,588.573,675.642,549.401,619.632,384.393,0,0,0,0,0,0,0,0,0,0,0,0,0,0,0,0,0,0,0,0,0,0,0,0,0,0,0,0,0,0,0,0,0
0,0,0,0,0,0,0,0,0,0,0,0,0,0,0,0,0,0,0,0,0,0,0,0,0,0,0,0,0,0,0,0,0,444.461,613.552,655.089,577.181,581.594,645.202,613.909,556.462,598.829,672.162,647.228,621.493,630.713,570.272,637.697,628.307,636.429,555.94,587.339,621.425,575.155,608.739,624.5,606.212,643.111,594.224,573.275,554.881,629.889,698.364,582.816,691.53,585.233,408.069,0,0,0,0,0,0,0,0,0,0,0,0,0,0,0,0,0,0,0,0,0,0,0,0,0,0,0,0,0,0,0,0,0
0,0,0,0,0,0,0,0,0,0,0,0,0,0,0,0,0,0,0,0,0,0,0,0,0,0,0,0,0,0,0,0,0,368.496,664.103,566.088,551.822,607.436,630.712,575.101,573.898,636.865,596.118,642.432,538.381,574.573,668.862,651.325,643.129,616.168,628.437,586.033,570.884,595.617,562.41,672.428,616.904,542.683,600.718,630.741,554.02,536.501,638.818,555.638,652.98,588.236,434.714,0,0,0,0,0,0,0,0,0,0,0,0,0,0,0,0,0,0,0,0,0,0,0,0,0,0,0,0,0,0,0,0,0
0,0,0,0,0,0,0,0,0,0,0,0,0,0,0,0,0,0,0,0,0,0,0,0,0,0,0,0,0,0,0,0,0,374.429,586.047,606.926,637.151,598.8,662.389,548.938,608.947,595.398,610.197,566.297,605.86,637.632,591.67,558,647.394,544.676,660.366,546.2,552.818,628.802,583.318,626.197,575.561,654.512,620.165,519.901,616.765,540.172,570.852,593.046,538.122,595.193,407.142,0,0,0,0,0,0,0,0,0,0,0,0,0,0,0,0,0,0,0,0,0,0,0,0,0,0,0,0,0,0,0,0,0
0,0,0,0,0,0,0,0,0,0,0,0,0,0,0,0,0,0,0,0,0,0,0,0,0,0,0,0,0,0,0,0,0,423.618,586.228,626.054,513.137,582.51,554.087,553.889,557.101,558.264,655.204,598.45,544.32,514.919,628.292,615.384,631.066,572.764,605.852,682.351,633.501,651.244,551.674,580.176,550.368,616.89,574.381,587.938,545.595,604.834,585.238,626.822,569.502,648.657,368.077,0,0,0,0,0,0,0,0,0,0,0,0,0,0,0,0,0,0,0,0,0,0,0,0,0,0,0,0,0,0,0,0,0
0,0,0,0,0,0,0,0,0,0,0,0,0,0,0,0,0,0,0,0,0,0,0,0,0,0,0,0,0,0,0,0,0,431.087,621.841,486.143,605.216,569.718,573.35,552.99,608.168,609.17,630.389,582.153,563.594,613.824,562.525,567.33,543.397,574.172,540.953,573.01,561.781,597.634,559.307,589.962,515.173,531.425,648.307,579.277,544.522,537.446,609.769,546.808,593.147,557.818,345.883,0,0,0,0,0,0,0,0,0,0,0,0,0,0,0,0,0,0,0,0,0,0,0,0,0,0,0,0,0,0,0,0,0
0,0,0,0,0,0,0,0,0,0,0,0,0,0,0,0,0,0,0,0,0,0,0,0,0,0,0,0,0,0,0,0,0,412.254,543.412,544.679,565.74,525.213,587.207,518.347,542.073,494.731,557.995,598.749,543.289,538.314,547.529,541.242,560.049,554.028,551.791,600.282,586.462,602.28,530.369,548.471,505.55,574.802,518.623,577.685,562.134,575.178,613.55,584.237,595.678,595.255,472.201,0,0,0,0,0,0,0,0,0,0,0,0,0,0,0,0,0,0,0,0,0,0,0,0,0,0,0,0,0,0,0,0,0
0,0,0,0,0,0,0,0,0,0,0,0,0,0,0,0,0,0,0,0,0,0,0,0,0,0,0,0,0,0,0,0,0,394.235,592.789,520.205,581.32,510.198,639,535.429,523.494,563.514,553.113,535.43,530.503,568.325,573.595,618.02,529.898,543.781,528.067,601.419,534.534,632.844,563.8,521.731,584.565,604.559,549.907,517.933,505.068,544.497,524.547,546.862,450.961,590.015,395.723,0,0,0,0,0,0,0,0,0,0,0,0,0,0,0,0,0,0,0,0,0,0,0,0,0,0,0,0,0,0,0,0,0
0,0,0,0,0,0,0,0,0,0,0,0,0,0,0,0,0,0,0,0,0,0,0,0,0,0,0,0,0,0,0,0,0,299.02,568.793,577.949,532.446,566.325,605.108,599.216,545.952,536.784,564.168,554.368,634.126,567.393,596.498,565.781,548.159,556.342,552.58,528.943,483.885,553.752,548.294,551.969,573.272,579.322,618.279,621.065,564.214,571.967,591.333,567.443,603.13,505.805,335.721,0,0,0,0,0,0,0,0,0,0,0,0,0,0,0,0,0,0,0,0,0,0,0,0,0,0,0,0,0,0,0,0,0
0,0,0,0,0,0,0,0,0,0,0,0,0,0,0,0,0,0,0,0,0,0,0,0,0,0,0,0,0,0,0,0,0,383.579,460.952,497.678,539.868,531.069,542.579,531.917,570.699,584.708,554.373,523.061,516.549,572.059,618.105,578.493,566.509,520.872,565.244,528.727,536.746,476.259,489.83,539.017,602.559,506.905,507.486,544.682,575.712,582.384,486.623,575.366,582.215,524.593,351.279,0,0,0,0,0,0,0,0,0,0,0,0,0,0,0,0,0,0,0,0,0,0,0,0,0,0,0,0,0,0,0,0,0
0,0,0,0,0,0,0,0,0,0,0,0,0,0,0,0,0,0,0,0,0,0,0,0,0,0,0,0,0,0,0,0,0,367.998,459.845,480.268,564.48,538.754,561.546,554.006,528.142,566.733,577.27,497.985,483.494,551.847,514.016,520.361,570.3,625.512,508.647,494.302,567.818,549.515,577.23,549.562,554.088,504.74,485.675,573.487,521.778,548.854,489.221,625.873,530.881,546.068,377.161,0,0,0,0,0,0,0,0,0,0,0,0,0,0,0,0,0,0,0,0,0,0,0,0,0,0,0,0,0,0,0,0,0
0,0,0,0,0,0,0,0,0,0,0,0,0,0,0,0,0,0,0,0,0,0,0,0,0,0,0,0,0,0,0,0,0,321.827,574.031,553.515,540.988,572.493,481.648,527.966,522.583,478.053,525.883,524.802,585.482,507.05,555.518,557.463,536.999,568.529,521.694,509.045,582.425,527.134,460.576,520.205,544.779,483.467,470.188,469.988,559.359,634.49,485.237,528.978,533.573,545.296,330.98,0,0,0,0,0,0,0,0,0,0,0,0,0,0,0,0,0,0,0,0,0,0,0,0,0,0,0,0,0,0,0,0,0
0,0,0,0,0,0,0,0,0,0,0,0,0,0,0,0,0,0,0,0,0,0,0,0,0,0,0,0,0,0,0,0,0,386.29,569.693,471.129,502.225,536.944,485.873,495.321,493.168,581.914,587.295,546.667,516.604,512.98,545.69,605.712,543.966,602.371,548.824,521.735,558.873,509.491,554.768,446.483,569.075,607.574,505.814,533.19,517.38,481.255,533.859,473.865,563.652,435.436,372.13,0,0,0,0,0,0,0,0,0,0,0,0,0,0,0,0,0,0,0,0,0,0,0,0,0,0,0,0,0,0,0,0,0
0,0,0,0,0,0,0,0,0,0,0,0,0,0,0,0,0,0,0,0,0,0,0,0,0,0,0,0,0,0,0,0,0,323.483,535.896,509.635,501.091,540.148,499.82,521.275,520.774,475.146,483.32,490.172,458.492,511.49,516.593,517.324,492.342,501.502,488.899,541.61,502.387,502.571,506.141,494.21,505.546,481.971,579.304,492.097,507.664,502.328,545.412,528.173,564.809,452.646,378.957,0,0,0,0,0,0,0,0,0,0,0,0,0,0,0,0,0,0,0,0,0,0,0,0,0,0,0,0,0,0,0,0,0
0,0,0,0,0,0,0,0,0,0,0,0,0,0,0,0,0,0,0,0,0,0,0,0,0,0,0,0,0,0,0,0,0,341.469,480.496,523.361,543.006,478.247,507.063,441.892,488.272,481.939,555.654,537.193,473.872,439.459,409.673,522.493,499.506,533.824,471.989,545.343,494.167,473.767,457.655,414.498,533.325,448.607,575.661,455.339,566.374,507.568,511.89,480.393,441.797,451.621,352.322,0,0,0,0,0,0,0,0,0,0,0,0,0,0,0,0,0,0,0,0,0,0,0,0,0,0,0,0,0,0,0,0,0
0,0,0,0,0,0,0,0,0,0,0,0,0,0,0,0,0,0,0,0,0,0,0,0,0,0,0,0,0,0,0,0,0,318.954,505.867,475.031,472.208,503.45,521.957,479.46,464.13,532.345,480.265,442.292,488.292,445.571,464.154,411.525,493.553,437.845,482.985,492.364,507.728,484.615,526.903,458.738,414.186,491.221,484.428,548.137,490.33,485.027,510.559,498.543,485.838,481.415,380.519,0,0,0,0,0,0,0,0,0,0,0,0,0,0,0,0,0,0,0,0,0,0,0,0,0,0,0,0,0,0,0,0,0
0,0,0,0,0,0,0,0,0,0,0,0,0,0,0,0,0,0,0,0,0,0,0,0,0,0,0,0,0,0,0,0,0,337.576,482.823,461.107,468.258,549.428,474.837,469.682,531.107,488.136,462.505,522.121,442.734,438.845,505.504,480.801,555.532,483.387,450.109,489.131,488.817,518.174,536.564,547.887,501.809,483.08,518.376,494.47,500.208,487.829,513.507,469.403,407.309,470.89,303.807,0,0,0,0,0,0,0,0,0,0,0,0,0,0,0,0,0,0,0,0,0,0,0,0,0,0,0,0,0,0,0,0,0
0,0,0,0,0,0,0,0,0,0,0,0,0,0,0,0,0,0,0,0,0,0,0,0,0,0,0,0,0,0,0,0,0,344.472,505.927,525.993,487.744,465.436,505.368,419.779,551.33,473.637,459.561,544.471,527.162,480.39,501.889,482.33,518.194,425.764,490.318,515.719,499.428,456.402,483.399,498.919,421.55,485.199,553.628,441.164,449.526,446.225,504.11,507.316,554.003,414.174,299.002,0,0,0,0,0,0,0,0,0,0,0,0,0,0,0,0,0,0,0,0,0,0,0,0,0,0,0,0,0,0,0,0,0
0,0,0,0,0,0,0,0,0,0,0,0,0,0,0,0,0,0,0,0,0,0,0,0,0,0,0,0,0,0,0,0,0,322.086,484.028,477.982,494.223,441.015,536.164,487.243,478.736,519.748,506.54,510.629,484.944,485.014,509.474,518.946,427.593,462.246,500.781,489.923,481.193,425.528,429.595,464.686,460.331,510.764,454.507,529.723,507.104,517.176,466.175,510.69,498.421,511.689,321.059,0,0,0,0,0,0,0,0,0,0,0,0,0,0,0,0,0,0,0,0,0,0,0,0,0,0,0,0,0,0,0,0,0
0,0,0,0,0,0,0,0,0,0,0,0,0,0,0,0,0,0,0,0,0,0,0,0,0,0,0,0,0,0,0,0,0,319.18,442.51,498.533,484.519,490.192,408.166,424.771,455.166,487.85,543.639,504.854,427.534,445.481,439.88,461.987,473.284,421.086,412.198,467.719,417.775,456.229,390.884,470.771,479.606,459.345,475.286,426.804,496.739,415.642,425.292,533.266,489.135,480.381,292.12,0,0,0,0,0,0,0,0,0,0,0,0,0,0,0,0,0,0,0,0,0,0,0,0,0,0,0,0,0,0,0,0,0
0,0,0,0,0,0,0,0,0,0,0,0,0,0,0,0,0,0,0,0,0,0,0,0,0,0,0,0,0,0,0,0,0,322.778,509.782,471.285,455.152,510.112,414.335,493.268,493.605,492.714,442.387,413.262,480.186,421.601,477.734,430.481,460.969,491.468,442.325,436.151,458.028,560.374,426.495,473.931,437.47,468.535,498.026,501.895,501.348,471.882,467.704,424.956,439.552,547.032,336.577,0,0,0,0,0,0,0,0,0,0,0,0,0,0,0,0,0,0,0,0,0,0,0,0,0,0,0,0,0,0,0,0,0
0,0,0,0,0,0,0,0,0,0,0,0,0,0,0,0,0,0,0,0,0,0,0,0,0,0,0,0,0,0,0,0,0,277.251,458.37,489.631,450.699,458.243,422.321,479.477,469.435,468.423,489.877,448.756,474.324,459.118,443.083,457.487,456.374,438.708,460.692,429.616,500.281,406.609,487.046,489.521,511.594,483.887,466.063,457.153,447.055,480.333,474.798,467.599,458.725,383.312,330.9,0,0,0,0,0,0,0,0,0,0,0,0,0,0,0,0,0,0,0,0,0,0,0,0,0,0,0,0,0,0,0,0,0
0,0,0,0,0,0,0,0,0,0,0,0,0,0,0,0,0,0,0,0,0,0,0,0,0,0,0,0,0,0,0,0,0,292.956,434.603,419.193,463.571,434.145,462.605,507.376,519.125,435.333,506.614,507.011,390.985,467.066,468.288,426.613,435.293,455.322,500.754,472.175,438.766,501.867,448.212,489.93,450.49,453.914,448.022,439.769,409.315,389.034,472.252,443.492,445.929,435.698,325.333,0,0,0,0,0,0,0,0,0,0,0,0,0,0,0,0,0,0,0,0,0,0,0,0,0,0,0,0,0,0,0,0,0
0,0,0,0,0,0,0,0,0,0,0,0,0,0,0,0,0,0,0,0,0,0,0,0,0,0,0,0,0,0,0,0,0,242.295,453.959,453.77,499.85,405.76,438.333,405.216,444.949,403.33,433.623,452.98,416.569,421.478,462.201,400.485,455.211,405.904,424.711,404.973,446.205,446.02,503.871,509.552,474.195,471.181,411.53,490.658,480.39,436.648,431.091,448.883,416.404,412.86,252.623,0,0,0,0,0,0,0,0,0,0,0,0,0,0,0,0,0,0,0,0,0,0,0,0,0,0,0,0,0,0,0,0,0
0,0,0,0,0,0,0,0,0,0,0,0,0,0,0,0,0,0,0,0,0,0,0,0,0,0,0,0,0,0,0,0,0,268.874,375.829,466.841,472.441,438.059,426.023,478.975,429.246,468.905,409.397,404.938,478.13,498.874,464.157,415.321,414.498,423.192,417.998,376.088,456.001,438.838,478.646,387.289,434.524,454.617,402.732,397.795,482.385,437.89,435.915,455.117,444.293,391.978,264.507,0,0,0,0,0,0,0,0,0,0,0,0,0,0,0,0,0,0,0,0,0,0,0,0,0,0,0,0,0,0,0,0,0
0,0,0,0,0,0,0,0,0,0,0,0,0,0,0,0,0,0,0,0,0,0,0,0,0,0,0,0,0,0,0,0,0,273.352,434.722,431.844,424.598,444.28,425.912,402.998,494.663,418.667,472.872,437.454,358.735,419.265,431.941,477.783,450.89,429.58,480.334,477.114,475.148,387.335,403.837,441.14,378.608,443.98,408.037,426.188,416.397,364.366,429.896,435.263,429.837,402.379,280.406,0,0,0,0,0,0,0,0,0,0,0,0,0,0,0,0,0,0,0,0,0,0,0,0,0,0,0,0,0,0,0,0,0
0,0,0,0,0,0,0,0,0,0,0,0,0,0,0,0,0,0,0,0,0,0,0,0,0,0,0,0,0,0,0,0,0,269.929,410.046,416.498,406.184,410.25,441.528,441.821,442.156,398.304,418.871,462.235,419.172,444.259,455.384,398.875,473.483,421.304,444.266,391.389,402.661,418.117,461.693,469.453,382.634,418.129,370.006,432.423,435.787,441.193,415.668,464.373,466.201,477.833,264.786,0,0,0,0,0,0,0,0,0,0,0,0,0,0,0,0,0,0,0,0,0,0,0,0,0,0,0,0,0,0,0,0,0
0,0,0,0,0,0,0,0,0,0,0,0,0,0,0,0,0,0,0,0,0,0,0,0,0,0,0,0,0,0,0,0,0,263.596,434.52,467.538,406.789,459.37,418.673,428.909,386.612,373.121,401.526,476.696,389.217,448.856,418.897,378.028,432.534,432.782,390.03,402.335,350.216,381.375,412.065,460.864,412.676,377.574,395.2,402.239,431.736,434.041,413.647,457.382,480.123,425.933,314.222,0,0,0,0,0,0,0,0,0,0,0,0,0,0,0,0,0,0,0,0,0,0,0,0,0,0,0,0,0,0,0,0,0
0,0,0,0,0,0,0,0,0,0,0,0,0,0,0,0,0,0,0,0,0,0,0,0,0,0,0,0,0,0,0,0,0,281.121,388.86,412.525,391.512,440.448,395.752,444.539,415.412,421.046,456.592,402.16,439.008,447.141,417.379,384.266,366.437,423.981,452.942,428.062,477.587,422.403,374.102,445.732,374.799,375.226,361.571,352.208,444.292,384.173,397.325,400.085,350.904,482.446,295.008,0,0,0,0,0,0,0,0,0,0,0,0,0,0,0,0,0,0,0,0,0,0,0,0,0,0,0,0,0,0,0,0,0
0,0,0,0,0,0,0,0,0,0,0,0,0,0,0,0,0,0,0,0,0,0,0,0,0,0,0,0,0,0,0,0,0,267.794,433.788,424.617,333.865,451.206,384.471,383.982,415.672,368.41,470.299,394.15,388.578,441.661,389.746,406.598,448.981,457.142,344.59,409.839,380.026,468.471,372.607,462.085,470.882,421.523,384.614,445.394,427.147,432.366,420.936,402.121,455.869,413.944,306.803,0,0,0,0,0,0,0,0,0,0,0,0,0,0,0,0,0,0,0,0,0,0,0,0,0,0,0,0,0,0,0,0,0
0,0,0,0,0,0,0,0,0,0,0,0,0,0,0,0,0,0,0,0,0,0,0,0,0,0,0,0,0,0,0,0,0,249.598,423.325,386.167,332.699,380.543,409.786,437.842,450.975,442.398,411.568,376.185,397.456,395.34,374.627,387.551,420.867,398.802,418.789,398.169,419.586,435.062,446.678,464.02,468.914,400.098,404.297,357.682,441.488,350.697,444.423,447.34,396.623,474.066,277.784,0,0,0,0,0,0,0,0,0,0,0,0,0,0,0,0,0,0,0,0,0,0,0,0,0,0,0,0,0,0,0,0,0
0,0,0,0,0,0,0,0,0,0,0,0,0,0,0,0,0,0,0,0,0,0,0,0,0,0,0,0,0,0,0,0,0,234.495,409.229,373.342,429.331,428.983,395.827,365.272,428.818,397.221,367.23,418.704,343.924,363.045,383.894,428.817,420.327,428.436,342.255,423.319,430.344,382.623,413.449,424.781,342.434,399.358,401.005,410.426,408.478,400.782,370.532,356.196,394.298,368.889,257.02,0,0,0,0,0,0,0,0,0,0,0,0,0,0,0,0,0,0,0,0,0,0,0,0,0,0,0,0,0,0,0,0,0
0,0,0,0,0,0,0,0,0,0,0,0,0,0,0,0,0,0,0,0,0,0,0,0,0,0,0,0,0,0,0,0,0,276.164,386.121,377.274,453.669,401.523,386.812,415.969,395.428,411.404,378.198,445.131,384.69,432.208,387.408,386.15,368.255,398.654,410.488,360.134,410.655,425.095,455.83,430.408,322.981,412.971,409.774,341.129,347.08,369.976,339.093,420.294,345.534,351.948,273.964,0,0,0,0,0,0,0,0,0,0,0,0,0,0,0,0,0,0,0,0,0,0,0,0,0,0,0,0,0,0,0,0,0
0,0,0,0,0,0,0,0,0,0,0,0,0,0,0,0,0,0,0,0,0,0,0,0,0,0,0,0,0,0,0,0,0,216.618,380.513,388.604,375.482,344.381,355.861,351.673,370.192,409.18,426.964,391.163,354.57,353.751,366.043,338.8,398.485,378.068,369.137,466.303,389.168,347.306,449.386,439.78,406.219,425.868,420.636,399.889,473.138,351.915,401.032,365.364,347.128,362.663,256.68,0,0,0,0,0,0,0,0,0,0,0,0,0,0,0,0,0,0,0,0,0,0,0,0,0,0,0,0,0,0,0,0,0
0,0,0,0,0,0,0,0,0,0,0,0,0,0,0,0,0,0,0,0,0,0,0,0,0,0,0,0,0,0,0,0,0,287.989,366.213,336.622,347.413,380.135,372.44,326.499,388.576,365.102,354.941,430.753,378.621,362.12,373.753,359.914,341.111,436.986,421.096,358.081,415.492,366.412,368.315,364.308,369.532,356.594,385.398,422.141,379.896,390.087,371.003,324.121,334.496,368.154,237.254,0,0,0,0,0,0,0,0,0,0,0,0,0,0,0,0,0,0,0,0,0,0,0,0,0,0,0,0,0,0,0,0,0
0,0,0,0,0,0,0,0,0,0,0,0,0,0,0,0,0,0,0,0,0,0,0,0,0,0,0,0,0,0,0,0,0,265.155,417.21,374.182,388.102,334.145,398.94,306.736,371.707,410.338,366.855,336.928,380.816,364.345,329.976,367.42,403.15,355.763,405.508,369.951,352.025,355.707,361.198,401.876,377.699,350.918,401.583,383.803,374.716,377.134,371.148,367.121,391.984,309.79,242.918,0,0,0,0,0,0,0,0,0,0,0,0,0,0,0,0,0,0,0,0,0,0,0,0,0,0,0,0,0,0,0,0,0
0,0,0,0,0,0,0,0,0,0,0,0,0,0,0,0,0,0,0,0,0,0,0,0,0,0,0,0,0,0,0,0,0,237.432,377.141,345.992,355.359,360.955,354.84,360.96,380.087,393.581,325.934,370.9,323.098,399.796,347.524,363.044,399.435,332.465,411.659,369.776,367.99,419.013,396.448,306.1,333.051,385.232,392.167,366.847,361.741,316.854,404.266,379.365,330.447,373.571,213.875,0,0,0,0,0,0,0,0,0,0,0,0,0,0,0,0,0,0,0,0,0,0,0,0,0,0,0,0,0,0,0,0,0
0,0,0,0,0,0,0,0,0,0,0,0,0,0,0,0,0,0,0,0,0,0,0,0,0,0,0,0,0,0,0,0,0,224.322,363.98,351.145,390.748,341.172,390.269,346.92,354.505,359.103,407.615,299.796,366.718,373.827,372.219,342.805,412.002,395.315,403.079,368.454,333.823,369.173,425.819,451.454,403.715,404.851,375.349,345.706,405.753,349.593,323.199,337.394,341.494,340.794,261.439,0,0,0,0,0,0,0,0,0,0,0,0,0,0,0,0,0,0,0,0,0,0,0,0,0,0,0,0,0,0,0,0,0
0,0,0,0,0,0,0,0,0,0,0,0,0,0,0,0,0,0,0,0,0,0,0,0,0,0,0,0,0,0,0,0,0,278.119,401.048,423.195,380.831,377.514,346.056,365.643,334.362,360.443,382.228,383.083,320.268,419.661,349.972,337.069,359.033,313.406,326.069,369.011,400.377,381.695,371.243,349.422,351.294,373.025,392.915,322.333,420.439,379.843,367.403,372.455,384.885,433.091,258.583,0,0,0,0,0,0,0,0,0,0,0,0,0,0,0,0,0,0,0,0,0,0,0,0,0,0,0,0,0,0,0,0,0
0,0,0,0,0,0,0,0,0,0,0,0,0,0,0,0,0,0,0,0,0,0,0,0,0,0,0,0,0,0,0,0,0,253.663,349.647,376.441,327.075,396.347,362.678,316.509,318.023,364.563,344.206,362.841,386.889,321.965,339.777,344.4,301.019,360.661,350.346,405.873,317.966,375.015,358.836,321.598,379.546,344.471,356.468,324.493,366.504,334.92,322.707,334.563,338.397,383.612,272.882,0,0,0,0,0,0,0,0,0,0,0,0,0,0,0,0,0,0,0,0,0,0,0,0,0,0,0,0,0,0,0,0,0
0,0,0,0,0,0,0,0,0,0,0,0,0,0,0,0,0,0,0,0,0,0,0,0,0,0,0,0,0,0,0,0,0,266.632,376.132,319.765,353.331,361.743,332.331,294.399,324.399,410.335,366.725,316.879,363.324,326.917,358.615,339.259,319.84,405.285,345.846,349.157,355.318,357.934,343.667,325.958,327.621,346.082,360.481,340.496,343.834,365.157,311.505,311.842,341.458,339.584,211.98,0,0,0,0,0,0,0,0,0,0,0,0,0,0,0,0,0,0,0,0,0,0,0,0,0,0,0,0,0,0,0,0,0
0,0,0,0,0,0,0,0,0,0,0,0,0,0,0,0,0,0,0,0,0,0,0,0,0,0,0,0,0,0,0,0,0,261.516,342.452,342.28,339.03,268.439,328.987,357.163,375.778,285.817,392.1,356.942,296.867,357.455,376.497,303.939,361.049,373.306,404.981,314.426,321.515,345.176,393.895,357.55,364.171,340.334,333.933,374.976,379.402,307.564,345.239,297.782,303.504,346.782,250.692,0,0,0,0,0,0,0,0,0,0,0,0,0,0,0,0,0,0,0,0,0,0,0,0,0,0,0,0,0,0,0,0,0
0,0,0,0,0,0,0,0,0,0,0,0,0,0,0,0,0,0,0,0,0,0,0,0,0,0,0,0,0,0,0,0,0,202.862,353.729,381.112,354.269,274.943,322.898,370.486,356.552,302.875,274.756,358.587,385.611,339.136,310.153,333.609,354.556,339.646,392.817,359.12,278.487,294.903,321.823,339.428,315.075,365.666,268.739,382.211,299.913,390.432,338.66,332.135,299.85,360.694,220.977,0,0,0,0,0,0,0,0,0,0,0,0,0,0,0,0,0,0,0,0,0,0,0,0,0,0,0,0,0,0,0,0,0
0,0,0,0,0,0,0,0,0,0,0,0,0,0,0,0,0,0,0,0,0,0,0,0,0,0,0,0,0,0,0,0,0,200.554,352.052,345.174,327.651,386.556,320.136,338.185,331.33,292.108,322.236,275.027,318.527,262.249,278.045,304.46,321.836,311.687,304.955,296.296,307.894,328.712,370.626,313.41,341.069,349.822,335.971,322.067,360.539,362.06,318.628,374.875,337.616,324.985,249.264,0,0,0,0,0,0,0,0,0,0,0,0,0,0,0,0,0,0,0,0,0,0,0,0,0,0,0,0,0,0,0,0,0
0,0,0,0,0,0,0,0,0,0,0,0,0,0,0,0,0,0,0,0,0,0,0,0,0,0,0,0,0,0,0,0,0,214.179,347.646,368.822,349.599,296.263,290.834,320.351,293.169,310.522,332.809,315.767,346.162,346.943,374.826,339.504,319.936,314.78,341.13,297.282,302.874,324.237,357.289,323.205,320.936,322.928,345.869,302.605,300.331,335.669,346.873,316.324,304.613,351.551,172.09,0,0,0,0,0,0,0,0,0,0,0,0,0,0,0,0,0,0,0,0,0,0,0,0,0,0,0,0,0,0,0,0,0
0,0,0,0,0,0,0,0,0,0,0,0,0,0,0,0,0,0,0,0,0,0,0,0,0,0,0,0,0,0,0,0,0,222.238,299.251,337.402,321.571,303.977,429.767,284.158,326.215,328.912,313.446,269.828,317.929,362.238,351.654,309.782,339.288,298.437,332.063,299.777,290.523,315.389,304.849,330.091,362.878,302.097,334.91,336.889,283.349,317.93,292.886,363.57,300.958,299.335,204.576,0,0,0,0,0,0,0,0,0,0,0,0,0,0,0,0,0,0,0,0,0,0,0,0,0,0,0,0,0,0,0,0,0
0,0,0,0,0,0,0,0,0,0,0,0,0,0,0,0,0,0,0,0,0,0,0,0,0,0,0,0,0,0,0,0,0,216.68,336.096,377.273,341.584,329.658,314.872,295.498,333.232,290.845,301.818,299.861,290.653,390.271,277.592,389.961,310.822,320.711,324.431,316.839,304.566,253.609,389.353,322.611,382.227,361.732,294.917,303.093,304.505,353.695,285.543,375.951,364.076,312.447,227.99,0,0,0,0,0,0,0,0,0,0,0,0,0,0,0,0,0,0,0,0,0,0,0,0,0,0,0,0,0,0,0,0,0
0,0,0,0,0,0,0,0,0,0,0,0,0,0,0,0,0,0,0,0,0,0,0,0,0,0,0,0,0,0,0,0,0,191.359,336.428,347.952,288.763,336.391,230.842,364.266,335.091,266.673,294.775,349.651,324.275,249.813,306.608,361.054,282.705,303.784,279.682,319.104,304.671,320.218,299.259,311.464,320.47,289.568,340.145,371.702,323.268,325.841,297.282,317.028,284.09,279.116,224.053,0,0,0,0,0,0,0,0,0,0,0,0,0,0,0,0,0,0,0,0,0,0,0,0,0,0,0,0,0,0,0,0,0
0,0,0,0,0,0,0,0,0,0,0,0,0,0,0,0,0,0,0,0,0,0,0,0,0,0,0,0,0,0,0,0,0,220.393,318.687,350.874,271.729,324.651,334.439,290.087,279.53,322.718,285.922,352.449,278.781,340.446,347.465,265.089,309.471,289.966,227.273,321.712,312.526,290.707,283.758,342.463,352.965,271.301,315.691,356.08,296.707,322.787,366.711,313.46,285.997,294.818,207.739,0,0,0,0,0,0,0,0,0,0,0,0,0,0,0,0,0,0,0,0,0,0,0,0,0,0,0,0,0,0,0,0,0
0,0,0,0,0,0,0,0,0,0,0,0,0,0,0,0,0,0,0,0,0,0,0,0,0,0,0,0,0,0,0,0,0,209.236,331.72,300.324,330.901,279.398,282.359,318.053,269.214,310.968,294.58,264.755,268.673,270.261,319.378,338.734,312.155,343.407,332.239,307.773,258.284,331.146,300.563,314.539,298.156,280.52,302.697,326.649,298.655,275.629,400.695,345.963,324.161,302.777,193.48,0,0,0,0,0,0,0,0,0,0,0,0,0,0,0,0,0,0,0,0,0,0,0,0,0,0,0,0,0,0,0,0,0
0,0,0,0,0,0,0,0,0,0,0,0,0,0,0,0,0,0,0,0,0,0,0,0,0,0,0,0,0,0,0,0,0,178.962,293.449,337.669,284.43,291.798,261.854,296.916,322.925,271.561,333.687,282.905,300.622,282.27,295.144,300.634,331.606,298.625,314.85,327.649,293.256,295.669,336.439,266.061,330.171,303.966,289.681,313.23,264.542,308.138,287.142,271.594,258.517,307.072,176.362,0,0,0,0,0,0,0,0,0,0,0,0,0,0,0,0,0,0,0,0,0,0,0,0,0,0,0,0,0,0,0,0,0
0,0,0,0,0,0,0,0,0,0,0,0,0,0,0,0,0,0,0,0,0,0,0,0,0,0,0,0,0,0,0,0,0,196.813,305.183,340.69,303.758,278.935,244.14,261.71,319.163,331.477,298.875,297.151,332.669,285.9,298.737,287.257,242.187,314.217,314.879,339.702,305.804,312.662,306.4,298.011,278.12,354.324,251.438,275.54,288.842,295.286,318.67,261.687,277.311,345.145,183.039,0,0,0,0,0,0,0,0,0,0,0,0,0,0,0,0,0,0,0,0,0,0,0,0,0,0,0,0,0,0,0,0,0
0,0,0,0,0,0,0,0,0,0,0,0,0,0,0,0,0,0,0,0,0,0,0,0,0,0,0,0,0,0,0,0,0,171.762,271.036,308.234,225.651,292.026,286.81,357.665,269.166,329.602,298.685,304.722,250.493,361.074,298.846,303.7,262.644,324.365,273.917,305.604,285.273,307.011,302.911,316.987,313.764,339.314,318.941,314.866,282.281,278.376,282.68,309.167,270.085,286.77,163.641,0,0,0,0,0,0,0,0,0,0,0,0,0,0,0,0,0,0,0,0,0,0,0,0,0,0,0,0,0,0,0,0,0
0,0,0,0,0,0,0,0,0,0,0,0,0,0,0,0,0,0,0,0,0,0,0,0,0,0,0,0,0,0,0,0,0,174.415,259.504,292.543,336.254,276.933,307.401,261.969,285.752,346.638,297.408,331.962,307.739,308.491,283.403,289.347,320.788,306.047,316.661,286.784,292.696,267.456,243.581,256.974,312.933,252.385,280.291,272.315,252.827,250.334,291.905,266.337,269.241,231.446,193.609,0,0,0,0,0,0,0,0,0,0,0,0,0,0,0,0,0,0,0,0,0,0,0,0,0,0,0,0,0,0,0,0,0
0,0,0,0,0,0,0,0,0,0,0,0,0,0,0,0,0,0,0,0,0,0,0,0,0,0,0,0,0,0,0,0,0,176.472,273.216,317.46,255.696,290.095,280.128,323.372,242.366,254.179,322.923,277.997,345.897,235.164,322.201,285.49,275.248,290.24,295.482,288.108,259.491,315.906,305.611,349.629,243.766,360.066,265.856,284.817,276.387,282.177,296.498,252.114,331.276,280.19,179.489,0,0,0,0,0,0,0,0,0,0,0,0,0,0,0,0,0,0,0,0,0,0,0,0,0,0,0,0,0,0,0,0,0
