versione,gruppo,phantom,n_fotoni,tempo_medio_s,tempo_std_s,h2d_medio_ms,kernel_medio_ms,d2h_medio_ms,modalita,flop_per_fotone,byte_per_fotone,gflops,banda_gbs,milioni_fotoni_s,intensita_aritmetica,speedup_vs_seq,speedup_e2e_vs_seq,speedup_vs_par,speedup_e2e_vs_par,speedup_relativo,p_amdahl,s_max_amdahl,gustafson
CPU_PAR,BEERLAMBERT,0,100000,0.015191,,,,,"('BEERLAMBERT', '0')",50,56,0.329142,0.368639,6.582845,0.892857,0.936081,0.936081,1.000000,1.000000,,,,
CPU_PAR,BEERLAMBERT,0,500000,0.081462,,,,,"('BEERLAMBERT', '0')",50,56,0.306892,0.343719,6.137831,0.892857,1.101974,1.101974,1.000000,1.000000,,,,
CPU_PAR,BEERLAMBERT,0,1000000,0.111049,,,,,"('BEERLAMBERT', '0')",50,56,0.450252,0.504282,9.005034,0.892857,1.206630,1.206630,1.000000,1.000000,,,,
CPU_PAR,BEERLAMBERT,0,5000000,0.434312,,,,,"('BEERLAMBERT', '0')",50,56,0.575623,0.644698,11.512461,0.892857,1.271662,1.271662,1.000000,1.000000,,,,
CPU_PAR,BEERLAMBERT,0,10000000,0.837746,,,,,"('BEERLAMBERT', '0')",50,56,0.596840,0.668460,11.936792,0.892857,1.270538,1.270538,1.000000,1.000000,,,,
CPU_PAR,BEERLAMBERT,0,50000000,4.203281,,,,,"('BEERLAMBERT', '0')",50,56,0.594773,0.666146,11.895469,0.892857,1.396192,1.396192,1.000000,1.000000,,,,
CPU_PAR,BEERLAMBERT,1,100000,0.015532,,,,,"('BEERLAMBERT', '1')",50,56,0.321916,0.360546,6.438321,0.892857,0.724182,0.724182,1.000000,1.000000,,,,
CPU_PAR,BEERLAMBERT,1,500000,0.085649,,,,,"('BEERLAMBERT', '1')",50,56,0.291889,0.326916,5.837780,0.892857,1.146738,1.146738,1.000000,1.000000,,,,
CPU_PAR,BEERLAMBERT,1,1000000,0.088649,,,,,"('BEERLAMBERT', '1')",50,56,0.564022,0.631705,11.280443,0.892857,1.247346,1.247346,1.000000,1.000000,,,,
CPU_PAR,BEERLAMBERT,1,5000000,0.416063,,,,,"('BEERLAMBERT', '1')",50,56,0.600871,0.672975,12.017411,0.892857,1.337588,1.337588,1.000000,1.000000,,,,
CPU_PAR,BEERLAMBERT,1,10000000,0.872763,,,,,"('BEERLAMBERT', '1')",50,56,0.572893,0.641640,11.457864,0.892857,1.275791,1.275791,1.000000,1.000000,,,,
CPU_PAR,BEERLAMBERT,1,50000000,4.131128,,,,,"('BEERLAMBERT', '1')",50,56,0.605162,0.677781,12.103232,0.892857,1.323840,1.323840,1.000000,1.000000,,,,
CPU_PAR,COMPLETA,0,100000,0.794145,,,,,"('COMPLETA', '0')",1220,56,0.153624,0.007052,0.125922,21.785714,2.080759,2.080759,1.000000,1.000000,,,,
CPU_PAR,COMPLETA,0,500000,3.899445,,,,,"('COMPLETA', '0')",1220,56,0.156433,0.007181,0.128223,21.785714,1.352449,1.352449,1.000000,1.000000,,,,
CPU_PAR,COMPLETA,0,1000000,8.763509,,,,,"('COMPLETA', '0')",1220,56,0.139214,0.006390,0.114110,21.785714,1.281936,1.281936,1.000000,1.000000,,,,
CPU_PAR,COMPLETA,0,5000000,44.957233,,,,,"('COMPLETA', '0')",1220,56,0.135685,0.006228,0.111217,21.785714,1.245814,1.245814,1.000000,1.000000,,,,
CPU_PAR,COMPLETA,0,10000000,88.298966,,,,,"('COMPLETA', '0')",1220,56,0.138167,0.006342,0.113252,21.785714,1.261465,1.261465,1.000000,1.000000,,,,
CPU_PAR,COMPLETA,0,50000000,445.387180,,,,,"('COMPLETA', '0')",1220,56,0.136959,0.006287,0.112262,21.785714,1.267932,1.267932,1.000000,1.000000,,,,
CPU_PAR,COMPLETA,1,100000,0.804687,,,,,"('COMPLETA', '1')",1220,56,0.151612,0.006959,0.124272,21.785714,1.421868,1.421868,1.000000,1.000000,,,,
CPU_PAR,COMPLETA,1,500000,4.225571,,,,,"('COMPLETA', '1')",1220,56,0.144359,0.006626,0.118327,21.785714,1.474831,1.474831,1.000000,1.000000,,,,
CPU_PAR,COMPLETA,1,1000000,10.016448,,,,,"('COMPLETA', '1')",1220,56,0.121800,0.005591,0.099836,21.785714,1.171679,1.171679,1.000000,1.000000,,,,
CPU_PAR,COMPLETA,1,5000000,45.578868,,,,,"('COMPLETA', '1')",1220,56,0.133834,0.006143,0.109700,21.785714,1.257568,1.257568,1.000000,1.000000,,,,
CPU_PAR,COMPLETA,1,10000000,91.922366,,,,,"('COMPLETA', '1')",1220,56,0.132721,0.006092,0.108787,21.785714,1.261302,1.261302,1.000000,1.000000,,,,
CPU_PAR,COMPLETA,1,50000000,467.558022,,,,,"('COMPLETA', '1')",1220,56,0.130465,0.005989,0.106939,21.785714,1.267822,1.267822,1.000000,1.000000,,,,
CPU_SEQ,BEERLAMBERT,0,100000,0.014220,,,,,"('BEERLAMBERT', '0')",50,56,0.351617,0.393812,7.032349,0.892857,1.000000,1.000000,1.068284,1.068284,,,,
CPU_SEQ,BEERLAMBERT,0,500000,0.089769,,,,,"('BEERLAMBERT', '0')",50,56,0.278493,0.311912,5.569852,0.892857,1.000000,1.000000,0.907462,0.907462,,,,
CPU_SEQ,BEERLAMBERT,0,1000000,0.133995,,,,,"('BEERLAMBERT', '0')",50,56,0.373148,0.417926,7.462965,0.892857,1.000000,1.000000,0.828755,0.828755,,,,
CPU_SEQ,BEERLAMBERT,0,5000000,0.552298,,,,,"('BEERLAMBERT', '0')",50,56,0.452654,0.506973,9.053084,0.892857,1.000000,1.000000,0.786373,0.786373,,,,
CPU_SEQ,BEERLAMBERT,0,10000000,1.064388,,,,,"('BEERLAMBERT', '0')",50,56,0.469754,0.526124,9.395070,0.892857,1.000000,1.000000,0.787068,0.787068,,,,
CPU_SEQ,BEERLAMBERT,0,50000000,5.868588,,,,,"('BEERLAMBERT', '0')",50,56,0.425997,0.477116,8.519937,0.892857,1.000000,1.000000,0.716234,0.716234,,,,
CPU_SEQ,BEERLAMBERT,1,100000,0.011248,,,,,"('BEERLAMBERT', '1')",50,56,0.444523,0.497866,8.890469,0.892857,1.000000,1.000000,1.380868,1.380868,,,,
CPU_SEQ,BEERLAMBERT,1,500000,0.098217,,,,,"('BEERLAMBERT', '1')",50,56,0.254538,0.285083,5.090768,0.892857,1.000000,1.000000,0.872038,0.872038,,,,
CPU_SEQ,BEERLAMBERT,1,1000000,0.110576,,,,,"('BEERLAMBERT', '1')",50,56,0.452178,0.506439,9.043554,0.892857,1.000000,1.000000,0.801702,0.801702,,,,
CPU_SEQ,BEERLAMBERT,1,5000000,0.556521,,,,,"('BEERLAMBERT', '1')",50,56,0.449219,0.503126,8.984387,0.892857,1.000000,1.000000,0.747614,0.747614,,,,
CPU_SEQ,BEERLAMBERT,1,10000000,1.113463,,,,,"('BEERLAMBERT', '1')",50,56,0.449049,0.502935,8.980990,0.892857,1.000000,1.000000,0.783828,0.783828,,,,
CPU_SEQ,BEERLAMBERT,1,50000000,5.468953,,,,,"('BEERLAMBERT', '1')",50,56,0.457126,0.511981,9.142518,0.892857,1.000000,1.000000,0.755378,0.755378,,,,
CPU_SEQ,COMPLETA,0,100000,1.652424,,,,,"('COMPLETA', '0')",1220,56,0.073831,0.003389,0.060517,21.785714,1.000000,1.000000,0.480594,0.480594,,,,
CPU_SEQ,COMPLETA,0,500000,5.273800,,,,,"('COMPLETA', '0')",1220,56,0.115666,0.005309,0.094808,21.785714,1.000000,1.000000,0.739399,0.739399,,,,
CPU_SEQ,COMPLETA,0,1000000,11.234259,,,,,"('COMPLETA', '0')",1220,56,0.108596,0.004985,0.089013,21.785714,1.000000,1.000000,0.780070,0.780070,,,,
CPU_SEQ,COMPLETA,0,5000000,56.008366,,,,,"('COMPLETA', '0')",1220,56,0.108912,0.004999,0.089272,21.785714,1.000000,1.000000,0.802688,0.802688,,,,
CPU_SEQ,COMPLETA,0,10000000,111.386098,,,,,"('COMPLETA', '0')",1220,56,0.109529,0.005028,0.089778,21.785714,1.000000,1.000000,0.792729,0.792729,,,,
CPU_SEQ,COMPLETA,0,50000000,564.720691,,,,,"('COMPLETA', '0')",1220,56,0.108018,0.004958,0.088539,21.785714,1.000000,1.000000,0.788686,0.788686,,,,
CPU_SEQ,COMPLETA,1,100000,1.144159,,,,,"('COMPLETA', '1')",1220,56,0.106629,0.004894,0.087400,21.785714,1.000000,1.000000,0.703300,0.703300,,,,
CPU_SEQ,COMPLETA,1,500000,6.232005,,,,,"('COMPLETA', '1')",1220,56,0.097882,0.004493,0.080231,21.785714,1.000000,1.000000,0.678044,0.678044,,,,
CPU_SEQ,COMPLETA,1,1000000,11.736066,,,,,"('COMPLETA', '1')",1220,56,0.103953,0.004772,0.085207,21.785714,1.000000,1.000000,0.853476,0.853476,,,,
CPU_SEQ,COMPLETA,1,5000000,57.318517,,,,,"('COMPLETA', '1')",1220,56,0.106423,0.004885,0.087232,21.785714,1.000000,1.000000,0.795186,0.795186,,,,
CPU_SEQ,COMPLETA,1,10000000,115.941890,,,,,"('COMPLETA', '1')",1220,56,0.105225,0.004830,0.086250,21.785714,1.000000,1.000000,0.792831,0.792831,,,,
CPU_SEQ,COMPLETA,1,50000000,592.780291,,,,,"('COMPLETA', '1')",1220,56,0.102905,0.004724,0.084348,21.785714,1.000000,1.000000,0.788754,0.788754,,,,
GPU_V1,BEERLAMBERT,0,100000,0.006507,,0.987000,0.212000,5.308000,"('BEERLAMBERT', '0')",50,56,0.768403,0.860612,15.368065,0.892857,2.185339,2.185339,2.334563,2.334563,,0.542407,2.185349,142189.232911
GPU_V1,BEERLAMBERT,0,500000,0.007264,,1.038000,0.811000,5.416000,"('BEERLAMBERT', '0')",50,56,3.441630,3.854626,68.832599,0.892857,12.358067,12.356366,11.214482,11.212939,,0.919085,12.358603,240932.621384
GPU_V1,BEERLAMBERT,0,1000000,0.007830,,0.991000,1.578000,5.262000,"('BEERLAMBERT', '0')",50,56,6.385696,7.151980,127.713921,0.892857,17.113027,17.110842,14.182503,14.180692,,0.941569,17.114079,246826.611105
GPU_V1,BEERLAMBERT,0,5000000,0.014457,,0.998000,7.531000,5.928000,"('BEERLAMBERT', '0')",50,56,17.292661,19.367780,345.853220,0.892857,38.202808,38.202808,30.041641,30.041641,,0.973828,38.208231,255283.096086
GPU_V1,BEERLAMBERT,0,10000000,0.021883,,1.070000,14.981000,5.832000,"('BEERLAMBERT', '0')",50,56,22.848787,25.590641,456.975735,0.892857,48.639949,48.639949,38.282959,38.282959,,0.979445,48.648790,256755.520645
GPU_V1,BEERLAMBERT,0,50000000,0.081519,,1.050000,74.811000,5.658000,"('BEERLAMBERT', '0')",50,56,30.667697,34.347821,613.353942,0.892857,71.990432,71.990432,51.561979,51.561979,,0.986113,72.009933,258503.627197
GPU_V1,BEERLAMBERT,1,100000,0.006316,,1.025000,0.212000,5.079000,"('BEERLAMBERT', '1')",50,56,0.791640,0.886637,15.832806,0.892857,1.780874,1.780874,2.459151,2.459151,,0.438480,1.780879,114945.364154
GPU_V1,BEERLAMBERT,1,500000,0.007106,,0.977000,0.813000,5.316000,"('BEERLAMBERT', '1')",50,56,3.518154,3.940332,70.363073,0.892857,13.821700,13.821700,12.053054,12.053054,,0.927654,13.822376,243178.881467
GPU_V1,BEERLAMBERT,1,1000000,0.007778,,0.988000,1.555000,5.234000,"('BEERLAMBERT', '1')",50,56,6.428388,7.199794,128.567755,0.892857,14.216508,14.218336,11.397403,11.398868,,0.929663,14.217225,243705.591521
GPU_V1,BEERLAMBERT,1,5000000,0.013946,,1.033000,7.561000,5.352000,"('BEERLAMBERT', '1')",50,56,17.926287,20.077442,358.525742,0.892857,39.905421,39.905421,29.833859,29.833859,,0.974944,39.911344,255575.867435
GPU_V1,BEERLAMBERT,1,10000000,0.022127,,1.017000,15.049000,6.061000,"('BEERLAMBERT', '1')",50,56,22.596827,25.308447,451.936548,0.892857,50.321462,50.321462,39.443350,39.443350,,0.980132,50.330932,256935.612451
GPU_V1,BEERLAMBERT,1,50000000,0.081313,,1.088000,74.813000,5.412000,"('BEERLAMBERT', '1')",50,56,30.745391,34.434838,614.907825,0.892857,67.258040,67.258040,50.805259,50.805259,,0.985136,67.275044,258247.413922
GPU_V1,COMPLETA,0,100000,0.223488,,1.066000,216.912000,5.510000,"('COMPLETA', '0')",1220,56,0.545891,0.025057,0.447451,21.785714,7.393793,7.393793,3.553412,3.553412,,0.864755,7.393973,226690.396174
GPU_V1,COMPLETA,0,500000,0.626540,,1.061000,619.730000,5.749000,"('COMPLETA', '0')",1220,56,0.973601,0.044690,0.798034,21.785714,8.417340,8.417340,6.223777,6.223777,,0.881201,8.417578,231001.668482
GPU_V1,COMPLETA,0,1000000,0.980794,,1.150000,973.952000,5.692000,"('COMPLETA', '0')",1220,56,1.243890,0.057097,1.019582,21.785714,11.454249,11.454249,8.935117,8.935117,,0.912700,11.454706,239258.821006
GPU_V1,COMPLETA,0,5000000,4.642855,,1.088000,4635.541000,6.226000,"('COMPLETA', '0')",1220,56,1.313847,0.060308,1.076924,21.785714,12.063346,12.063346,9.683101,9.683101,,0.917108,12.063855,240414.378880
GPU_V1,COMPLETA,0,10000000,9.242804,,1.020000,9235.122000,6.662000,"('COMPLETA', '0')",1220,56,1.319946,0.060588,1.081923,21.785714,12.051115,12.051115,9.553266,9.553266,,0.917024,12.051623,240392.324798
GPU_V1,COMPLETA,0,50000000,45.849621,,1.032000,45842.699000,5.889000,"('COMPLETA', '0')",1220,56,1.330436,0.061069,1.090522,21.785714,12.316802,12.316802,9.714086,9.714087,,0.918814,12.317333,240861.552733
GPU_V1,COMPLETA,1,100000,0.122077,,1.023000,115.574000,5.480000,"('COMPLETA', '1')",1220,56,0.999369,0.045873,0.819155,21.785714,9.372437,9.372437,6.591635,6.591635,,0.893308,9.372736,234175.327002
GPU_V1,COMPLETA,1,500000,0.528644,,1.063000,522.100000,5.481000,"('COMPLETA', '1')",1220,56,1.153896,0.052966,0.945816,21.785714,11.788661,11.788661,7.993226,7.993226,,0.915176,11.789146,239908.038904
GPU_V1,COMPLETA,1,1000000,1.036308,,1.046000,1029.763000,5.500000,"('COMPLETA', '1')",1220,56,1.177256,0.054038,0.964964,21.785714,11.324882,11.324871,9.665513,9.665503,,0.911702,11.325328,238997.386110
GPU_V1,COMPLETA,1,5000000,5.140459,,1.102000,5133.862000,5.495000,"('COMPLETA', '1')",1220,56,1.186664,0.054470,0.972676,21.785714,11.150467,11.150467,8.866692,8.866692,,0.910321,11.150898,238635.311428
GPU_V1,COMPLETA,1,10000000,10.271698,,1.010000,10265.101000,5.588000,"('COMPLETA', '1')",1220,56,1.187730,0.054519,0.973549,21.785714,11.287510,11.287509,8.949092,8.949091,,0.911410,11.287953,238920.745156
GPU_V1,COMPLETA,1,50000000,51.174703,,1.028000,51166.969000,6.707000,"('COMPLETA', '1')",1220,56,1.191995,0.054715,0.977045,21.785714,11.583463,11.583463,9.136507,9.136507,,0.913674,11.583931,239514.117113
GPU_V2,BEERLAMBERT,0,100000,0.006463,,0.952000,0.231000,5.280000,"('BEERLAMBERT', '0')",50,56,0.773635,0.866471,15.472691,0.892857,2.200217,2.200217,2.350456,2.350456,1.006808,0.545501,2.200227,143000.367651
GPU_V2,BEERLAMBERT,0,500000,0.007232,,1.001000,0.814000,5.417000,"('BEERLAMBERT', '0')",50,56,3.456858,3.871681,69.137168,0.892857,12.412749,12.412749,11.264104,11.264104,1.004425,0.919441,12.413289,241026.067986
GPU_V2,BEERLAMBERT,0,1000000,0.007829,,0.925000,1.558000,5.346000,"('BEERLAMBERT', '0')",50,56,6.386512,7.152893,127.730234,0.892857,17.115213,17.115213,14.184315,14.184315,1.000128,0.941576,17.116265,246828.567476
GPU_V2,BEERLAMBERT,0,5000000,0.013814,,0.934000,7.529000,5.352000,"('BEERLAMBERT', '0')",50,56,18.097582,20.269292,361.951643,0.892857,39.981034,39.978140,31.439988,31.437713,1.046547,0.974992,39.986980,255588.291093
GPU_V2,BEERLAMBERT,0,10000000,0.021292,,0.935000,14.907000,5.450000,"('BEERLAMBERT', '0')",50,56,23.482998,26.300958,469.659966,0.892857,49.990043,49.990043,39.345576,39.345576,1.027757,0.980000,49.999387,256901.075747
GPU_V2,BEERLAMBERT,0,50000000,0.081546,,1.024000,74.684000,5.838000,"('BEERLAMBERT', '0')",50,56,30.657543,34.336448,613.150860,0.892857,71.966596,71.966596,51.544907,51.544907,0.999669,0.986108,71.986083,258502.421134
GPU_V2,BEERLAMBERT,1,100000,0.007596,,1.036000,0.227000,6.332000,"('BEERLAMBERT', '1')",50,56,0.658241,0.737230,13.164824,0.892857,1.480779,1.480974,2.044760,2.045030,0.831490,0.324681,1.480782,85113.899004
GPU_V2,BEERLAMBERT,1,500000,0.007109,,1.014000,0.824000,5.271000,"('BEERLAMBERT', '1')",50,56,3.516669,3.938669,70.333380,0.892857,13.815867,13.815867,12.047967,12.047967,0.999578,0.927623,13.816543,243170.874380
GPU_V2,BEERLAMBERT,1,1000000,0.008023,,0.986000,1.573000,5.465000,"('BEERLAMBERT', '1')",50,56,6.232083,6.979933,124.641655,0.892857,13.782376,13.780658,11.049358,11.047981,0.969463,0.927447,13.783048,243124.766749
GPU_V2,BEERLAMBERT,1,5000000,0.014188,,0.948000,7.566000,5.674000,"('BEERLAMBERT', '1')",50,56,17.620524,19.734987,352.410488,0.892857,39.224767,39.224767,29.324993,29.324993,0.982943,0.974510,39.230488,255461.875604
GPU_V2,BEERLAMBERT,1,10000000,0.022069,,0.947000,15.044000,6.078000,"('BEERLAMBERT', '1')",50,56,22.656215,25.374960,453.124292,0.892857,50.453713,50.453713,39.547012,39.547012,1.002628,0.980184,50.463233,256949.267465
GPU_V2,BEERLAMBERT,1,50000000,0.081416,,0.945000,74.796000,5.675000,"('BEERLAMBERT', '1')",50,56,30.706495,34.391274,614.129901,0.892857,67.172951,67.172951,50.740985,50.740985,0.998735,0.985117,67.189912,258242.476811
GPU_V2,COMPLETA,0,100000,0.118777,,1.053000,111.998000,5.725000,"('COMPLETA', '0')",1220,56,1.027135,0.047147,0.841914,21.785714,13.911986,13.912103,6.686017,6.686073,1.881576,0.928123,13.912672,243301.968255
GPU_V2,COMPLETA,0,500000,0.433593,,1.034000,426.711000,5.849000,"('COMPLETA', '0')",1220,56,1.406849,0.064577,1.153155,21.785714,12.163019,12.162991,8.993330,8.993309,1.444996,0.917787,12.163537,240592.456598
GPU_V2,COMPLETA,0,1000000,0.668495,,1.033000,660.493000,6.968000,"('COMPLETA', '0')",1220,56,1.824995,0.083770,1.495898,21.785714,16.805300,16.805325,13.109311,13.109331,1.467167,0.940499,16.806313,246546.111521
GPU_V2,COMPLETA,0,5000000,2.991598,,1.154000,2985.102000,5.342000,"('COMPLETA', '0')",1220,56,2.039044,0.093595,1.671348,21.785714,18.721889,18.721889,15.027832,15.027832,1.551965,0.946590,18.723155,248142.994191
GPU_V2,COMPLETA,0,10000000,5.907697,,1.097000,5899.916000,6.684000,"('COMPLETA', '0')",1220,56,2.065103,0.094792,1.692707,21.785714,18.854403,18.854403,14.946428,14.946428,1.564536,0.946966,18.855687,248241.403859
GPU_V2,COMPLETA,0,50000000,29.168811,,1.003000,29161.072000,6.735000,"('COMPLETA', '0')",1220,56,2.091275,0.095993,1.714160,21.785714,19.360429,19.360430,15.269295,15.269296,1.571871,0.948352,19.361785,248604.804090
GPU_V2,COMPLETA,1,100000,0.089619,,1.010000,83.127000,5.482000,"('COMPLETA', '1')",1220,56,1.361318,0.062487,1.115835,21.785714,12.766924,12.766924,8.978978,8.978978,1.362178,0.921676,12.767498,241611.941976
GPU_V2,COMPLETA,1,500000,0.335859,,1.008000,329.469000,5.382000,"('COMPLETA', '1')",1220,56,1.816238,0.083368,1.488720,21.785714,18.555421,18.555421,12.581384,12.581384,1.574006,0.946111,18.556663,248017.376274
GPU_V2,COMPLETA,1,1000000,0.640488,,1.021000,634.010000,5.457000,"('COMPLETA', '1')",1220,56,1.904798,0.087433,1.561310,21.785714,18.323631,18.323631,15.638775,15.638775,1.617998,0.945429,18.324842,247838.665469
GPU_V2,COMPLETA,1,5000000,3.100089,,1.005000,3093.602000,5.482000,"('COMPLETA', '1')",1220,56,1.967685,0.090320,1.612857,21.785714,18.489313,18.489313,14.702439,14.702439,1.658165,0.945918,18.490547,247966.863974
GPU_V2,COMPLETA,1,10000000,6.138112,,1.031000,6131.209000,5.871000,"('COMPLETA', '1')",1220,56,1.987582,0.091233,1.629165,21.785714,18.888852,18.888855,14.975674,14.975677,1.673430,0.947062,18.890141,248266.761236
GPU_V2,COMPLETA,1,50000000,30.679688,,1.160000,30672.725000,5.802000,"('COMPLETA', '1')",1220,56,1.988286,0.091266,1.629743,21.785714,19.321588,19.321589,15.239986,15.239987,1.668032,0.948248,19.322938,248577.585136
GPU_V3,BEERLAMBERT,0,100000,0.005865,,0.002000,0.277000,5.586000,"('BEERLAMBERT', '0')",50,56,0.852515,0.954817,17.050298,0.892857,2.424552,2.424552,2.590111,2.590111,1.101961,0.587555,2.424566,154024.426160
GPU_V3,BEERLAMBERT,0,500000,0.006260,,0.003000,0.760000,5.497000,"('BEERLAMBERT', '0')",50,56,3.993610,4.472843,79.872204,0.892857,14.340096,14.340096,13.013099,13.013099,1.155272,0.930269,14.340826,243864.508516
GPU_V3,BEERLAMBERT,0,1000000,0.006953,,0.002000,1.466000,5.485000,"('BEERLAMBERT', '0')",50,56,7.191141,8.054077,143.822810,0.892857,19.271537,19.271537,15.971379,15.971379,1.125989,0.948114,19.272881,248542.348916
GPU_V3,BEERLAMBERT,0,5000000,0.013959,,0.003000,7.066000,6.890000,"('BEERLAMBERT', '0')",50,56,17.909592,20.058743,358.191848,0.892857,39.565728,39.565728,31.113404,31.113404,0.989612,0.974729,39.571550,255519.467958
GPU_V3,BEERLAMBERT,0,10000000,0.019845,,0.002000,14.031000,5.812000,"('BEERLAMBERT', '0')",50,56,25.195263,28.218695,503.905266,0.892857,53.635072,53.635072,42.214462,42.214462,1.072915,0.981359,53.645843,257257.451775
GPU_V3,BEERLAMBERT,0,50000000,0.076438,,0.002000,69.970000,6.466000,"('BEERLAMBERT', '0')",50,56,32.706246,36.630995,654.124912,0.892857,76.775792,76.775792,54.989416,54.989416,1.066825,0.986979,76.797992,258730.590423
GPU_V3,BEERLAMBERT,1,100000,0.006187,,0.002000,0.240000,5.945000,"('BEERLAMBERT', '1')",50,56,0.808146,0.905124,16.162922,0.892857,1.818005,1.818005,2.510425,2.510425,1.227736,0.449948,1.818011,117951.816501
GPU_V3,BEERLAMBERT,1,500000,0.006769,,0.061000,0.784000,5.924000,"('BEERLAMBERT', '1')",50,56,3.693308,4.136505,73.866155,0.892857,14.509824,14.509824,12.653125,12.653125,1.050229,0.931085,14.510572,244078.344166
GPU_V3,BEERLAMBERT,1,1000000,0.007010,,0.002000,1.477000,5.531000,"('BEERLAMBERT', '1')",50,56,7.132668,7.988588,142.653352,0.892857,15.774037,15.774037,12.646077,12.646077,1.144508,0.936608,15.774926,245526.299378
GPU_V3,BEERLAMBERT,1,5000000,0.013276,,0.002000,7.029000,6.245000,"('BEERLAMBERT', '1')",50,56,18.830973,21.090690,376.619464,0.892857,41.919328,41.919328,31.339485,31.339485,1.068695,0.976148,41.925873,255891.464655
GPU_V3,BEERLAMBERT,1,10000000,0.019584,,0.004000,14.090000,5.490000,"('BEERLAMBERT', '1')",50,56,25.531046,28.594771,510.620915,0.892857,56.855750,56.855750,44.565104,44.565104,1.126889,0.982415,56.867867,257534.314152
GPU_V3,BEERLAMBERT,1,50000000,0.078749,,0.004000,70.032000,8.714000,"('BEERLAMBERT', '1')",50,56,31.746435,35.556007,634.928698,0.892857,69.447904,69.447022,52.459434,52.458768,1.033867,0.985604,69.466042,258370.314451
GPU_V3,COMPLETA,0,100000,0.156410,,0.002000,151.005000,5.403000,"('COMPLETA', '0')",1220,56,0.780001,0.035803,0.639345,21.785714,10.564695,10.564695,5.077329,5.077329,0.759395,0.905349,10.565081,237331.790412
GPU_V3,COMPLETA,0,500000,0.357912,,0.002000,352.274000,5.636000,"('COMPLETA', '0')",1220,56,1.704330,0.078232,1.396991,21.785714,14.734907,14.734907,10.894983,10.894983,1.211451,0.932138,14.735679,244354.320921
GPU_V3,COMPLETA,0,1000000,0.539241,,0.003000,533.680000,5.557000,"('COMPLETA', '0')",1220,56,2.262439,0.103850,1.854458,21.785714,20.833466,20.833505,16.251563,16.251593,1.239696,0.952004,20.835042,249562.168083
GPU_V3,COMPLETA,0,5000000,2.392786,,0.004000,2387.236000,5.546000,"('COMPLETA', '0')",1220,56,2.549330,0.117018,2.089614,21.785714,23.407177,23.407177,18.788656,18.788656,1.250257,0.957282,23.409178,250945.700003
GPU_V3,COMPLETA,0,10000000,4.659251,,0.002000,4653.853000,5.397000,"('COMPLETA', '0')",1220,56,2.618447,0.120191,2.146268,21.785714,23.906439,23.906433,18.951322,18.951318,1.267950,0.958174,23.908528,251179.585859
GPU_V3,COMPLETA,0,50000000,22.672187,,0.003000,22665.799000,6.384000,"('COMPLETA', '0')",1220,56,2.690521,0.123499,2.205345,21.785714,24.908082,24.908083,19.644650,19.644651,1.286546,0.959856,24.910354,251620.544488
GPU_V3,COMPLETA,1,100000,0.115774,,0.004000,110.387000,5.383000,"('COMPLETA', '1')",1220,56,1.053777,0.048370,0.863752,21.785714,9.882694,9.882694,6.950498,6.950498,0.774086,0.898816,9.883029,235619.438906
GPU_V3,COMPLETA,1,500000,0.262214,,0.002000,256.764000,5.447000,"('COMPLETA', '1')",1220,56,2.326344,0.106783,1.906839,21.785714,23.766866,23.766957,16.114971,16.115032,1.280858,0.957928,23.768930,251115.190682
GPU_V3,COMPLETA,1,1000000,0.497950,,0.002000,492.536000,5.412000,"('COMPLETA', '1')",1220,56,2.450045,0.112461,2.008234,21.785714,23.568764,23.568764,20.115369,20.115369,1.286250,0.957575,23.570793,251022.482046
GPU_V3,COMPLETA,1,5000000,2.395859,,0.002000,2389.309000,6.548000,"('COMPLETA', '1')",1220,56,2.546060,0.116868,2.086934,21.785714,23.923994,23.923994,19.024019,19.024019,1.293936,0.958205,23.926087,251187.632389
GPU_V3,COMPLETA,1,10000000,4.756222,,0.003000,4750.588000,5.630000,"('COMPLETA', '1')",1220,56,2.565061,0.117741,2.102509,21.785714,24.376888,24.376893,19.326761,19.326765,1.290544,0.958981,24.379062,251391.207217
GPU_V3,COMPLETA,1,50000000,24.021654,,0.003000,24014.887000,6.764000,"('COMPLETA', '1')",1220,56,2.539376,0.116561,2.081455,21.785714,24.676914,24.676914,19.464023,19.464023,1.277168,0.959480,24.679143,251521.953718
