0.752233,0.522082,1.43671,0.892854,1.77777,0.758456,0.856674,1.44855,0.783893,1.68751,1.60329,1.48866,2.10922,1.50705,2.89421,2.04314,2.67161,2.56707,2.37197,2.99389,2.75242,2.82989,2.23987,2.54658,2.85934,4.9928,3.10151,4.79996,4.07149,4.90863,6.30601,6.0647,7.41496,351.45,652.124,601.098,624.502,623.85,725.163,615.124,644.658,673.925,635.526,677.484,635.721,652.044,659.249,676.799,672.416,676.951,629.067,663.499,645.962,694.857,674.02,629.819,640.902,734.388,694.819,680.858,670.872,649.146,651.691,607.659,712.09,625.11,459.742,7.15458,6.09629,5.83839,5.29271,4.61303,3.50187,3.653,3.35667,2.60197,3.35962,3.18734,2.92388,3.37832,2.27884,3.02951,2.57124,1.61406,2.9197,2.21589,1.65926,1.68789,1.83017,1.63114,1.23989,1.29693,1.00017,0.850758,1.20222,1.25488,1.21744,0.762387,1.48562,0.541831
0.898036,0.614831,0.755905,0.891501,1.10813,1.10909,1.57816,1.85372,1.67698,1.47404,2.16281,2.4703,1.77611,2.075,1.84711,2.58641,2.54597,2.27969,2.5556,2.15823,2.93448,2.9738,2.80237,3.48208,4.03446,4.49807,2.81261,5.03752,5.4397,7.00546,5.59109,8.21207,8.71678,438.487,707.083,676.414,620.153,682.876,707.325,608.104,665.782,645.512,700.348,668.244,646.858,669.201,625.087,622.424,672.448,693.358,618.761,668.181,675.227,675.31,686.762,644.769,653.243,663.688,657.507,679.742,705.848,643.446,660.542,660.087,663.746,704.798,474.502,8.57608,8.81536,5.42178,6.80307,4.15719,5.33634,4.5695,3.97801,3.83026,3.74543,3.06747,3.87314,2.6618,3.07191,2.32074,2.70333,2.02478,1.80276,2.33218,1.46482,2.39491,2.02527,1.19601,1.54904,1.5197,1.62736,0.78876,0.663551,1.05646,1.00937,1.08891,1.00033,0.997413
0.765185,1.20999,0.919505,1.35415,0.923355,0.866157,0.945268,1.45136,2.13368,1.52718,1.35142,1.79417,1.60791,2.02582,2.37823,2.25579,3.23645,3.48428,3.87515,2.14,2.7866,3.19405,3.25254,4.43785,3.56983,4.10336,3.99275,5.75034,7.26695,7.92994,8.76165,8.45152,8.24034,443.53,613.097,660.441,670.669,595.114,702.401,682.45,593.34,698.198,680.246,616.092,774.977,631.193,669.906,658.612,634.714,669.631,628.03,650.312,656.035,670.757,699.205,681.188,669.157,560.393,618.109,587.726,688.319,662.271,672.409,613.623,596.298,702.475,441.486,13.1149,8.74322,6.52826,7.20141,7.2397,6.11964,5.61782,4.01521,4.62408,4.58134,3.29186,3.39929,4.32149,3.03911,2.50806,2.67867,2.47817,2.22441,2.66939,1.88772,2.33279,1.58279,2.29509,2.54772,1.78459,1.93177,0.584765,1.72492,1.11956,1.44568,1.49326,1.22331,0.748843
1.46527,1.28266,1.03449,0.754961,1.8693,1.68815,2.35479,2.21794,1.74186,2.03412,1.45814,2.60975,2.69181,1.92586,1.76682,3.06488,2.3935,3.19135,3.19209,3.1594,4.74125,4.41285,4.00221,4.43942,3.47575,5.07556,5.01756,6.75911,5.31146,6.53682,8.78242,11.007,11.9525,497.997,634.169,608.687,631.479,616.896,642.111,662.192,649.583,639.864,662.981,682.084,637.073,658.427,659.838,680.846,641.238,713.502,644.468,616.788,606.751,667.397,641.384,608.491,680.264,626.317,632.171,648.377,685.388,580.264,634.841,636.534,669.496,698.242,422.695,10.9601,10.8074,9.76769,6.57535,7.20544,5.98606,5.17204,4.812,4.44228,4.26777,5.43277,3.86342,3.37759,3.54235,2.65938,3.46262,2.30792,2.25242,2.95758,2.76376,1.2988,1.28087,2.18028,1.3649,1.83019,2.05468,1.77469,2.06835,1.66368,1.25835,1.30236,1.26313,0.824007
1.07339,1.18467,1.46239,1.37058,1.48433,1.09829,0.958231,1.48467,1.82842,1.9411,2.28862,2.96692,2.71043,1.84106,1.72374,2.54043,3.37013,3.06173,2.67511,3.16292,3.19138,3.07396,3.89953,5.37441,4.68855,5.11857,7.29669,7.23761,7.75178,9.34446,8.96283,10.1893,14.6448,474.665,659.771,647.094,599.532,638.823,617.407,676.522,628.005,612.072,605.474,664.532,647.001,663.437,672.812,683.26,650.443,693.558,644.023,656.275,657.819,619.586,687.707,667.062,650.042,644.083,673.29,622.602,631.191,672.517,606.259,661.106,686.236,606.202,372.304,18.3417,14.2833,9.00783,7.24756,7.30166,7.60105,5.20948,5.12042,3.92233,3.40505,4.57567,3.85974,3.31709,3.60807,5.05464,3.39187,3.22176,2.58237,2.21918,2.87806,2.46199,2.41092,1.42141,3.1103,2.03044,2.22552,1.73761,1.33009,1.36983,1.60481,1.41403,1.32492,0.997178
1.16136,0.883207,0.806927,1.05519,1.54489,1.85088,2.02625,1.1484,3.07647,2.08195,2.31143,2.36385,2.58693,3.3041,1.80502,2.99199,3.44661,3.16118,5.14714,2.64415,3.98292,4.68483,5.17875,4.77909,5.2544,7.07452,5.86487,6.8268,6.82764,10.6719,10.8553,12.482,20.2656,388.483,619.934,602.892,643.676,647.342,599.272,615.445,670.573,646.013,670.703,635.196,657.174,649.47,667.819,663.103,630.978,649.39,664.946,622.85,613.945,607.467,666.538,636.004,636.221,604.639,634.539,647.328,636.324,654.558,688.036,653.336,590.057,630.221,460.414,13.4674,13.53,14.1328,7.88834,8.26258,7.40069,6.41979,4.93277,5.19293,5.12925,4.70556,5.28335,3.35846,4.55197,4.4309,3.13678,2.13589,2.81869,2.63395,2.35581,1.95542,2.11044,2.65322,1.97601,1.91487,1.8106,2.18011,1.63957,1.16136,1.24256,1.41171,1.7104,1.30863
1.30486,1.00319,1.16947,0.941325,2.48234,1.68091,1.76382,2.14795,2.20516,1.77782,2.34704,3.18511,2.99094,3.58634,2.18989,2.48525,3.22356,3.83921,4.48407,4.31834,4.30162,4.87304,4.77401,5.44237,5.45405,6.05827,10.2392,7.90068,9.01245,11.1421,11.1766,12.0169,20.9744,379.902,623.518,651.374,631.981,709.845,682.959,626.511,594.984,610.341,596.4,636.88,636.83,659.089,605.481,624.753,614.447,636.263,678.303,664.101,606.835,668.076,583.285,724.257,683.261,623.197,623.88,619.695,680.472,581.778,573.164,608.384,618.883,613.956,472.97,20.0635,13.9854,10.5618,8.57022,9.3158,8.32765,7.98648,6.66541,6.15731,5.46945,4.97701,4.49683,3.53937,3.19246,4.50315,3.62689,3.62259,2.62,3.17503,2.27448,2.10848,2.65983,2.90738,1.55323,2.00879,1.78848,1.23365,1.33476,1.8088,1.28309,1.19529,0.887899,1.08228
1.96928,1.67344,1.48437,2.0806,2.02982,2.65717,1.62239,1.53714,2.49318,1.38702,3.17278,2.34892,2.16107,2.2801,3.22127,3.11589,3.26909,4.57411,4.33845,4.3538,4.09318,5.7388,6.10831,7.35211,6.8028,5.77929,7.19993,6.91311,9.36625,6.98162,11.5312,18.5928,18.5575,405.041,571.662,621.366,611.699,642.937,601.672,606.031,647.476,640.222,626.793,657.029,677.758,638.305,697.825,635.127,625.321,670.039,594.581,674.718,669.003,674.112,613.445,535.809,649.26,665.861,677.921,639.287,650.224,565.509,696.538,571.086,658.316,613.011,433.668,20.1828,18.7331,13.1539,11.3819,11.325,7.55504,6.52966,5.00889,6.9558,5.47568,5.78538,5.13113,3.93039,4.23883,4.58111,3.1942,4.21125,3.31516,3.06734,2.27486,2.63597,2.02856,2.32391,1.91636,2.04545,2.31907,2.12698,2.10401,1.4061,1.85887,2.09781,1.30039,1.2625
0.742587,2.18557,1.55522,1.83283,1.35517,1.65037,1.47888,1.39941,3.45561,3.88679,1.93534,2.61078,2.69187,3.47124,4.11664,3.13543,3.4382,4.18073,4.41802,3.80184,4.57867,5.0891,6.26865,5.61431,6.6698,7.67853,7.91337,9.67394,9.96438,10.2848,11.4064,14.6841,23.3147,401.401,606.514,639.915,620.755,628.608,672.761,629.52,646.701,644.447,630.594,624.318,649.534,611.056,639.883,632.483,618.087,620.404,614.822,691.583,654.136,698.029,625.065,590.396,646.706,637.657,631.135,642.181,564.037,666.24,637.956,678.449,676.895,607.174,365.898,27.0364,20.6547,17.0838,10.5528,11.4005,7.24408,8.88402,8.41104,6.70316,7.57494,5.32498,5.92427,5.09519,3.48043,4.76671,2.76769,4.26088,3.50053,4.39055,2.44934,2.51028,3.0151,2.15889,1.49013,3.17495,2.26697,1.874,1.8117,2.99938,1.7543,1.25581,0.694249,1.47616
1.17862,1.50562,1.32073,1.76417,2.4,1.57485,2.80676,1.5614,3.02411,2.04181,2.48508,3.98748,3.18921,3.35258,3.5937,4.02037,3.3061,2.99339,3.60199,7.32148,3.372,4.55783,5.75694,6.36133,8.28564,6.76789,8.98788,7.89435,10.5711,11.0251,14.0731,23.0908,21.9206,409.985,668.006,625.272,652.01,623.572,603.856,638.516,591.842,630.495,640.68,636.411,563.161,543.092,676.476,666.492,616.25,641.002,594.953,587.255,632.89,659.038,620.394,591.131,641.367,619.362,605.312,660.265,638.449,593.358,609.62,607.718,583.661,602.585,377.924,25.354,20.1768,14.7034,12.1701,10.8061,11.2395,7.77502,6.80168,5.94772,7.82816,6.82675,6.83512,5.64279,5.32415,4.88016,4.91089,3.86348,2.81287,3.43552,3.56446,3.14875,4.30203,2.51111,2.27516,3.64229,2.25547,2.67771,1.35393,1.73756,2.16157,1.21135,1.18953,0.981015
1.33401,2.05353,1.53491,1.45388,1.6676,1.64987,1.47869,1.57361,2.68589,3.10502,2.60902,2.88682,3.90962,2.60003,3.49848,3.2324,3.17052,4.66473,4.14587,5.94491,5.32818,6.3249,4.58715,8.51813,8.64838,6.57105,7.94271,9.54426,10.7993,16.4834,17.9023,18.5528,25.217,391.274,579.804,621.388,613.901,565.14,697.999,602.992,619.394,601.666,594.685,619.748,633.737,618.546,609.113,604.605,677.708,617.968,609.464,629.837,693.058,592.1,644.579,646.474,643.549,646.345,615.83,634.979,611.109,650.78,601.303,658.806,577.688,648.048,386.255,28.1118,21.9067,13.8958,16.6683,12.3917,10.0348,9.68121,9.04048,6.93837,7.21051,5.96451,4.74771,4.43824,5.89633,5.76724,4.36375,3.94077,3.70218,5.69473,3.84098,2.9217,3.03777,3.62419,2.47056,2.3071,2.182,2.45541,2.05566,1.33751,2.12608,1.70668,1.82537,1.3745
1.89252,1.55513,1.28666,1.93059,1.57987,2.3743,2.07113,1.91866,2.55826,3.28525,2.26759,2.06759,3.99408,3.40602,2.83475,3.84657,4.18134,3.82807,3.80253,4.92041,3.94444,6.4091,5.92509,6.5158,9.0652,9.73938,12.6584,8.68362,12.0088,15.9546,22.086,24.5363,32.7754,386.209,578.017,565.68,630.893,567.139,588.571,608.955,578.126,650.906,566.766,614.895,583.798,664.972,543.865,633.956,618.562,598.323,603.109,643.582,633.537,640.655,630.313,637.34,664.322,636.225,630.557,610.844,616.759,585.889,590.401,608.949,622.319,619.656,400.742,31.8847,20.8697,18.128,15.8137,11.371,11.3446,9.31053,9.02947,7.14587,7.34246,5.36164,8.04044,4.87122,4.6696,5.33191,4.37767,4.59813,3.61229,3.58073,2.8993,3.67367,2.10646,2.40161,2.04279,2.77194,2.72166,1.75887,1.95671,2.36144,2.32039,2.06681,1.76747,1.87225
0.642987,1.4064,3.00661,2.3018,2.6383,2.50964,2.10569,1.96247,3.50612,2.75156,2.45731,2.88712,3.76275,3.19383,3.41093,4.46638,4.08561,4.70918,5.19696,3.90411,8.5361,6.47492,7.73421,8.6977,10.1584,8.88362,10.0523,10.8883,15.487,13.5261,23.1338,27.9256,28.4273,405.935,565.598,591.238,595.825,611.165,627.302,634.65,590.274,606.205,635.759,620.3,613.752,581.356,581.813,604.096,619.938,558.759,656.241,628.915,569.93,608.9,597.792,593.754,590.793,656.837,612.351,594.472,576.548,623.408,589.295,599.623,613.661,582.679,408.188,26.2956,19.7425,19.7835,17.9394,18.8074,11.3917,8.04356,9.06241,7.12434,7.12889,6.3312,7.77697,5.12177,6.49589,5.84243,4.93011,5.86593,4.92101,3.938,4.22303,3.11056,3.66885,3.695,2.04852,2.75841,3.46109,1.72007,1.89408,2.42133,2.05057,2.03139,1.59481,1.37702
0.922545,1.33355,1.67191,2.36712,2.41241,2.35258,2.26887,1.83953,3.23067,3.45754,3.75284,3.34389,3.98281,2.93411,3.70055,4.95938,3.94364,5.98306,4.62698,7.11155,6.46342,7.57518,7.31002,7.19562,8.98576,11.3306,11.2434,12.9679,16.3535,16.7406,18.7027,26.3614,35.4942,389.62,611.783,600.462,566.346,558.574,566.312,632.886,583.542,595.318,627.951,617.936,601.099,619.071,586.374,604.286,664.181,591.168,642.468,592.148,569.486,528.664,622.629,641.008,617.77,650.561,605.733,620.579,616.362,575.663,617.379,695.577,617.405,614.314,403.696,35.0713,21.3508,14.3871,15.6964,16.8211,13.7645,9.73397,12.0944,9.96951,7.50769,6.64151,7.5999,6.74786,5.78217,4.80572,4.97036,3.12556,4.01017,3.53658,3.68945,3.02127,3.87858,3.22882,2.55827,2.77969,2.30564,2.19838,2.32011,2.01216,1.98096,1.51031,2.68189,1.35987
1.37398,0.648092,1.63009,1.92556,2.6741,2.16953,2.23775,2.28819,2.64453,2.78784,3.00868,3.68204,2.84858,4.3169,3.72315,4.23061,4.78538,4.81654,5.60932,6.12088,7.29242,7.4608,5.73113,8.09823,10.048,10.2645,9.76295,15.3273,14.9644,17.5661,26.0326,34.3699,23.8109,394.98,615.017,576.087,607.966,625.61,648.5,590.611,597.002,556.918,605.024,635.033,601.484,612.193,608.768,620.741,621.062,645.357,599.399,577.913,578.067,609.734,619.34,701.714,623.935,575.38,574.373,572.974,571.892,546.25,578.198,657.502,581.644,583.07,393.459,38.8967,21.2097,22.261,19.8146,19.0679,13.1343,12.0116,7.5924,8.99808,8.70301,7.86009,7.55353,8.76537,7.17035,4.81413,4.18975,3.79263,3.98135,5.72031,3.66978,4.67473,4.12507,3.44313,3.20843,3.1197,3.18414,2.53804,1.93235,2.00568,1.56378,2.48739,1.49316,2.09102
1.67339,1.37774,1.01581,1.89638,2.38335,1.85409,2.39291,3.69413,3.44442,3.26034,2.7849,3.22881,3.20651,2.49519,4.68912,3.66997,4.52531,6.57218,6.38092,7.86497,7.49395,6.05146,7.50943,7.71843,10.6506,9.04365,12.6237,13.5675,16.6902,20.4007,22.3506,31.0141,33.8632,360.873,573.231,614.312,577.352,585.345,598.036,625.22,568.017,624.347,574.012,565.628,619.463,548.203,536.36,554.18,555.465,578.987,623.207,616.326,600.971,591.274,566.638,652.158,568.304,596.528,615.111,549.223,639.936,560.631,599.173,596.753,565.476,582.208,394.464,37.4333,21.13,24.2882,19.2173,15.3123,14.1083,12.7701,13.2309,10.5065,7.13675,7.27461,6.75669,7.57377,6.10762,5.67548,4.98795,4.78856,5.04822,3.66401,3.81124,3.95804,3.1954,3.2225,2.28777,4.52551,2.73719,2.77544,2.54368,1.72847,2.0684,1.80155,1.32712,2.01773
2.13114,1.62459,1.62057,3.12567,2.98784,1.7901,2.55341,2.20489,1.45793,2.11789,4.41685,4.41477,3.82566,3.62163,5.25199,4.66032,5.13403,7.43802,5.97674,6.14445,6.59132,8.84714,8.18836,9.90052,12.2949,10.9421,13.2676,11.6552,17.3305,21.6014,23.2462,30.0608,40.2303,351.675,588.343,555.251,585.733,565.03,558.091,548.352,605.813,613.346,616.623,597.565,605.773,663.297,560.256,573.784,580.132,572.108,589.725,657.951,587.98,638.471,584.175,625.159,601.849,581.366,580.999,545.934,641.071,554.695,509.154,535.858,603.047,572.619,398.709,39.5708,28.4386,27.9358,24.6017,17.6064,12.3102,15.1849,11.1007,9.5505,7.68174,7.34764,7.96998,7.21332,7.18337,6.04645,4.34748,5.74521,4.13667,4.71047,3.85466,4.60254,3.47711,3.054,4.20155,2.79044,2.48686,2.61809,2.47639,2.32634,2.70527,1.43959,1.37085,1.60312
2.16021,1.62592,2.29574,2.17721,1.83699,2.9255,2.44259,3.34962,4.01542,2.4015,3.70167,2.40136,2.73636,4.9451,4.9211,5.9496,4.76172,7.73111,5.83451,5.19457,8.27374,9.16136,7.44244,10.411,10.7394,12.7207,14.2333,16.5657,12.7918,23.2915,22.9995,28.9506,43.0647,385.678,580.63,551.232,533.634,612.946,546.732,568.961,569.653,605.045,560.248,575.557,556.301,559.766,577.23,600.049,600.745,612.985,521.531,633.999,608.455,552.378,594.864,539.604,559.967,605.553,558.564,550.762,583.495,529.094,597.891,529.228,537.784,566.904,360.7,42.5652,31.1374,23.568,21.8331,14.6266,20.0099,14.3412,11.0646,10.3363,10.1813,9.75043,8.85574,5.11882,7.55014,7.03739,7.43044,4.19987,6.91263,3.75664,5.87143,3.70428,4.30216,3.63281,3.03887,3.25546,2.09374,3.3573,2.59782,2.16149,1.73899,2.33253,1.42629,2.02009
1.37285,1.62013,1.92491,2.24035,2.23533,2.81027,3.00159,2.86858,3.37072,2.98368,3.42405,5.06883,4.56617,5.08931,4.82412,4.62295,7.54268,6.09214,3.90574,6.45388,8.05228,10.2462,10.9497,13.4053,12.8259,12.14,17.9284,13.5048,21.9797,23.6473,28.6303,38.6981,48.7162,359.615,579.253,539.495,566.609,597.476,576.667,585.59,602.987,602.488,618.157,614.015,583.849,541.305,600.271,628.658,597.866,564.745,631.482,581.643,612.033,549.452,540.19,636.763,613.85,571.153,532.853,548.029,597.509,619.36,591.527,521.712,554.59,529.229,375.494,38.8739,29.5418,22.7527,20.3846,18.8086,17.5292,13.5715,13.7613,13.6785,10.1615,8.82284,6.68366,6.41441,7.65038,6.8311,6.16697,5.863,5.16065,4.30238,5.52054,3.73149,2.18693,3.48349,4.12347,3.44557,2.8151,2.65077,2.18438,2.11199,1.84749,1.67562,2.42228,1.82637
2.01457,1.43556,1.82581,1.61969,2.04484,3.28734,2.07628,2.45157,2.63222,3.09046,2.95677,2.94393,5.58957,5.12642,3.86874,8.22325,6.93425,6.70753,7.94143,8.96728,9.28016,8.03972,10.2073,10.341,13.0791,12.9049,11.8661,18.442,18.7994,22.5901,25.7235,31.2696,38.566,362.827,570.446,502.04,535.63,563.918,580.966,567.956,574.254,579.862,556.37,558.267,591.115,576.554,618.412,580.298,577.495,615.533,571.846,608.349,602.294,598.871,557.052,532.127,563.837,546.084,564.758,565.13,602.019,593.011,490.463,540.447,564.282,537.026,356.215,42.7258,34.979,27.819,17.1394,19.9334,17.3521,14.5109,14.2075,9.72576,11.4811,10.3271,6.6489,8.32547,9.37112,5.68902,5.94309,7.40411,6.88981,4.15904,4.46224,4.88141,3.93952,3.24211,4.49892,3.42763,2.78827,3.18321,2.70722,2.70735,2.67829,3.90294,3.69566,1.1726
3.72036,1.65514,1.77709,2.45176,2.77685,2.46241,3.7805,4.10962,1.93727,2.81943,3.8221,5.02266,3.67545,4.14317,4.47109,4.79159,4.88474,6.0674,6.97938,8.75808,7.50436,8.78606,9.76187,11.0138,15.6441,10.6765,12.9894,17.8529,20.0094,28.4341,26.8546,32.4796,41.396,395.969,536.157,525.211,566.078,594.38,607.18,517.701,562.122,520.047,548.873,566.737,544.655,560.662,526.538,554.297,565.991,623.855,580.046,597.134,590.6,508.068,532.4,556.99,572.03,587.441,567.699,529.232,622.668,579.09,533.735,527.283,561.467,536.937,394.946,38.2975,30.4155,25.2552,25.8762,26.5904,14.8098,15.4662,14.9407,9.85145,9.21559,10.6071,7.50909,7.42829,6.61355,5.07205,5.01429,5.93631,3.80076,5.80251,5.76064,4.91953,4.42176,4.31905,2.897,2.85138,2.67601,3.27858,3.08382,2.42134,3.12486,2.82721,1.90552,1.33618
2.33671,1.78464,2.85603,2.99671,3.35142,2.28094,2.17404,3.56136,2.51863,3.39035,3.79718,5.6804,3.95546,4.9289,5.69016,5.59392,5.40596,7.53664,5.03174,7.9837,9.07966,9.14463,10.1219,10.5957,11.0644,13.7692,14.7459,12.9237,22.4992,23.5729,25.1994,29.6589,44.8709,351.537,497.322,551.792,511.468,596.607,563.723,506.924,551.853,568.946,582.079,590.029,596.784,572.357,565.571,605.31,654.776,565.56,589.498,549.932,620.463,585.731,568.43,552.579,620.309,527.699,583.282,568.931,524.059,544.793,596.415,537.906,558.819,507.416,380.604,49.6987,32.4988,26.551,24.661,29.1333,18.6703,14.8209,17.3539,12.5616,12.2759,8.25682,7.89176,8.60994,7.70915,8.22563,6.56019,5.4563,4.87078,5.37778,5.72558,3.89213,3.65357,3.55449,4.21831,4.19729,2.10643,3.37992,3.11594,3.13359,2.47892,2.44782,3.36555,1.38137
1.33941,1.55516,2.61971,2.48458,1.94315,1.98934,3.79812,2.73917,4.09642,3.05444,4.3722,3.40679,4.81261,5.04129,6.69578,4.20722,5.78063,6.51872,7.26957,9.28957,10.2986,9.82271,10.8375,11.5781,10.0236,10.0894,17.756,16.5794,22.1752,29.7847,33.6222,40.4303,50.269,377.786,547.714,504.536,568.702,578.597,541.341,585.302,545.804,555.098,555.886,560.578,523.686,525.644,516.574,529.361,536.011,560.822,558.076,535.396,536.08,582.031,567.889,563.096,563.34,506.848,582.84,555.422,562.236,522.379,554.338,553.52,566.799,536.492,355.189,41.5145,35.021,22.4092,26.2547,23.0442,19.1558,19.6192,17.3301,15.7652,11.9466,12.3398,10.3085,8.62346,8.4505,8.48591,5.95481,7.70794,5.23026,5.49878,5.18521,3.40158,4.26822,4.15272,3.49273,3.82656,3.15266,3.18617,1.86635,3.2789,3.66683,1.86478,2.60827,2.06044
1.55082,2.07345,2.61687,2.48013,3.13579,2.66487,1.90467,3.95479,3.44052,3.08618,4.09449,4.74618,5.01044,4.70034,5.59938,4.71119,6.00006,5.52986,7.00194,9.16342,12.8349,9.77938,8.89734,12.508,13.0778,17.3887,20.1749,15.8039,20.8098,28.8865,23.7951,33.0494,40.5883,333.975,525.846,577.165,535.22,619.608,518.45,563.428,559.347,538.647,550.853,550.456,599.547,559.233,489.483,550.5,510.406,594.949,527.185,536.967,561.736,564.612,558.698,514.099,529.024,578.87,514.294,574.401,523.574,596.491,548.589,473.84,532.094,525.709,400.447,47.1565,32.3082,32.6202,20.8184,22.0863,19.29,18.2709,14.968,11.1003,13.3898,10.3134,10.6353,9.49582,7.84585,7.40921,8.73735,6.83163,5.81468,5.78968,5.61214,5.62071,3.17684,3.7248,5.47958,3.71617,3.28783,4.48827,2.76342,1.82244,2.68777,1.81326,2.7952,2.32242
1.80063,2.94517,1.82697,2.7832,3.13812,4.81547,6.12773,3.88203,2.77598,3.18818,4.52469,3.76749,5.78751,5.52829,3.85896,6.59989,5.16026,7.57867,7.21029,10.8205,8.5019,10.7007,8.56841,17.6742,11.8898,15.1552,16.8591,23.7329,29.4098,19.3916,30.7425,38.6891,38.8598,352.151,549.845,514.347,497.595,531.048,499.561,523.481,526.096,577.07,543.872,537.852,568.853,550.28,520.347,554.685,537.747,485.449,565.965,504.989,523.355,555.777,556.338,518.79,517.261,510.159,548.427,573.578,542.429,493.298,464.672,541.354,604.946,498.802,359.155,41.3985,32.4899,33.4953,22.6183,23.1721,15.3693,19.8642,13.8181,17.1791,12.3578,9.08716,8.59128,9.38757,10.0751,7.55064,8.46718,5.6769,5.67589,5.666,5.0207,4.96924,5.2786,4.84861,3.63504,4.73997,4.20267,3.06519,3.15712,4.03487,3.13966,1.9463,3.03827,1.17163
1.51668,4.58642,2.2867,2.3003,2.57121,3.73844,3.39635,4.13963,3.41631,4.2589,4.69861,5.31771,5.82989,5.50162,7.2533,4.26141,7.34289,9.34196,9.33644,8.87384,10.0741,12.5859,14.4604,16.6631,12.7252,14.0053,16.8301,21.4066,20.6591,27.7001,34.348,34.1737,48.4889,350.219,515.386,506.846,548.575,533.662,526.824,561.299,551.784,511.959,592.035,569.365,598.732,542.314,529.947,537.578,534.587,526.175,601.956,533.596,552.628,492.851,558.81,582.512,546.647,530.234,618.132,542.497,541.692,536.456,586.741,525.935,494.934,477.926,361.122,35.7311,28.4399,31.3881,27.9843,17.5547,16.6716,20.0375,15.5156,16.0491,14.2868,14.5332,8.68231,10.4087,8.78768,8.84707,6.3457,6.69067,7.67318,5.34315,5.02642,5.55026,4.35932,3.37583,3.30479,3.94851,5.69385,2.51364,2.46009,2.70255,3.32477,1.84216,2.62769,1.91477
2.74722,2.44303,2.35933,2.26645,4.42105,3.63014,3.5016,2.19327,3.10159,3.57982,4.50016,4.28047,5.18846,5.32529,5.88591,7.31967,7.64619,7.60346,8.98049,7.77834,11.792,11.8382,13.1861,10.0202,11.2148,20.5099,18.5926,19.3415,18.9605,28.2139,33.3315,40.2411,41.2927,322.862,445.866,502.574,504.345,578.549,579.822,541.96,541.638,517.508,533.154,473.845,507.154,533.496,584.532,552.965,593.078,575.612,551.409,513.127,530.173,523.965,516.902,556.365,551.788,577.387,532.748,522.293,532.344,580.497,515.32,516.611,519.975,473.076,366.721,50.1921,31.707,28.6163,31.7695,20.6088,18.0447,17.5439,20.4574,16.0955,12.538,12.8044,10.5233,11.7415,8.29369,7.43708,7.17761,6.45668,6.78124,4.98387,6.83726,3.93492,4.88657,4.06446,4.96729,4.90901,4.53991,3.32516,2.91601,3.86503,2.25499,2.61333,2.65216,1.58987
2.0214,2.45711,3.3854,2.93969,2.62009,4.38468,3.6582,3.43507,4.22065,4.80926,4.54959,6.8042,5.97845,4.45074,5.32603,5.55526,5.49348,10.2289,7.90247,8.94191,14.073,9.4635,13.3523,15.9527,19.2423,14.3103,18.1932,20.5081,28.1318,30.1513,41.4552,39.9376,49.3158,322.536,501.3,450.313,500.786,535.145,528.739,526.915,534.913,523.151,462.516,498.038,523.826,544.712,534.179,559.345,534.236,537.963,534.799,537.375,475.058,529.278,541.227,514.899,558.248,534.983,501.595,512.148,518.337,554.953,526.096,482.381,455.978,555.254,348.305,38.1204,36.6962,25.6198,26.2617,25.4561,18.9633,18.3957,16.0046,14.9359,13.8253,14.8334,10.4512,9.31851,8.04132,7.11915,8.78577,7.18554,7.59509,6.49785,5.24453,5.9299,6.34824,5.82849,3.63682,2.1967,3.58346,4.2432,3.8374,2.74768,2.09002,2.85728,3.10905,2.48025
1.82086,2.71044,2.69382,2.6656,3.08777,3.09312,4.16931,3.64272,3.5114,4.01138,3.89899,5.74986,4.0344,4.8304,8.4584,6.95477,6.3737,9.09189,9.44756,8.04834,11.711,13.0902,14.1412,12.8733,18.6947,16.1789,16.6879,17.5225,22.5696,25.8346,36.4666,44.4339,42.9279,346.281,499.635,448.477,512.105,505.847,517.374,508.639,504.177,482.272,535.427,492.687,538.131,476.078,536.671,545.25,493.082,493.635,532.512,551.795,538.816,528.135,559.075,491.463,564.671,524.838,517.435,533.212,494.224,546.948,505.03,551.624,508.895,494.039,338.362,49.0703,41.2881,26.1894,28.4708,26.5865,21.8176,24.8659,15.885,13.8423,14.0045,15.1091,12.4681,11.1266,9.89255,10.1063,6.04608,6.10274,7.23504,7.35847,5.92203,5.63982,6.54742,5.78568,3.55871,5.08635,2.7854,3.25073,2.63402,4.04367,3.63222,2.70275,3.15511,2.38661
1.79766,1.28258,1.99226,3.47512,2.56687,3.20236,4.80665,3.6564,5.78026,6.49706,5.59007,4.92161,7.22439,8.74862,6.67946,4.44035,8.46373,7.75499,9.78794,7.96284,9.08013,12.9957,15.3176,8.89574,12.194,18.3664,19.5212,26.3368,25.8297,30.1336,36.2204,42.2636,39.2718,328.902,483.706,508.004,549.93,454.616,497.089,501.554,463.724,470.247,524.084,513.501,483.226,515.569,434.931,546.428,543.192,468.391,491.463,526.214,534.035,487.227,495.71,480.966,576.809,513.373,556.522,521.879,529.086,550.357,480.521,519.744,502.429,489.065,336.509,42.1132,44.0256,43.4252,33.1814,26.4448,24.496,15.7866,23.0697,14.0703,18.4194,13.3008,11.2937,12.3764,8.23463,9.38653,8.6155,8.01315,6.34151,4.90366,7.10706,3.74207,2.68825,5.09542,4.99408,5.10121,3.44155,4.16537,4.33343,2.66933,2.81974,2.3455,3.02113,2.76259
2.79271,3.59441,2.39662,4.78122,2.27598,3.45985,3.2881,4.70371,3.54601,7.14604,3.92917,3.59174,5.4177,6.48333,6.38648,8.34666,6.26724,6.71665,11.0979,8.92165,7.92544,12.6076,11.7139,13.7531,17.6698,16.0164,19.3498,24.5123,23.4315,23.8974,47.2501,35.2529,54.7404,357.52,489.967,457.447,452.692,468.965,556.634,522.838,457.874,482.108,481.633,496.231,541.499,515.727,493.016,506.609,539.442,526.945,538.938,520.104,521.199,500.375,505.193,501.502,501.294,507.147,515.542,530.476,535.897,460.829,482.827,459.693,449.962,481.136,357.83,46.3036,33.6662,36.4309,30.9092,28.2295,21.4196,27.168,15.7959,14.7628,11.6917,12.4669,13.9906,9.78535,8.71041,7.73039,10.4836,7.21852,9.62562,6.28521,7.85192,6.16099,5.51582,6.67496,6.9572,5.25742,2.77721,3.31348,3.1949,3.29203,2.04324,4.07449,2.30685,3.40594
2.58075,3.82853,2.51772,3.16557,3.84315,4.0267,2.18367,4.32562,4.23354,4.27199,4.92769,7.90195,6.10613,8.26306,7.16953,7.35341,8.35931,7.98999,9.72924,10.6323,12.4416,11.5113,11.6265,17.4156,18.8419,16.5828,22.0157,22.464,27.3622,28.5205,34.3787,38.9624,49.4555,322.43,490.934,481.101,513.744,498.5,493.297,482.521,471.53,498.328,511.898,544.387,535.033,506.934,514.611,540.559,481.249,469.441,501.01,524.516,481.009,485.601,487.329,458.978,506.72,553.306,490.115,506.012,424.972,509.887,565.444,494.168,495.969,501.993,348.691,43.3853,42.1384,24.2387,32.7698,34.3799,25.4596,21.9369,16.9257,16.6902,17.8413,15.9721,11.1604,11.1269,8.4712,9.82705,8.67439,8.76432,8.57902,8.7164,6.78956,7.08852,4.75014,5.05268,4.01261,5.07217,5.25421,3.9514,2.84831,3.19293,3.05238,3.65587,3.20351,2.62692
2.01963,1.52021,3.15971,3.53171,3.11659,2.92297,4.52675,4.08341,4.74062,6.84113,4.99016,4.90857,6.40421,8.91334,9.11047,9.0986,8.83271,10.7309,8.45168,11.2549,8.22683,18.0382,15.6296,16.7921,16.4593,17.4141,23.423,20.9838,24.9737,26.4585,39.0189,41.3758,46.4954,287.392,459.016,517.638,497.73,530.741,493.041,480.611,539.022,528.586,604.521,546.056,613.219,507.636,510.844,530.698,511.501,497.82,555.358,516.182,471.226,497.911,554.915,490.312,534.018,516.135,491.225,536.988,468.423,560.494,498.487,506.342,465.596,446.04,354.993,38.6459,43.2491,45.2589,33.4404,26.8019,28.4273,16.2375,16.1282,18.6224,17.1757,14.0529,15.068,10.368,11.309,10.5874,10.6731,7.10405,5.66736,9.68787,7.83338,6.15547,5.43487,5.8302,3.9072,5.5456,3.95836,4.22886,3.63076,2.80189,3.55689,3.10669,2.28197,1.92834
2.90048,2.44071,3.25166,2.95613,3.69931,3.39458,4.40015,4.48992,4.77359,5.26526,8.24359,7.03711,7.23443,9.58702,5.25923,8.36109,9.86545,9.7499,7.90509,11.2512,9.1173,11.0872,17.9499,13.8111,19.8927,21.2008,24.308,24.1652,32.3024,28.3574,40.0975,51.3535,49.59,337.823,506.455,478.49,460.018,491.558,484.327,463.34,464.122,456.417,475.929,499.95,498.824,488.02,488.486,442.425,501.77,462.29,481.03,488.322,488.085,488.111,480.015,505.177,470.048,530.527,551.291,514.659,514.407,523.347,452.699,454.344,467.757,465.614,327.49,46.3199,33.7715,31.0442,26.4728,30.513,22.5455,25.5604,17.3848,19.7993,14.5359,14.2794,18.2544,9.92988,9.48596,9.67298,11.3346,7.92336,7.54095,6.05305,10.1831,6.2839,5.82771,6.27145,5.05208,5.03697,3.3358,5.93178,4.03545,3.87158,5.04353,2.46457,1.29971,1.60714
3.78626,3.41682,4.57726,3.65851,2.35713,3.71768,3.6834,4.03405,4.59476,5.50076,5.00198,7.20533,5.6034,5.91476,6.6167,6.8677,9.75494,8.81152,10.0925,12.6292,12.7812,11.8946,15.6841,15.1925,14.945,20.3639,21.6507,23.6214,24.9018,30.1172,27.5262,33.9484,45.6018,337.037,441.549,523.333,468.38,451.159,488.519,499.38,469.648,427.451,494.629,500.132,491.958,522.001,526.595,523.875,474.469,504.81,486.848,500.75,485.54,555.866,440.773,440.203,496.3,500.834,448.21,487.937,515.157,490.21,487.458,489.848,478.514,493.802,323.547,52.6861,34.0016,32.9831,35.1131,27.1951,22.0647,19.4679,19.1824,16.9208,19.2068,14.967,11.9386,11.4028,12.4028,6.04744,8.11321,7.65655,6.40008,9.19454,7.32457,6.39807,4.95718,5.18487,5.34892,3.40689,3.13115,5.38798,4.66986,3.74404,2.81476,2.90821,2.86761,3.15735
2.03393,4.12419,4.29959,3.51487,3.55624,4.20989,3.90425,2.68604,6.50775,5.30272,4.98817,5.67396,6.61741,5.99857,9.63608,8.62153,11.7397,8.90834,11.328,11.9108,8.91997,11.0878,15.4925,16.8237,17.9283,21.7651,19.568,25.7518,29.1949,34.3232,40.2584,49.9674,44.9252,273.364,431.993,445.104,451.225,450.357,492.686,489.128,460.61,434.013,502.963,489.311,466.294,483.625,477.468,476.839,472.953,498.379,478.944,529.874,501.116,428.734,531.917,481.391,529.604,474.65,524.805,464.002,445.05,492.081,513.624,487.372,501.663,418.662,337.17,52.1013,43.1212,35.5051,32.3925,27.6371,24.1075,21.0719,22.7732,17.9723,16.0012,15.644,17.7643,12.0449,10.8974,15.7737,9.5151,11.3873,8.07125,9.16051,5.92703,6.54459,4.62799,5.87368,6.08971,3.82363,4.3675,5.64672,5.39914,3.3026,4.23303,3.76505,2.04525,1.87777
2.15548,1.74737,3.00324,3.69607,3.16303,3.56372,2.60195,3.21261,4.72413,5.44742,4.87508,6.63314,4.17086,6.11018,8.07884,7.33162,11.0993,6.68675,9.21618,10.4957,11.6218,10.627,11.3173,21.5926,16.9875,19.66,22.874,20.4482,27.9748,27.5782,33.8975,40.7377,44.2802,311.479,444.976,467.903,438.303,528.264,472.279,491.561,505.466,474.012,501.265,495.024,504.857,440.888,469.539,454.13,440.419,466.778,475.852,508.213,486.597,484.282,475.479,476.924,455.203,487.121,523.791,436.652,487.314,474.505,472.334,452.268,451.548,428.756,353.313,48.8115,36.335,36.5761,27.503,22.7656,17.5025,23.0179,23.4222,17.7775,19.6649,19.0466,13.9197,9.4133,11.2546,8.93451,12.2753,9.42118,12.4559,8.78685,7.18903,5.46442,5.01432,3.5188,5.64715,5.84992,3.96793,2.21002,4.40889,2.50097,2.58945,3.44568,2.74528,3.64408
3.127,3.81207,1.92969,2.35419,2.21788,5.06592,4.65715,4.95505,5.2502,5.15394,7.60918,4.67762,10.1436,9.72875,8.1351,7.23411,11.203,7.92192,13.5883,10.8302,13.4634,13.3555,16.6948,19.9568,20.1495,17.2314,29.1888,31.7494,30.1075,34.8186,36.8566,39.4835,54.2649,317.83,461.519,450.759,467.469,420.248,459.788,436.318,414.007,448.049,460.594,471.537,457.501,493.285,454.487,491.49,425.658,457.085,439.312,439.521,432.49,454.976,482.617,446.714,458.957,490.182,495.895,478.235,468.7,445.533,452.253,414.367,445.861,414.424,328.093,49.3795,39.2694,44.0517,29.9941,28.7977,25.9907,27.1755,22.7437,18.3511,17.4039,15.5752,13.6288,11.6229,11.5064,9.94066,12.1092,6.37584,6.49369,7.39041,8.44338,4.1897,5.3076,6.22018,3.91225,5.42481,5.22839,2.65439,4.71798,2.72551,5.24111,3.28541,4.93119,1.66614
2.90035,3.45623,3.97179,3.00333,4.52284,2.71599,5.85324,4.79828,4.4733,4.21764,6.0318,6.32113,6.68893,6.54664,9.79463,10.166,11.7207,8.63382,8.52712,9.54444,9.66282,16.4104,13.3461,17.5823,18.1752,22.4012,22.5368,35.7284,34.805,31.5465,36.4576,44.301,46.8974,304.035,487.355,457.372,446.297,414.965,463.151,443.765,459.078,462.259,414.276,458.352,453.973,465.913,437.317,499.269,452.859,483.355,470.552,452.153,472.401,444.264,416.651,465.071,410.117,463.507,467.639,462.23,404.259,442.611,498.171,471.257,459.437,503.365,271.035,51.5336,36.3093,52.2855,39.3436,27.3734,24.8781,25.3581,19.6569,21.3102,14.6275,17.9857,11.8938,15.1746,11.6994,11.1508,12.6322,12.3653,8.86995,9.2446,8.70834,7.31805,6.13465,5.27385,4.7868,4.24819,3.52853,3.51226,4.41845,3.19372,3.38046,3.13746,4.389,2.82045
3.28179,2.3113,4.38366,2.74413,3.5855,2.97492,4.25714,5.79775,4.76298,4.75671,6.94487,6.51261,6.9221,10.4887,10.3171,9.95685,9.30665,13.0202,9.01565,11.4033,15.6241,12.8642,14.107,18.7025,21.1137,19.9257,25.3643,26.6932,30.4854,32.2406,42.8667,35.3022,52.5913,302.91,426.088,409.618,506.067,469.277,453.43,443.9,451.932,489.764,447.029,411.508,424.568,466.431,449.207,461.489,476.012,456.267,484.076,432.582,473.409,458.534,520.906,444.657,473.304,454.273,474.702,425.611,449.577,449.926,445.457,470.869,471.267,457.229,329.433,59.2089,43.1168,35.6629,34.675,27.3929,25.3102,28.4276,30.841,20.1396,15.6312,20.7275,14.8594,10.7429,14.7678,10.0221,9.42912,8.84727,13.367,8.49684,6.26062,5.12426,5.67494,4.87112,4.40299,5.85296,5.98439,3.72695,3.19524,4.76202,4.06499,2.8715,1.76598,1.86332
2.06639,2.91295,2.97325,3.11967,2.82661,5.4443,4.91892,4.62837,3.99491,6.16672,4.88278,6.96049,6.73457,9.27714,5.04508,12.8362,10.0511,11.3552,10.8909,9.00881,15.1276,17.5185,13.5127,12.8655,14.841,11.4533,26.8798,26.2037,33.0662,41.471,40.2865,48.8555,58.6759,291.904,449.708,432.01,462.435,486.454,434.489,442.616,456.807,480.126,451.979,451.809,454.186,455.727,454.612,423.187,450.364,437.028,471.492,461.402,479.635,458.479,401.568,474.855,423.224,469.978,483.623,455.304,490.095,420.86,462.986,438.312,420.369,441.975,303.011,39.6237,36.1351,36.6194,29.1934,24.3348,22.5115,26.3294,17.8025,16.3458,17.0126,19.6442,15.3879,11.1595,15.3233,9.97228,9.17781,9.04972,8.8883,7.03069,5.10486,7.43469,7.60129,5.82358,5.83438,5.19091,4.84327,4.88725,4.38592,3.84365,5.02874,2.42868,2.77827,2.83227
2.83088,3.79842,3.78597,3.11633,3.03241,4.36522,4.13872,4.47615,5.38878,7.938,9.24334,7.10034,8.53171,8.32572,6.60288,11.221,8.68739,8.75448,12.3459,11.6932,12.23,12.6153,16.3332,19.2304,16.5366,20.5734,19.716,25.8028,28.5718,37.2423,39.2332,37.4468,44.9873,275.327,392.19,424.024,427.983,424.471,443.191,418.526,454.44,477.313,463.904,454.833,424.699,463.074,436.864,420.302,408.76,403.531,468.466,467.074,483.197,430.406,413.517,487.545,479.746,456.725,382.667,484.35,392.286,462.813,439.74,469.555,408.537,419.588,306.828,46.3105,45.3751,31.2022,32.3879,26.3757,26.5433,26.8757,25.1063,19.3303,20.5586,14.2062,15.0794,15.8365,10.212,12.3689,10.5649,9.31839,10.0331,5.34462,5.20945,6.68595,5.74516,8.31468,6.44712,6.43643,5.57879,5.08268,4.22295,3.66441,4.39569,3.67233,2.8039,2.14165
2.81003,4.26306,4.68371,4.51628,6.06176,2.59697,5.89642,5.58283,3.9505,4.51701,6.67763,4.49007,7.58374,6.46955,7.25331,7.67344,9.38723,12.2352,11.8392,10.1124,13.1433,11.1588,18.2767,20.4902,20.7647,20.3656,18.395,29.7254,35.4163,30.9215,33.9304,41.0244,57.2774,290.535,391.414,409.945,473.359,433.691,456.248,388.036,457.234,389.689,442.997,467.755,440.749,450.774,446.995,409.394,435.444,484.171,483.397,473.332,442.049,405.448,451.636,428.24,435.584,448.788,471.206,447.414,433.108,491.959,415.903,422.513,377.37,423.951,262.12,36.1223,33.1751,42.9391,28.0729,30.1351,27.1835,20.4146,28.3699,23.3934,9.30618,16.5952,14.3169,13.6848,11.0189,11.3277,12.5963,9.43293,8.44152,8.07065,7.77633,9.11489,8.04541,4.7902,6.79763,6.40776,4.06158,4.40207,3.63109,5.18699,4.01561,2.19479,3.01471,2.21963
1.6734,2.68258,2.3278,3.83715,3.44888,3.67919,3.17884,3.89838,7.44881,4.67596,6.37285,5.93812,9.67294,7.50067,6.06668,9.22709,11.2865,11.82,12.7349,11.881,12.8144,13.7117,13.1398,17.0227,19.7243,22.8357,22.6641,27.4751,23.6287,37.5135,40.0134,35.1608,49.2797,287.991,449.351,404.699,445.258,428.266,405.805,470.292,492.912,408.054,385.644,431.072,464.256,480.564,424.853,442.133,447.094,403.415,456.153,423.179,393.513,468.777,490.196,426.174,400.882,414.966,424.946,437.325,435.256,442.237,375.031,445.814,403.443,422.555,282.99,49.0578,46.5328,27.9309,40.2398,28.3176,24.0095,24.0667,22.664,21.3449,17.8236,15.9133,14.9864,11.9965,13.8396,9.97456,11.9021,6.68285,6.75711,9.90105,7.56432,4.69748,4.16779,6.86679,7.03209,5.62172,4.27083,4.25722,4.11741,2.22497,5.18273,2.74848,2.11003,2.43655
2.87646,4.16984,3.59706,4.62417,3.03144,3.49083,3.60984,7.4314,6.21711,8.0414,5.56357,7.88867,6.40097,9.21549,10.8053,7.42832,9.38172,9.33639,9.55862,11.1452,11.3354,10.0484,18.3407,19.8809,19.8909,20.6362,23.1279,21.4656,38.1249,26.4007,31.6513,48.0125,37.5223,286.065,414.405,470.984,466.612,435.631,486.444,458.403,410.706,427.821,475.95,445.166,437.691,419.951,439.636,417.131,365.514,482.686,418.968,439.897,446.097,459.691,436.468,420.932,436.896,416.188,469.314,435.666,461.959,439.972,437.518,442.453,387.91,393.926,279.002,55.8827,32.1714,42.1848,39.1134,35.6983,22.4116,23.518,19.1335,21.2699,16.2362,13.38,14.6115,13.1576,12.035,10.7859,11.6017,12.2639,8.69429,8.12057,8.87915,7.09911,4.04251,5.66589,8.12953,5.65231,3.03653,3.77331,3.44739,4.26962,3.76156,5.16232,3.1725,2.28436
4.67569,3.14676,3.25592,4.44726,4.20521,3.10461,3.71103,3.81252,2.82256,5.35053,5.12315,6.4107,7.99723,9.00126,7.3033,8.38268,8.87093,8.75695,11.8002,10.4614,9.2603,15.4166,18.3603,20.9899,23.3123,22.9488,26.1876,26.9369,23.879,30.8213,48.4479,35.297,41.7006,278.709,389.674,429.708,410.264,435.352,408.632,425.964,414.598,471.996,423.726,481.383,427.765,436.669,464.045,461.115,423.788,406.38,481.905,427.683,404.795,428.883,391.759,431.299,445.176,407.846,343.517,412.307,448.62,409.054,430.322,458.189,372.114,401.636,286.971,52.0411,33.9137,42.8584,37.6916,34.515,30.1806,19.2185,22.9187,17.2063,24.499,18.6414,12.9275,21.739,13.98,9.75394,10.821,10.1217,6.61785,7.96513,7.43624,6.40149,8.81286,7.04432,6.39384,5.21065,4.50207,4.10707,6.96903,3.38001,3.98195,7.09967,2.63378,3.41426
5.2592,5.26285,3.91314,3.81612,4.93172,3.56858,4.48649,6.15214,4.18393,8.46701,8.28995,5.1522,11.0281,6.11112,8.42355,9.83351,7.71223,12.1391,14.7385,11.9405,16.9614,11.2841,17.6206,18.1623,22.3782,29.3363,22.0225,33.4431,27.7278,30.994,39.162,44.7455,59.3093,302.566,394.183,370.118,377.285,399.942,415.439,421.388,374.903,455.633,401.856,365.045,443.289,428.064,390.936,454.214,398.058,412.074,402.638,409.41,468.146,444.4,434.151,440.762,477.479,446.74,421.951,402.077,375.239,409.894,430.103,417.911,415.568,386.911,289.71,57.6042,39.1105,38.0682,47.5408,33.3264,22.8193,32.7567,20.5801,19.7566,20.5364,20.1377,12.9263,11.8416,12.8631,14.2336,11.8676,10.4283,9.40747,9.0827,7.22758,9.78121,6.75972,5.05918,5.49633,4.56491,4.6274,4.09997,3.77438,4.6609,6.24619,6.54535,3.39508,5.33806
2.49662,3.83789,2.27828,3.19651,4.03411,6.25131,6.00442,2.53686,6.8249,5.50513,6.77041,8.73701,13.0268,9.71772,12.2092,11.1578,11.4186,10.6398,13.0724,13.4744,11.2461,16.2516,24.5851,17.6787,21.1081,20.9307,18.8394,31.2498,32.6426,25.1456,37.685,54.2978,45.4126,306.042,379.606,440.425,392.495,411.038,390.256,428.684,397.763,429.902,443.973,417.649,431.847,444.792,425.335,398.943,426.841,432.521,399.33,423.975,419.271,442.046,402.915,381.766,441.606,371.674,368.203,413.064,421.111,371.233,389.46,415.539,374.089,376.526,292.194,54.0498,31.7786,34.9606,31.1327,31.5448,23.5468,24.1453,20.3061,17.488,18.3291,19.4969,15.8963,15.0485,10.81,15.6869,12.4473,8.33311,8.14891,7.79413,7.01586,3.28535,6.69663,8.60716,5.45297,5.29325,4.46761,6.02312,5.0912,4.16746,4.72766,2.49528,2.72122,4.6394
2.40428,4.40107,3.0169,4.81804,3.65242,4.65607,5.87444,4.69498,4.76504,5.11713,6.29155,8.13669,9.54291,8.15785,9.32822,9.72148,9.70772,12.3268,9.48357,8.78505,14.4861,19.0557,18.7817,17.7119,14.4157,27.8493,22.1116,26.9586,34.3663,37.907,31.3677,40.1777,48.5227,304.169,412.841,351.905,398.694,411.631,378.897,379.454,451.894,367.241,397.9,422.851,454.591,396.372,418.524,389.728,430.184,435.769,416.162,433.853,500.861,452.619,414.356,431.28,417.792,445.162,421.154,373.11,439.605,389.733,412.564,395.332,425.583,402.684,254.821,47.7418,42.5372,40.7551,35.9848,29.951,25.7941,20.1492,18.7089,17.9396,17.9133,17.2745,12.8084,21.4908,12.2024,12.7742,10.3793,11.7051,11.5232,6.3323,6.52747,10.6788,8.26013,8.55341,6.26162,4.46544,6.39272,5.0779,5.61002,4.26524,4.63418,4.31065,2.92375,4.81193
3.5489,3.15067,3.29446,5.02213,4.4459,5.0577,4.6154,6.56275,6.63824,5.36527,5.26724,6.67854,8.37804,8.62265,9.533,9.86913,13.4087,12.7648,11.5367,14.534,13.9302,15.9524,15.2707,23.6516,13.0634,20.4099,26.0595,28.4479,32.6812,29.7939,43.4624,43.8408,48.2875,261.044,322.046,351.272,391.508,401.305,424.043,404.741,390.112,409.451,422.62,442.134,405.839,442.484,408.802,395.384,453.278,413.997,436.259,412.832,394.229,427.434,411.2,428.521,446.382,399.966,424.512,364.179,427.93,448.342,401.007,376.412,390.741,409.851,274.027,50.9319,46.7407,33.06,32.0337,29.4479,22.814,24.7261,20.9497,16.8796,20.505,18.5307,10.9877,13.5007,16.1385,7.64725,9.17698,11.1292,9.23999,7.55189,7.82691,6.05642,8.96354,9.14802,5.81177,5.09574,5.74576,2.79241,3.7817,6.20941,3.7149,5.08967,3.50457,2.71034
3.65909,2.36573,2.22999,3.39923,4.74437,4.07319,3.5977,6.95033,4.88525,6.84973,8.24565,7.51675,6.26897,7.67776,15.5552,10.8237,9.86911,11.9851,9.34231,12.9963,16.3122,11.4931,17.3871,15.2573,20.4886,18.5394,25.725,32.6612,32.9955,25.3556,31.6891,43.7487,60.5437,263.315,378.585,439.714,420.235,391.696,396.806,408.685,392.382,436.509,365.64,373.384,355.804,401.505,374.899,428.685,432.351,377.216,432.188,433.599,409.569,377.218,408.337,393.3,424.644,434.568,434.58,406.088,439.859,394.839,432.469,390.756,393.197,363.204,230.426,59.2537,41.3546,39.0136,26.376,29.5715,28.338,30.6728,23.9309,14.7811,24.4284,16.1275,15.7112,20.6561,12.1812,9.79896,13.8085,10.4344,9.02788,7.83042,7.2728,8.64893,7.10036,9.07186,7.68366,7.41662,3.45972,2.59588,6.42959,2.96561,5.88468,3.74383,4.56659,4.18008
2.8899,3.95148,4.94501,2.45024,5.00503,3.01228,4.0931,6.62477,8.06365,8.07998,9.56917,6.05052,10.1067,6.04458,9.57124,12.5267,11.9738,12.3546,14.2756,17.9521,9.65298,15.6921,20.2873,18.5944,17.3898,24.798,28.4041,29.9088,30.6801,40.0738,35.0505,38.0689,48.3404,264.404,362.918,420.725,378.705,394.751,390.885,392.164,406.33,425.894,447.031,341.074,399.436,390.046,395.811,377.702,384.948,381.284,428.35,412.794,420.168,448.44,371.634,416.487,389.183,426.9,430.004,378.877,359.122,373.59,366.502,378.144,413.584,355.343,237.471,53.9574,40.6685,31.4161,24.4164,24.3212,36.9465,28.2196,18.9809,22.8908,17.8349,16.0226,15.7136,11.4264,14.2882,14.095,11.1388,9.45236,5.3461,8.21413,8.87156,6.41944,8.74918,7.46267,9.65867,6.003,5.04829,3.60516,6.10682,5.12361,4.63705,3.36789,3.20491,3.81714
4.40244,4.79242,3.21135,3.86139,6.55571,3.14168,4.0694,3.97714,4.70292,5.92467,7.45882,6.13869,7.00656,15.5773,8.99662,12.6448,7.66542,13.9339,11.9954,16.8132,9.28061,17.9907,23.9926,15.709,21.3923,21.2755,21.7028,32.8981,26.7138,39.6148,31.079,47.4267,53.0555,274.103,395.888,420.625,391.692,429.878,432.546,375.178,395.002,385.467,393.559,390.194,434.391,397.146,347.688,366.342,398.726,369.076,450.671,413.008,387.355,404.628,372.519,389.686,348.245,389.351,355.382,387.044,367.573,379.682,373.094,368.46,336.265,356.016,250.244,50.2129,40.8765,40.7367,25.6267,33.0556,22.1659,19.7036,25.5777,24.1595,21.292,10.9449,14.6473,12.261,8.52736,11.0217,13.6178,14.3715,11.1066,10.0676,7.71156,6.54691,7.37349,6.01537,8.2552,5.73879,6.83798,5.6231,4.27882,5.34997,3.33045,3.64031,4.76154,3.02033
3.01593,2.5181,3.32302,3.23612,2.63626,4.26858,8.38604,4.31637,7.08424,4.76033,6.04037,5.64385,7.54868,6.66919,9.48702,8.62974,7.35387,16.8306,11.8276,11.4219,9.0557,17.8058,16.4382,23.0707,23.5752,21.7032,26.0968,27.5848,22.6234,36.8046,25.4398,49.5882,50.3347,264.695,329.29,350.517,345.708,402.862,415.674,343.387,405.566,414.443,412.21,373.459,353.378,382.506,389.992,381.314,391.951,389.077,397.173,397.079,384.602,441.434,414.017,397.508,417.942,396.956,357.537,386.854,380.297,379.75,386.025,338.309,389.408,380.344,248.094,46.436,50.5014,41.6872,40.5003,29.7337,23.1962,20.4861,20.7991,20.5276,18.9487,18.0298,16.4749,13.1804,11.1057,11.5962,12.1898,7.74479,9.72492,13.9446,7.71093,7.69647,8.92042,8.0937,7.94913,5.97434,7.31005,6.11649,2.85119,6.00676,3.61252,5.36875,4.64652,4.77944
3.86031,2.92583,4.70628,3.54967,3.32598,4.74342,4.5868,5.18908,4.36859,5.80751,6.7205,5.56618,8.72063,5.99978,7.19791,10.5889,11.9624,11.9142,14.5238,16.5743,13.1694,18.9748,16.7187,15.9193,25.1195,20.2777,20.0803,24.0549,29.5954,28.3706,46.2278,49.3057,44.6477,259.578,393.226,386.626,333.842,344.032,373.575,410.272,381.511,369.087,392.944,351.649,423.477,416.517,357.873,366.742,408.838,399.852,398.449,379.163,347.552,405.285,431.51,368.081,355.497,380.179,391.153,375.075,387.292,398.807,365.39,350.033,362.519,402.099,266.429,40.9798,35.0977,39.7255,30.731,29.24,27.6781,32.6648,19.0725,22.1917,21.103,13.5755,17.1777,12.9302,11.9887,11.2677,10.6849,9.48184,12.1383,11.5501,5.74395,5.52327,5.71412,8.71376,6.04526,6.80994,4.13199,2.63972,4.92884,3.69852,3.31537,5.70839,3.03109,4.11892
3.64524,4.02022,3.6555,4.93108,6.2509,5.51768,5.48616,5.96656,5.7017,5.26978,5.94252,7.531,9.40263,10.709,9.90011,9.42972,12.1736,11.3197,12.189,8.99277,15.2355,21.576,17.1961,16.7618,20.3458,20.8082,22.5626,29.8626,33.4318,34.5241,36.9423,50.6005,61.5593,282.271,370.026,358.652,357.19,394.644,390.029,399.128,371.267,376.284,356.415,370.605,380.208,339.211,409.758,395.093,396.852,329.907,378.209,389.926,307.442,377.915,350.553,350.505,379.703,371.848,362.636,366.102,416.335,358.806,383.067,377.852,403.806,412.792,299.677,50.6607,45.1528,40.3817,29.0615,32.5891,30.8821,19.7962,20.9921,15.5393,24.0653,20.3176,11.6577,11.2701,12.1509,11.9041,11.9779,8.20358,11.9548,7.36126,6.71922,11.9043,9.25481,5.67885,5.50326,6.84453,7.0804,7.48548,4.94025,4.85457,5.42438,3.99218,5.59662,3.44326
3.99958,3.2705,4.32411,3.60528,2.72479,4.45875,5.95594,4.41151,8.50214,7.4483,11.7415,9.96694,5.64542,11.0922,11.4455,11.0508,11.6208,11.4762,11.6218,10.9393,15.6973,16.7106,20.9085,16.4901,19.7911,26.3833,19.9407,32.1775,37.1079,29.8728,41.1928,57.1907,39.1636,235.926,350.619,343.113,398.605,357.893,350.7,364.703,339.486,352.333,363.282,350.745,370.159,367.059,388.739,378.233,374.483,391.612,375.845,344.559,368.774,350.684,403.492,387.164,357.949,345.79,397.963,356.97,347.666,369.76,402.641,318.626,383.599,368.892,289.963,37.1627,31.4276,43.9752,25.0634,29.1165,27.8155,20.2502,28.8472,17.9979,15.8189,14.7938,20.9272,16.2514,11.934,20.5656,10.8978,11.4926,9.62659,6.43587,8.94594,6.07887,7.18412,4.46053,6.22428,5.58274,4.12054,3.88612,3.44538,4.97876,4.30023,3.54366,2.40245,3.42081
3.51113,2.81696,4.0024,5.44093,6.86812,4.64987,5.67959,6.48346,4.19386,6.03867,8.18458,4.76854,9.82611,8.88372,8.38504,9.9174,12.6233,9.75549,10.4749,14.9135,16.8247,13.0791,16.8602,17.0335,14.8992,18.6626,22.6825,29.2274,38.1954,32.2545,27.2086,53.0997,47.4142,239.52,360.785,336.364,322.867,355.287,375.806,340.417,322.75,356.827,328.038,359.09,396.594,428.976,400.197,365.73,364.543,373.598,372.37,371.217,351.146,375.414,350.073,402.132,357.17,372.822,373.557,386.04,349.58,364.955,350.744,325.424,333.583,322.674,230.523,58.6128,34.7452,45.6776,38.8637,27.3003,22.9391,29.7787,29.3072,26.3791,20.7639,20.4493,21.9322,15.9262,13.967,12.4827,11.4906,11.4719,11.0997,10.3264,11.943,10.4449,5.14637,7.7987,5.4218,6.01577,6.21735,3.89094,5.12904,4.82974,5.41647,2.57655,5.76974,3.67617
6.31754,3.02098,4.27657,4.5672,5.29018,4.62745,5.87061,5.6403,8.88617,5.08055,5.73784,7.28509,8.50605,7.55743,10.1116,13.9699,7.18856,10.1403,15.7019,14.6991,13.9046,18.8485,23.4704,17.9702,27.734,24.3062,21.5397,30.3875,33.7635,30.6623,35.9113,46.2698,44.957,257.814,362.234,348.326,312.038,360.386,399.561,349.919,327.567,327.364,378.425,375.836,372.763,336.81,403.695,354.33,402.445,379.816,388.367,375.366,388.958,391.044,324.36,369.34,337.61,397.401,403.794,343.284,371.285,302.08,322.936,404.847,367.664,381.049,237.418,50.1961,40.003,53.4934,39.218,26.3064,23.4811,22.1767,19.2749,28.1999,16.5132,15.2081,14.1085,17.1631,13.8856,15.7317,13.6808,13.4535,8.95872,10.2665,10.6852,7.77631,7.09074,8.99957,7.2808,6.55266,7.03594,5.81382,8.04454,6.239,5.28376,3.73069,3.93741,3.20915
1.76578,4.0932,4.11065,5.37363,5.36706,5.03294,7.18022,4.98807,6.8508,7.63228,8.41995,7.33521,5.67153,9.64759,11.1349,10.2051,6.59735,10.0613,15.312,20.0134,12.4042,14.4697,17.9453,17.8373,16.8705,23.715,21.4156,29.8424,35.0446,32.6059,38.5919,50.5862,46.8068,227.541,336.483,288.935,394.21,326.434,364.374,354.472,332.649,342.422,354.109,313.39,379.604,360.786,324.448,325.831,374.839,366.732,393.163,349.385,365.201,346.732,351.082,360.026,367.852,387.113,353.966,369.37,380.69,342.364,333.016,354.069,358.759,332.259,203.743,41.4006,43.8706,42.7089,31.9471,46.6403,33.3863,21.7604,17.9879,17.9464,20.2982,19.953,17.0279,12.6422,14.4524,19.3294,8.78751,11.1336,13.3893,12.0403,5.89606,8.33863,7.39558,6.54765,6.66479,6.70535,4.61896,4.8608,6.60799,4.19257,6.1906,7.28698,4.58437,3.66779
3.28936,5.27077,2.92607,4.42325,6.04161,4.10511,4.25896,4.7498,5.47583,7.68414,3.37041,5.62105,7.76585,6.07872,6.07677,12.9344,9.88835,13.4301,16.3426,15.0573,15.5568,13.1592,24.7126,18.6184,21.9601,21.2727,17.2718,31.7865,32.0555,26.3674,44.9916,42.2884,43.361,208.821,314.053,357.385,334.364,377.025,366.305,345.635,351.078,383.943,418.571,314.165,358.159,326.953,365.511,415.947,350.534,336.551,333.189,320.564,407.608,346.264,376.163,346.519,342.702,340.786,349.421,396.278,356.564,373.055,340.291,310.534,317.541,387.185,240.218,52.7809,33.4989,37.8332,42.0117,25.141,26.0311,22.8717,16.4768,22.5905,20.0003,16.9093,20.9971,13.1807,11.7175,11.9935,15.7614,13.4616,13.0062,9.96359,11.3369,8.77711,10.0598,9.00138,6.11316,3.90834,6.35859,3.29612,3.03424,6.48201,6.0833,6.57724,4.07537,4.94183
2.90914,6.9023,5.20583,6.36986,4.24562,5.83354,4.37695,4.27394,5.2771,6.82865,6.4033,9.68748,7.46935,10.7031,9.33475,9.45297,15.5427,13.4673,17.3551,12.904,10.5627,14.666,21.4269,17.9072,14.0871,22.4062,20.2036,19.0126,25.8886,28.0087,34.4113,40.6179,47.0224,245.729,284.478,324.855,329.947,324.041,341.645,335.513,336.359,319.551,325.014,390.571,378.837,338.957,343.682,400.474,339.301,354.005,374.246,320.091,341.898,376.222,325.867,344.327,336.263,366.367,385.727,339.829,312.672,387.013,365.604,331.032,324.283,309.193,267.991,48.4777,51.259,34.5151,35.4969,29.8256,29.6086,24.0807,25.272,20.6818,13.4169,16.146,13.1084,16.8106,9.82933,13.2083,18.6881,9.24792,13.3052,11.3327,5.32307,9.35279,5.14467,9.51461,7.59054,6.52538,9.56202,5.56521,5.03108,5.44819,3.83881,3.4423,4.20944,4.81952
4.16986,2.59648,7.36696,4.8391,5.84779,3.41598,4.00816,5.8731,5.20398,8.61159,6.02303,7.16323,9.25608,10.3653,5.34414,8.3826,13.3931,13.2132,18.527,15.4881,12.3232,16.4039,15.4466,22.2531,21.6952,23.2421,23.6349,26.0847,29.7304,28.3417,44.7988,38.4272,47.5803,254.223,276.217,332.841,301.897,334.269,375.549,318.376,317.239,333.671,331.522,396.28,395.452,311.571,341.35,409.808,339.394,328.183,345.898,340.176,333.674,330.234,397.292,342.849,343.043,374.331,361.589,358.102,287.928,323.851,323.764,304.997,369.343,324.833,210.588,49.5226,35.821,44.8047,36.2284,32.7088,28.8439,19.6346,20.5246,30.7126,21.0946,21.3524,14.16,19.8711,13.2217,9.94487,13.074,10.2004,8.08239,8.33768,8.85296,10.0627,9.42582,7.42965,8.00629,3.54989,6.9123,7.44055,7.84567,5.10672,4.72961,3.44076,4.18972,2.9027
1.84073,3.64993,3.28879,5.60971,4.18821,5.17988,6.49854,7.5905,5.22471,9.40114,6.55768,8.18841,11.5462,7.21953,13.5148,14.0141,8.85662,8.06988,25.0655,11.5823,13.3444,22.8364,18.8408,18.0322,21.1061,16.2018,25.2096,38.7076,28.1449,34.651,44.1593,36.839,44.1192,246.623,300.014,360.948,293.437,351.786,349.697,318.323,321.18,332.681,335.975,342.802,307.092,325.615,330.74,358.193,398.468,390.944,369.576,325.87,365.075,335.508,332.205,339.877,355.169,368.328,306.781,350.732,318.377,311.207,350.113,327.423,279.142,338.949,221.08,40.6865,34.8569,33.7128,37.3876,28.9208,28.7811,24.2804,21.3668,16.9163,18.4957,23.1543,17.5261,15.6418,14.092,11.7002,17.1686,17.0512,11.454,9.52349,9.35651,10.8106,11.017,6.27473,9.05996,5.68198,7.27136,5.65205,6.62621,5.69159,3.85396,5.85267,4.69927,2.16342
3.9593,3.56763,3.77551,3.6793,3.39212,4.88696,5.78374,5.87874,7.82913,8.58048,7.52234,7.52997,7.78043,9.32942,8.9458,6.60842,16.2592,15.4287,16.4108,12.0719,15.8399,15.0669,10.3505,23.7872,20.364,25.8977,21.1024,22.845,34.0297,32.8201,29.5291,43.9395,43.1672,235.524,346.04,308.41,305.663,311.084,341.995,298.034,330.222,304.616,303.4,355.86,333.243,340.527,364.861,381.069,325.356,356.021,391.887,303.897,380.514,327.231,371.782,333.942,310.019,380.333,325.045,308.577,362.935,325.207,308.376,282.943,326.187,312.844,204.341,36.3549,38.3385,46.8979,36.1641,22.6983,20.6386,28.6379,21.233,17.0519,20.1068,20.8479,17.8792,12.8634,16.7918,12.6344,10.0196,8.72472,10.4786,10.4914,11.5355,8.92787,7.10589,5.48128,9.25028,8.51166,5.59546,6.29901,6.45899,2.72279,5.84249,4.00053,2.97013,5.28011
4.1664,5.01094,5.52083,5.44477,7.63518,3.08891,4.69531,6.58061,10.7759,6.83022,6.13611,9.8961,6.45272,10.3023,10.3115,10.4359,14.791,7.61356,14.5572,14.7124,21.6536,11.9602,18.5587,18.1586,21.6293,23.1968,26.459,26.6226,35.7081,39.0237,41.3228,37.4598,43.8396,207.071,296.479,299.019,268.541,340.15,298.89,294.945,305.76,368.782,320.985,301.98,355.962,322.138,308.464,334.038,319.637,380.783,306.358,331.319,364.108,316.508,345.46,325.551,323.753,324.798,350.593,343.683,322.75,340.582,311.157,327.818,321.664,332.402,211.008,39.4846,39.496,33.5774,31.0998,25.4358,26.4122,20.4954,26.5814,16.6405,21.4201,22.5162,13.0557,14.8127,18.7798,15.4428,13.3664,9.593,10.8068,10.4242,7.64739,5.38409,6.25026,6.76561,6.39466,5.59599,7.5587,4.31898,4.30996,4.41291,7.41901,6.10204,5.01106,4.16444
2.92002,3.95108,3.34701,4.77274,2.98409,3.35629,4.3608,6.42109,5.57204,10.2576,10.8916,7.46574,11.52,10.7554,9.05086,13.0518,11.9075,12.6453,12.0906,10.5496,12.1283,11.2838,19.2813,23.7747,18.9633,21.7152,23.8013,22.2496,27.3431,48.5338,30.2913,43.9829,44.8775,213.268,311.54,326.18,304.806,267.484,314.189,324.124,354.791,301.517,308.675,294.569,332.46,333.701,305.33,334.269,301.204,314.888,338.702,324.709,370.657,321.498,352.578,320.986,353.327,331.96,321.834,370.131,332.877,308.955,334.328,326.509,320.683,307.649,247.674,48.7786,41.2286,39.4456,37.0996,31.0245,31.0992,25.4703,25.8863,27.3964,20.006,19.0191,18.0017,12.0057,13.4135,9.7595,11.0076,10.9215,9.96961,7.48945,8.28415,8.96723,5.79883,7.9655,6.26198,3.21863,5.94724,4.4545,4.4273,3.97497,5.11572,5.88537,3.13706,5.0616
2.08409,4.0616,3.18046,3.7641,4.15801,6.19441,4.95418,5.99738,6.8154,6.28617,6.96036,7.9281,7.64728,9.61442,8.1827,7.03333,9.53097,14.7193,15.5276,18.742,24.1104,21.9593,16.4572,16.6454,19.754,22.1783,25.3084,32.6119,25.9783,33.2447,20.606,28.2167,46.2988,176.194,301.74,328.855,277.59,313.753,356.233,285.905,287.778,310.449,348.914,326.195,283.269,308.957,309.501,327.728,281.663,323.406,406.189,354.187,312.067,358.073,333.874,297.065,315.576,357.343,310.418,343.715,331.518,328.299,303.201,314.064,273.623,335.95,210.877,36.4195,39.044,33.7032,38.5043,28.3208,28.7552,17.7978,21.9012,24.621,16.5966,19.9048,18.1526,14.2741,19.0634,15.3524,11.642,6.72679,8.40801,8.90512,9.16785,9.23528,10.2259,5.83253,7.16932,7.6432,4.78794,5.21062,3.17375,4.47506,3.60103,2.82919,5.12799,3.69845
6.07481,3.36879,6.53377,5.10331,5.09697,6.06861,5.66877,6.0405,6.53228,6.257,6.385,7.72579,6.19062,15.0351,10.8543,13.6513,11.8969,16.4441,8.87362,12.0909,13.6943,14.7295,17.6968,18.5372,21.4804,18.592,28.346,19.8771,30.5958,34.6674,38.9615,39.6099,40.0176,193.627,301.329,329.098,306.474,276.654,282.966,321.429,285.681,294.616,356.676,274.168,278.83,284.89,288.554,358.597,336.685,311.811,322.885,333.175,351.779,285.91,344.032,315.254,331.399,320.071,326.394,302.407,298.262,325.481,310.193,334.491,333.331,270.2,195.796,55.7457,32.9999,33.2284,36.5316,35.0796,25.5034,22.1331,20.6848,17.2982,16.8568,11.7849,19.5961,11.9557,17.842,16.1902,9.91107,9.19589,10.6922,10.5638,8.91768,10.9531,9.28608,6.88142,8.97923,8.80721,6.92086,5.92163,4.5365,4.60275,4.24486,5.23652,3.17718,5.35754
4.37846,3.91106,3.35943,4.84612,2.23116,5.57647,5.1226,7.43256,3.68209,10.0801,7.60809,9.69328,8.35096,7.05443,10.4869,15.4806,11.8169,14.9829,11.1036,15.2379,14.8268,17.7324,18.7715,18.6909,21.1284,26.5648,25.398,24.7548,31.4033,31.3276,35.1972,42.5286,37.7848,221.632,328.747,308.992,299.118,296.812,317.432,310.446,302.206,344.249,344.319,322.087,356.792,316.877,296.661,319.083,280.984,302.288,335.542,309.104,357.816,329.166,300.668,283.535,361.403,298.304,318.755,322.259,326.227,295.122,324.751,294.514,326.451,264.753,190.717,41.4797,31.8715,34.5341,29.964,41.2011,24.5272,25.2429,32.1493,21.3327,18.4992,13.7967,15.007,18.4378,18.3176,10.9006,9.65438,13.3092,8.37701,8.18796,9.19105,9.69125,13.6684,8.58855,6.76507,7.0012,4.60829,7.80578,5.5579,5.97432,3.2999,5.50368,5.31016,2.44969
5.00411,6.31057,4.8834,6.24333,5.50258,5.61664,6.01903,5.82883,7.34153,7.43327,7.06996,9.00891,6.31929,8.32578,6.93472,15.4448,12.4404,12.6555,16.0225,16.5187,11.1039,21.3508,12.868,21.4398,21.8413,28.5466,33.2677,31.3859,32.3903,22.8517,30.9635,41.1348,39.4296,199.084,317.278,289.878,314.578,322.811,313.465,318.762,362.343,290.104,314.957,283.61,323.739,286.121,309.168,308.843,333.684,325.457,306.377,331.614,298.689,324.771,314.54,299.897,326.376,347.02,302.773,312.473,311.443,307.379,315.44,259.385,288.463,293.957,183.778,41.3239,35.8306,29.2778,28.5834,33.1288,34.4293,24.3964,28.172,23.8153,17.6711,13.0369,18.9397,14.2255,13.8734,12.5845,15.9406,12.43,10.7028,9.74286,8.8324,7.24837,9.61285,12.3013,7.18529,3.33044,5.8411,7.99895,2.86627,6.96775,4.59165,4.27042,3.62039,4.80744
4.77908,3.39593,6.15819,3.12516,5.49779,2.94599,5.26769,6.34933,8.96306,5.96813,8.781,6.96346,5.8603,7.78344,12.9368,12.9614,12.6492,13.5248,16.7322,14.7666,13.9755,20.7387,17.8785,15.0711,23.1468,16.3763,31.1298,18.9537,22.9043,32.1973,39.1872,47.9899,46.161,196.607,293.929,293.961,278.656,291.323,284.334,281.556,300.875,313.823,319.346,282.191,310.304,321.855,300.011,285.103,281.71,331.807,306.491,330.023,316.198,294.396,333.194,297.214,276.862,306.652,261.305,312.85,269.172,305.498,291.601,275.75,336.533,330.614,176.847,40.5742,49.4209,35.968,26.5132,32.6784,23.1422,20.3043,22.5906,18.0999,15.4477,17.7004,14.8711,18.8465,11.5094,12.5925,14.7911,14.2766,6.74344,11.2576,6.11457,11.8484,7.53945,8.2565,8.43461,9.14246,6.29754,3.89989,3.49766,4.11094,6.37717,4.34559,3.0131,3.53499
1.66982,1.56313,3.17049,5.57832,4.07008,5.52968,6.06642,6.29183,7.43293,7.653,5.57043,8.46149,7.90671,9.75998,9.12273,10.788,11.631,13.7354,10.015,11.9578,16.4154,15.3509,19.0853,14.6924,21.5214,31.0726,27.7897,33.8214,27.8762,35.3045,31.3337,36.4902,41.5617,174.478,327.045,313.666,286.476,254.289,286.363,272.758,348.719,319.72,285.264,302.646,308.055,322.799,312.92,299.739,324.352,302.024,355.531,313.371,332.466,296.094,315.72,350.96,312.358,286.431,346,351.289,283.365,288.582,306.107,262.675,271.219,256.747,171.336,45.3444,37.1993,34.9071,35.3648,31.3606,24.9071,31.5041,21.4798,20.0458,21.9002,9.56192,25.7851,17.3142,11.6152,12.8807,8.05295,14.5773,7.58845,5.18235,10.6715,7.34361,7.17722,6.40625,9.29796,5.80094,6.19158,4.44345,2.42687,3.19202,4.59036,5.31666,2.87846,2.53674
4.04905,1.55862,6.05486,3.86378,2.89467,8.03336,7.93345,8.02897,5.31024,8.44303,6.57736,6.97678,8.10379,6.9017,11.203,13.6002,12.8328,13.3086,11.2616,22.9639,18.7534,18.3995,18.2359,16.0805,20.8226,25.9998,21.6412,24.7971,32.7759,35.0933,25.9891,33.0219,48.6772,242.735,290.549,297.111,293.254,333.073,274.023,270.199,294.184,292.373,304.815,265.314,335.886,284.691,308.8,315.04,365.327,312.183,307.434,290.858,301.638,289.441,311.068,300.465,303.454,306.615,282.619,297.577,277.875,287.092,312.03,289.965,262.187,318.3,204.388,44.7918,34.4041,41.3371,27.8284,36.5422,35.3134,26.3004,25.6853,18.5015,15.9787,15.2694,16.7219,15.1898,12.7461,10.7329,11.6859,13.4279,20.1859,9.97759,10.2808,7.63795,7.56947,3.93256,5.70108,7.65319,5.44954,7.29937,4.21493,6.20161,4.24092,5.43739,4.05061,8.09297
6.47441,3.12045,5.49728,6.85531,5.14882,4.64838,9.29612,6.96004,8.78326,5.82104,5.88649,7.57623,9.95942,10.1957,11.8315,8.99172,8.19238,11.0303,9.53104,14.5288,22.9236,18.2799,16.4858,17.0255,14.3505,24.0636,20.3968,29.2824,26.6857,32.9954,29.0286,36.9072,31.0987,192.075,274.109,293.966,304.361,280.048,322.047,303.391,300.37,287.641,289.535,262.722,286.934,309.176,302.48,284.504,264.303,285.366,307.78,276.295,340.452,282.102,286.462,314.191,355.08,284.773,308.683,300.3,240.875,296.226,301.438,277.001,307.415,291.894,189.054,47.0831,30.7269,35.856,31.6435,21.278,31.7121,22.6642,17.7317,16.3744,22.2836,24.0198,16.7083,14.812,17.4895,12.2212,16.8554,12.8148,7.65278,9.47656,11.409,10.5776,7.7571,8.69642,9.46944,5.83193,3.58188,6.6976,4.87647,4.6312,3.19653,5.00692,3.83732,5.49795
4.72759,5.03122,4.44657,5.87449,3.26932,3.90322,6.95422,4.12493,7.1533,7.22382,7.44886,6.4848,8.42934,4.8707,9.31269,13.1736,12.4964,9.99494,13.2979,12.8879,20.0474,10.1914,18.5306,24.1901,25.6107,20.2299,25.4088,24.9374,25.9818,15.9777,27.4009,28.811,36.3583,195.378,271.109,257.11,282.962,294.411,256.931,298.698,273.302,281.278,324.433,297.749,345.655,276.632,328.314,276.393,299.653,265.011,290.09,324.175,332.294,313.837,307.643,312.601,269.088,306.994,273.789,338.192,282.199,294.889,240.771,291.48,270.02,294.158,223.334,52.2789,34.8539,33.2249,26.4799,23.38,21.856,27.054,21.5783,31.8589,15.4603,20.846,15.7712,8.89662,17.6955,15.5182,15.7289,9.86906,16.7554,8.83581,7.26767,7.94186,6.99348,11.5673,4.22222,7.89431,5.24795,8.97146,7.96355,4.02401,7.89482,4.45744,4.06469,2.98333
2.94003,3.7563,5.67641,5.31552,3.86657,5.02028,7.4827,4.53164,7.32204,7.81625,6.80158,6.5207,7.53459,12.4212,12.7797,13.1122,10.4374,12.1421,16.3382,13.1749,16.778,12.888,12.8178,18.2158,14.8757,22.2741,23.0354,28.2934,31.1915,34.6239,26.7105,34.0739,34.3167,188.007,298.574,258.949,302.016,300.297,261.397,266.282,296.376,270.059,286.269,308.329,303.367,310.76,295.279,299.153,224.405,277.508,315.349,293.34,304.137,280.389,284.148,318.183,297.351,317.696,300.419,297.15,258.631,318.418,259.119,303.609,294.728,285.331,191.643,48.0938,36.6112,32.1787,20.6068,21.7599,24.3658,18.0656,26.1666,22.9523,18.9735,14.6402,13.785,14.4777,14.5974,14.2122,11.1252,15.7292,15.332,12.7815,13.6723,9.36148,6.51541,6.1548,6.10308,6.60423,3.11016,7.37909,4.58704,5.8428,7.13472,3.62818,4.96787,2.45886
4.08746,6.65313,3.90402,2.92141,4.57734,5.49275,5.93286,4.05844,3.11381,7.00748,8.9713,7.85283,8.75534,9.34217,7.95124,14.737,12.1534,13.5764,12.4855,10.5884,18.9096,15.7532,20.5891,11.7669,20.7315,20.2729,16.5857,25.7251,24.0556,27.1087,31.5695,39.8042,44.4795,196.6,245.808,313.723,304.899,279.644,276.431,290.942,312.206,282.193,247.39,313.208,269.562,333.724,249.928,279.817,266.442,284.942,250.614,295.491,283.862,265.354,274.234,295.639,297.08,284.101,294.089,305.078,315.189,290.019,247.49,286.388,228.787,274.773,181.612,43.9302,32.7029,26.3803,28.2967,25.3251,31.3664,20.5814,24.6978,16.8787,14.2768,16.6244,10.0701,15.8246,15.8673,13.5637,13.465,8.27304,9.21254,8.44208,11.8098,6.55501,7.64936,6.31385,9.3009,7.77891,6.93491,5.86039,3.44587,3.31749,2.61276,3.68683,2.49294,4.70358
4.04655,3.06345,5.67082,4.86744,3.56385,5.52776,9.00618,5.26061,7.99175,7.89767,11.4422,8.66112,5.45525,7.80952,11.7057,8.74435,10.6747,10.3614,13.9325,14.5545,14.9546,12.8672,13.7713,25.0973,10.4627,29.0531,27.2269,27.468,37.5055,28.0393,33.1966,43.852,45.7351,211.256,292.311,311.235,297.941,279.476,268.181,330.345,265.304,275.716,238.354,337.093,262.37,240.858,297.886,261.021,269.008,319.243,277.645,294.271,284.532,303.176,280.058,246.803,289.83,297.013,291.789,276.324,276.924,295.363,216.559,264.154,212.566,264.102,181.091,41.6573,41.2205,32.551,25.2049,34.0284,34.1396,36.4502,15.7077,24.5996,20.2564,11.5835,20.0116,14.8335,11.1377,14.6384,13.1755,12.6883,11.9897,9.01344,11.2063,5.8264,7.19668,8.79037,9.38156,4.02722,4.2679,7.02518,5.94384,6.53955,4.31389,4.83185,2.45855,4.36708
4.23427,3.33572,3.77746,4.42001,10.3143,6.99767,4.82888,8.77728,8.44284,8.99427,11.5023,11.5988,11.211,7.40005,5.24859,13.8866,13.9166,14.229,14.5807,13.2801,10.6148,17.3095,20.4447,11.6043,16.0833,20.8853,20.4364,20.6119,32.0986,24.6108,31.8011,45.3562,42.0348,222.646,278.915,248.301,231.123,323.13,310.225,295.607,275.137,264.363,249.172,318.721,294.184,297.296,303.603,258.817,263.037,251.409,321.319,276.274,298.646,295.946,295.143,284.663,321.399,248.148,293.074,282.434,250.69,302.692,287.483,229.403,266.53,242.639,230.93,40.7155,40.4707,26.8264,23.1276,35.6694,24.2061,25.865,19.3786,19.5131,14.2288,19.3443,17.1205,20.1372,13.7088,13.8414,11.3536,12.3199,15.7536,9.76363,10.7714,15.2209,7.72266,11.4603,7.94429,4.48886,7.18884,4.6234,4.9667,5.14695,5.25431,5.31142,3.14761,3.74277
5.55502,5.3862,3.0308,4.31656,5.55741,6.61485,8.16464,4.92733,7.7806,4.59119,6.62597,7.96629,10.2048,6.46265,16.9253,15.6646,9.5948,7.46702,14.8188,20.1702,12.4169,17.3123,23.2293,20.1793,13.5837,16.2307,21.9325,20.8399,19.043,34.3484,24.0004,30.1265,30.8561,157.617,275.692,214.8,259.199,287.815,263.761,261.985,270.282,297.322,285.949,274.103,274.862,281.296,270.003,288.435,290.046,251.018,278.989,331.376,253.64,271.82,266.97,274.021,254.102,254.309,253.356,294.217,279.882,272.78,277.136,275.965,267.827,264.806,203.157,41.5373,41.1628,30.9644,25.165,25.6062,19.5046,24.1315,17.8535,18.074,17.0945,21.1157,16.7919,16.3259,14.2421,13.4165,11.3857,9.60902,14.5263,8.92598,9.69469,10.5451,9.02869,7.85924,7.27973,5.90519,10.3586,5.18325,7.22136,5.43259,4.84649,3.38714,2.47274,3.42426
4.82437,4.80388,5.85369,2.12732,4.77829,6.33219,5.25521,4.78738,5.98219,8.068,10.7307,7.498,13.2891,7.38665,13.1838,10.6459,12.4339,15.0671,14.5107,8.03092,10.5249,15.8423,21.4582,10.5656,20.2305,25.5099,24.3633,24.626,19.4184,26.1198,30.819,36.628,41.7835,173.162,259.461,230.264,245.624,255.942,268.579,254.843,261.81,232.422,273.978,288.504,265.418,302.844,291.765,270.016,272.753,259.688,275.788,279.143,281.601,292.006,267.431,259.346,287.562,291.364,252.014,245.562,241.001,258.514,269.006,249.989,285.384,256.142,185.397,33.686,41.4558,35.4648,21.369,27.0306,26.4102,26.0778,26.0427,20.7008,16.9415,15.8308,8.40215,10.9206,8.70682,12.9446,14.3375,9.46732,14.6584,8.33421,7.07772,4.99662,3.67647,6.53041,5.19713,4.27524,4.94856,5.04573,7.47338,8.44906,7.63737,3.30107,1.871,4.96028
5.30223,4.27332,3.42793,5.87815,6.12775,4.9636,3.59831,8.10525,4.88634,5.37461,7.80866,7.35735,8.53479,12.8499,9.72402,6.8463,10.2652,13.1629,17.2854,9.43837,12.43,14.0162,13.7756,23.6375,21.63,17.5152,24.993,26.0058,27.0807,26.9264,26.41,45.1225,50.022,198.809,251.818,248.403,284.608,269.632,247.949,273.971,250.676,274.086,289.262,279.785,284.808,289.77,274.909,274.074,274.941,267.503,274.06,328.194,291.911,272.616,264.921,252.834,250.723,230.882,261.875,263.877,273.484,321.174,280.895,270.08,274.084,266.996,155.074,47.8257,26.5101,35.5623,27.493,22.1535,18.6391,21.6006,14.7526,23.42,13.8666,14.0229,15.6246,16.6299,14.5507,13.4801,7.4805,10.784,12.3469,9.60817,9.12325,5.49102,8.80215,9.839,9.7382,4.85059,7.14386,3.86875,4.81406,6.84832,3.81599,8.78781,3.54938,4.18972
2.60429,3.8624,3.34141,3.5596,4.04948,3.9004,6.31642,8.29041,8.2711,3.5151,6.09623,5.56193,6.72105,13.4425,11.4045,9.82399,13.8534,13.1923,10.848,13.6974,9.47377,8.52708,22.5377,14.7163,20.0547,19.5449,28.2208,32.4905,22.2703,34.0461,34.2663,29.3957,41.6531,210.641,214.771,294.24,252.264,249.661,241.258,269.973,276.563,263.39,257.644,287.54,267.261,253.293,294.174,239.697,290.014,271.433,294.363,290.925,264.414,250.113,262.485,298.058,262.124,292.662,297.008,310.407,289.868,264.938,230.503,236,274.874,233.351,159.848,32.728,38.1579,31.6695,26.4775,23.4631,20.2135,20.7053,28.029,28.3279,18.5178,18.4,11.7267,17.0291,11.8065,9.21074,11.8356,14.3948,10.8226,10.137,9.62057,11.8187,9.3451,5.00879,7.12794,5.37964,3.46717,5.40334,4.64482,9.56634,5.05157,3.85994,4.22248,2.14287
2.43412,2.51212,5.46564,4.35806,5.50323,3.55637,7.37017,3.1697,5.14228,8.11406,7.40715,5.08359,6.63025,12.8747,10.9073,7.4179,8.83397,9.56743,19.5611,16.1887,15.9561,17.6527,22.8317,15.8296,23.7945,31.5521,19.2209,26.6078,35.192,23.2369,37.4716,32.6732,27.8679,172.374,231.605,202.262,211.392,243.506,276.454,261.654,250.807,243.747,238.907,289.751,227.437,255.252,238.772,285.187,223.608,231.833,244.874,262.862,263.956,222.356,255.386,303.218,258.842,252.075,258.42,279.903,268.001,241.363,261.711,260.486,277.614,290.213,150.444,38.6237,33.8657,33.6193,28.1832,23.166,21.4764,18.5241,29.6873,29.0697,14.3286,15.8605,18.7747,14.3629,11.6717,11.4223,14.0471,7.20039,12.6097,8.37882,4.82961,10.7421,6.09719,7.35327,6.29438,5.37043,3.45771,4.07512,6.42825,6.97687,3.95459,3.86411,5.45822,2.85847
2.64039,1.0227,3.08192,4.81329,5.86131,4.38336,4.78099,7.68063,5.45627,4.79248,9.85165,4.68159,5.83587,9.76872,8.52901,5.81919,8.72113,8.65458,14.0589,14.2411,8.8852,13.5029,14.9429,18.9491,14.4673,16.4079,17.9125,14.9691,30.4893,24.6392,28.996,34.3888,33.574,174.517,246.95,265.656,228.077,237.686,236.364,229.056,224.823,260.593,266.217,280.139,236.639,243.712,291.174,260.018,280.027,271.384,282.4,262.659,270.771,238.37,283.581,257.229,315.438,204.143,233.426,253.99,283.767,245.19,251.196,239.708,211.496,245.46,145.535,32.523,34.7526,30.3741,26.7315,25.6291,34.204,22.176,14.9038,21.8024,18.6389,20.529,12.9651,11.4622,11.4031,11.4425,8.89812,7.19262,9.50821,9.39689,9.08972,10.4167,5.9048,7.24579,5.80761,6.05763,3.62101,4.65832,5.61707,7.82134,4.61308,4.63019,2.1761,2.03523
3.2412,2.50598,3.54581,6.94245,4.30691,4.12523,7.32573,6.03919,9.06416,4.22728,7.80828,8.63987,5.4933,13.1368,8.28574,6.78321,10.9813,13.9948,10.8744,13.0564,13.6501,15.9203,12.4581,17.2987,15.5474,25.5846,27.4454,17.9959,24.8893,24.6069,24.9116,29.4483,40.2421,175.787,206.24,217.407,251.646,251.275,239.333,253.141,268.563,240.91,237.021,253.562,271.396,286.563,265.828,273.972,277.297,270.069,242.176,254.667,255.781,277.146,251.185,236.666,255.555,246.232,253.896,255.803,263.635,272.337,254.782,225.069,259.023,248.581,166.092,41.6157,32.2582,41.7578,31.8981,23.6274,29.2391,16.1499,15.2234,23.3735,15.6653,20.2479,13.8844,15.4195,11.3782,9.94911,9.72928,8.99915,11.0603,7.74324,6.40088,10.8488,11.383,9.15704,5.29425,6.10434,4.38743,5.18467,7.74856,4.95921,2.81054,2.64743,4.13255,4.87218
4.54419,4.70932,5.23191,4.74252,2.80044,4.82661,4.54091,12.9247,7.56408,7.88085,8.21461,6.87241,7.93121,8.15295,11.5665,10.1628,11.6804,16.3663,8.71942,13.772,14.308,16.5479,23.6084,14.6812,16.123,18.4904,24.092,34.9513,22.688,22.0165,31.8461,27.6484,29.53,184.83,227.103,227.358,243.086,261.04,257.461,225.395,260.775,248.427,287.907,239.73,229.853,269.109,262.593,229.378,285.61,260.608,282.754,259.29,240.146,236.707,264.805,268.585,241.779,261.295,238.219,237.153,230.9,257.078,220.6,226.542,222.52,252.765,134.829,40.3799,39.4885,36.8464,41.6087,32.0662,29.5647,20.5656,18.8564,12.0636,15.378,13.8309,14.8566,13.5661,15.0139,15.3847,12.7057,9.4754,10.7786,6.73477,10.0201,7.76831,6.52485,4.67479,6.95057,3.89921,8.82999,4.76487,2.71916,8.09678,4.30873,2.8642,3.53591,3.31247
2.77643,2.71367,4.54869,4.03932,5.76818,5.88696,3.6954,4.80799,8.55021,6.76299,7.25955,9.21782,6.32055,8.09963,9.85917,15.7166,10.5119,8.69425,9.95683,11.0249,11.6541,17.8772,22.9217,22.4433,20.9108,22.3119,32.5302,24.9413,28.8065,30.6547,24.4678,36.7588,33.6351,162.995,233.77,230.474,256.34,247.826,262.283,214.29,207.065,238.614,270.729,255.685,267.717,239.272,258.465,270.835,250.64,261.257,257.811,277.71,240.088,266.462,236.306,244.107,223.237,213.811,244.981,255.2,209.865,259.197,267.645,256.458,277.902,235.131,166.793,49.2977,30.1125,25.7285,18.7905,37.5558,20.837,21.3554,20.2682,22.5903,17.9522,10.5543,9.28384,13.7413,11.4927,10.6715,12.4917,13.1423,6.06315,9.93611,10.7885,6.1276,6.86008,7.23111,2.62941,9.02043,5.55111,8.90159,5.74461,5.354,3.90659,4.69785,4.06608,3.69532
5.75485,2.71794,4.32829,6.73487,6.594,6.35403,3.291,11.4064,8.09942,5.71811,9.85199,4.26393,10.5051,8.103,8.63872,10.8268,6.32366,10.9136,7.91431,8.66282,11.1785,15.4852,22.6894,16.6015,14.4496,15.5076,29.4041,14.4841,22.1155,24.9524,25.0658,27.9854,37.4605,180.398,198.907,233.517,252.433,263.765,192.929,242.25,194.695,240.104,203.679,268.6,240.532,239.565,234.612,239.42,268.977,256.789,205.154,226.969,247.931,254.223,249.322,276.013,208.999,223.538,237.84,242.994,234.581,237.474,244.206,219.738,235.686,222.246,161.614,36.9592,34.9762,30.4573,26.4423,24.3814,15.1927,28.6608,16.028,15.914,18.928,8.99693,10.6001,11.6539,12.3319,6.08525,10.3535,9.26226,7.82108,5.97648,7.8279,7.75629,7.8256,9.5572,12.1242,6.09779,5.93022,8.91396,7.24569,5.28036,6.42347,4.76429,5.34409,3.16784
2.23706,3.8497,5.31269,2.2023,4.05189,8.45671,5.73316,10.097,4.16903,6.30339,5.35319,9.48275,5.37152,8.42961,9.00449,9.57937,6.77932,9.9805,13.1674,14.2182,8.62748,11.8776,17.7048,17.2125,21.3342,21.6384,19.203,31.3309,26.4567,27.2446,39.1652,31.2188,43.7459,173.987,223.216,242.894,228.773,232.766,215.777,232.12,252.101,274.181,223.869,254.552,206.695,250.037,263.156,238.946,247.363,276.32,251.944,288.089,225.484,240.5,253.664,219.443,240.743,246.629,210.926,221.221,250.636,248.129,234.374,204.139,304.128,222.566,154.677,37.4426,33.8937,33.688,21.8541,18.5876,28.1011,19.3059,14.7089,13.1786,15.9155,15.044,13.095,11.9447,12.1771,9.18263,12.256,9.2958,9.0095,7.65835,5.77537,6.02927,7.84364,6.16355,5.25155,9.81754,5.67588,4.49575,6.20699,2.20525,5.55772,6.18733,2.81736,3.95732
4.05896,3.24162,5.95885,3.56813,3.84495,6.66275,4.87493,5.56578,3.50665,8.62053,6.46243,8.9086,7.89104,5.98152,10.8891,11.9251,7.07962,9.29503,13.5564,15.5871,11.5328,10.9,17.8787,22.5352,20.7013,21.5686,25.332,19.2045,25.8969,28.6314,28.7667,47.61,29.5416,168.952,227.205,224.786,221.509,204.479,229.524,237.543,246.433,218.043,265.311,266.256,232.648,232.164,292.353,211.049,252.437,223.377,270.414,253.374,232.972,208.169,239.203,194.897,220.965,240.998,241.041,238.219,224.49,200.384,217.391,232.907,211.52,209.129,134.706,42.0787,43.0303,32.5264,24.9043,31.0187,25.1154,31.2182,18.1951,14.1633,14.4084,17.4121,11.166,18.4777,10.6833,4.9592,8.82848,8.53099,7.84685,9.72463,8.87738,6.15519,14.5935,9.1448,5.22489,4.54846,5.85757,3.90583,2.34699,3.53757,4.54686,4.44562,4.91118,3.80668
3.8034,2.58996,7.41817,3.02211,6.24515,6.45115,5.65554,2.50944,6.17377,4.98496,5.44414,9.93148,6.558,8.25928,9.45534,9.72034,14.362,12.57,16.3282,12.3953,10.6568,11.8614,11.0762,9.92934,19.1924,15.0035,19.851,16.344,25.9898,27.7351,39.7019,31.7788,40.2194,181.609,236.489,244.815,213.634,238.585,247.714,246.6,245.925,270.145,236.153,222.788,221.225,234.373,239.007,248.877,264.256,267.444,248.964,283.549,238.735,249.67,257.785,233.352,246.574,253.567,235.648,217.725,285.971,261.005,239.182,298.432,223.886,179.4,122.258,35.9137,31.2351,22.6837,23.3631,28.0265,17.8909,20.6907,17.3535,14.2285,17.042,14.8662,10.2607,24.0806,14.3276,12.439,10.7196,11.3519,13.7957,12.5068,11.9383,8.51983,8.44699,7.54474,6.56003,6.52058,6.83165,4.72308,4.89177,4.14839,6.93853,3.11701,3.10938,2.12701
2.21744,2.64191,3.37698,3.67958,2.01856,6.30772,2.81383,3.91809,5.84937,4.67384,5.01846,7.87214,7.40031,9.07961,12.1986,11.1775,10.2878,12.9144,14.7195,9.47884,13.3556,9.04501,11.7406,14.4539,20.7951,17.6511,16.3121,23.0876,17.9253,21.4313,20.9208,28.6153,39.7715,145.282,239.689,217.936,216.111,212.506,248.322,220.076,230.676,217.23,247.094,254.592,235.089,231.933,244.702,253.328,283.954,228.403,216.201,215.983,237.225,248.654,225.267,257.614,198.716,212.829,240.67,207.127,259.159,231.44,230.154,213.175,181.095,260.49,166.866,39.485,24.2551,30.3534,29.0979,28.83,18.376,21.7357,19.456,24.1143,20.6433,13.1301,11.5261,12.8157,19.7397,12.4634,7.16098,13.1041,8.30783,8.1459,8.12674,6.33994,5.35317,4.80107,10.1032,6.90036,7.13947,7.83719,3.46449,5.94549,2.36656,3.79054,3.99399,6.35191
4.79692,2.83053,3.16643,5.5472,6.31156,7.10838,5.84739,5.18114,5.58131,6.19785,7.73523,4.76466,5.96334,10.3955,6.09178,8.58364,8.44666,7.30044,10.1044,10.8735,12.7239,11.4906,13.6192,11.2348,14.7202,23.9849,18.5735,31.3603,25.1545,29.0918,37.938,27.8875,32.5204,163.849,208.06,201.06,214.945,221.249,206.465,238.337,238.812,246.142,248.517,226.257,224.723,201.703,255.114,189.261,199.302,250.82,243.461,214.573,211.939,215.183,255.193,221.584,227.253,204.522,230.751,179.958,231.505,211.182,248.716,217.191,228.287,237.307,174.093,35.3231,25.1081,30.7771,24.0582,21.4242,14.1113,24.2853,16.281,13.3548,12.4067,13.9602,14.915,15.0482,12.1832,22.1381,7.95988,5.54591,11.204,8.13663,9.00808,6.57103,4.98909,5.41635,7.34176,6.15093,2.96381,4.90504,4.0061,2.73579,6.14765,4.21472,3.75156,1.6122
3.14903,6.30483,3.49489,2.88964,3.99415,3.74125,4.10478,4.70078,5.84467,5.2381,9.98818,7.81569,5.70067,8.1015,9.02051,12.9197,7.861,11.4144,13.3918,13.8031,6.80958,13.3883,15.3726,13.3014,16.0743,15.7633,20.0401,31.4467,29.0423,25.4009,26.9492,40.0898,33.5164,123.529,223.407,197.092,207.006,213.865,227.97,218.421,211.111,250.992,249.007,222.182,273.167,218.635,230.322,224.668,216.149,200.935,222.883,202.937,244.766,226.211,263.393,234.388,245.178,198.795,249.074,178.772,226.004,240.937,244.477,239.067,263.577,214.518,116.766,35.4797,21.5071,24.5795,21.5549,23.0913,20.0649,19.4656,15.4528,14.0455,24.4968,13.1229,16.0058,11.1555,11.9319,11.2771,12.4966,7.34026,12.8505,7.60963,9.23231,8.52769,8.11114,7.40295,6.45154,3.94715,4.97014,7.18399,4.72774,3.88004,3.83766,4.10264,4.36408,5.28168
3.59379,1.07435,4.33688,5.10096,10.8633,2.77519,3.09168,7.15007,6.38254,9.62353,5.9647,8.29937,6.85355,6.84751,10.196,9.9021,14.191,8.37118,7.0735,12.0146,16.945,7.55542,12.2809,19.0599,16.4866,15.1258,23.0443,22.7856,17.357,26.1091,26.3213,32.9994,33.8458,175.115,214.719,197.649,231.471,212.111,207.703,213.928,208.78,213.226,233.535,210.117,223.534,191.239,209.439,230.721,204.357,214.93,242.968,215.51,242.558,228.442,208.908,199.663,218.099,232.108,237.634,190.324,179.722,263.842,214.306,187.255,190.888,235.693,158.861,28.6844,22.0825,18.1757,21.8548,21.2745,18.6074,31.2969,23.9048,18.7679,14.8876,16.9606,13.0929,8.48302,10.7915,11.0052,9.5002,8.3673,9.25152,10.3934,8.89677,6.23314,5.01412,3.14962,3.77349,6.7399,7.0023,3.11147,6.13445,5.08779,3.67726,3.52764,4.61799,1.2512
5.06914,5.5357,6.46534,4.85259,3.62827,6.68151,3.7934,3.46793,5.75874,3.75635,8.61943,5.32944,11.1741,9.13349,8.60805,15.588,7.64942,12.0931,9.79894,10.0959,14.2779,13.7831,17.5101,17.022,23.9602,17.3861,20.3396,18.5209,15.1852,29.9768,28.7544,36.4671,24.757,155.955,218.612,225.665,192.771,215.048,233.059,198.634,202.983,225.042,219.545,231.258,218.168,214.933,217.937,215.385,243.012,227.578,205.639,239.517,212.829,202.976,259.493,196.192,220.576,220.818,257.428,239.106,229.799,226.429,228.175,207.008,211.902,206.442,119.305,28.0669,29.2992,31.8761,22.8304,16.5124,18.3169,11.6882,19.5826,15.2577,10.3962,11.6056,10.9526,8.78244,13.6248,11.5267,9.28931,11.4668,12.325,10.2061,11.9569,6.8919,4.14955,8.41474,5.42581,6.86715,4.00681,2.1592,2.54924,5.38145,4.35994,1.47789,2.15364,3.87573
4.04814,2.96542,6.05622,6.89194,4.3682,3.45572,3.92182,5.72754,8.77017,4.27189,9.73456,4.74955,8.11198,8.68161,10.4101,9.58382,6.68344,10.6003,8.76315,11.9983,13.9812,14.9193,12.9418,11.3961,25.0688,15.7423,23.3664,24.0498,24.6369,23.4496,30.7854,29.6422,24.2719,134.711,215.31,187.735,180.157,205.677,248.233,246.796,241.696,226.584,209.263,203.705,256.924,221.987,222.781,209.059,199.583,257.802,242.399,237.105,205.43,187.179,218.611,228.852,211.052,196.208,232.418,212.616,196.681,207.366,215.797,216.698,222.893,181.276,128.85,31.7826,36.7444,23.1678,26.536,23.8102,24.7696,18.3936,16.9143,24.5775,16.6777,17.0198,16.0491,12.6077,5.49156,14.8815,13.1018,13.3257,8.92841,13.7452,9.54552,9.73708,5.3256,11.8197,6.00984,5.60815,5.40468,4.65383,5.16287,2.09969,6.52374,7.31749,3.74415,1.25611
5.02647,2.72613,4.80821,2.71282,5.14855,4.19514,7.75173,8.2323,4.17257,10.9668,7.23094,7.9392,8.24572,13.9652,9.97773,10.5354,12.5758,6.84903,12.9506,11.6913,12.3257,8.15301,12.5697,19.4277,20.1257,12.7284,23.3168,25.3254,19.214,30.9613,33.2717,29.7228,25.4642,121.381,163.737,180.859,202.638,210.709,222.437,213.351,230.461,198.84,193.379,199.425,188.644,174.66,221.049,233.168,211.041,209.92,205.101,226.73,210.457,204.712,207.66,198.256,197.193,209.694,191.102,198.049,187.459,181.777,243.959,155.666,208.431,241.84,138.782,33.0788,23.875,22.8067,22.9625,23.1242,26.634,18.5898,24.6298,25.4588,8.63783,11.1019,16.3767,6.13678,8.08232,10.0496,16.9532,8.10029,7.55618,7.38823,11.7459,4.66383,3.18254,6.65626,5.91708,4.7866,4.96296,4.97953,2.24962,4.8846,2.99858,3.47871,2.31849,2.92726
