1.05156,0.786797,0.820316,0.833505,1.08785,1.33774,1.5743,2.1891,1.60867,1.65765,2.14669,1.8181,1.6368,1.78604,2.18247,1.76035,2.29607,2.39682,1.99842,3.4643,2.71647,2.81762,3.68486,3.35024,3.80811,4.96149,3.84712,5.60962,5.29844,6.10884,5.96482,7.30414,7.2043,485.605,752.853,579.552,588.609,637.085,714.478,655.162,665.251,660.006,643.556,707.65,589.529,653.085,660.941,646.908,693.317,655.679,700.866,670.533,658.379,702.604,687.414,715.064,689.834,648.294,637.863,660.163,642.101,638.708,662.599,608.501,662.8,652.099,480.602,7.85293,7.94559,7.17086,5.02993,4.49846,4.84476,3.78075,3.93381,3.43015,3.08471,3.67983,2.26279,3.42061,2.80247,2.7874,1.70937,2.29237,2.41623,1.14991,2.48939,1.9734,1.65092,2.04441,1.42473,1.86159,1.31388,1.53038,1.43401,1.74705,0.815645,1.09441,0.768706,1.29564
1.31831,0.942626,0.5832,1.63218,1.2462,1.62458,1.48466,1.54617,1.44775,2.10538,1.9533,2.33308,1.8671,1.6463,2.25722,2.41933,2.66167,3.03657,2.49334,3.67446,3.28611,3.08558,3.03465,4.03978,3.45024,4.75478,4.69393,5.53324,5.802,5.49689,7.33004,7.53307,10.1937,430.824,643.902,665.178,598.456,683.162,642.114,639.783,646.116,616.771,652.91,684.392,645.472,663.49,690.042,625.932,626.531,534.098,630.126,662.475,579.648,684.271,640.141,650.192,638.649,699.764,669.88,707.266,699.372,643.556,684.172,708.89,641.803,687.518,452.71,7.79864,7.3603,6.80341,5.09217,5.13927,4.50349,4.59477,3.55674,4.35986,3.60981,3.08525,4.08665,3.72315,3.39615,2.65863,2.86457,3.53338,2.52729,1.9999,2.11037,1.73785,2.34253,1.53352,1.5245,2.02053,1.219,1.21117,1.39913,1.48047,1.34065,1.71622,0.888823,0.602547
1.0186,1.61763,1.44966,1.65737,1.38704,1.24337,1.5445,2.1008,1.82647,2.25835,1.69908,1.77039,2.60352,1.38879,3.05257,3.49595,2.5919,2.64772,3.64625,3.12542,4.02702,3.51166,3.15114,3.55024,4.81639,4.60045,3.8895,5.81115,5.93419,5.98546,7.07624,10.2934,12.0027,446.362,625.199,679.747,688.299,660.226,674.496,677.846,665.087,655.71,684.191,680.722,737.137,633.38,676.325,683.762,723.83,583.887,633.415,652.986,651.835,636.35,657.633,626.085,689.6,630.503,693.168,652.052,707.12,684.502,689.413,658.877,624.094,716.961,454.468,11.6656,11.3371,9.13477,7.27238,5.35853,6.45293,5.19364,4.68769,6.22144,3.34916,3.71234,4.10704,2.74644,3.93042,3.18814,2.60344,2.13148,2.27355,1.87283,2.58134,2.91314,2.24561,1.49448,2.60645,1.6997,1.30284,1.91772,1.27251,1.44051,1.57337,0.709267,0.546881,0.992654
1.22607,0.992262,2.09793,1.6016,1.91436,1.58042,1.33683,2.06402,1.39725,0.940821,2.36928,1.8146,2.57254,2.00236,2.21097,3.37673,2.83931,3.12129,3.89342,2.87546,3.47331,3.66927,5.07337,4.34628,3.99529,4.40662,5.04933,5.97607,8.24059,8.62154,8.50082,10.069,15.155,419.899,623.813,612.213,655.617,619.87,642.106,660.596,659.593,636.352,645.096,656.156,643.785,661.545,674.567,625.285,668.744,628.454,612.208,642.967,680.03,657.435,652.203,664.991,676.96,626.064,644.635,713.115,656.297,671.73,586.418,695.034,636.179,644.08,452.893,14.7009,12.518,9.89798,6.98406,5.39874,6.10376,4.53182,5.42602,3.72883,4.84208,3.34349,5.44969,2.89215,2.37135,4.10481,3.10476,4.26419,2.52112,2.38543,2.96032,2.11848,2.12262,2.64964,2.14994,2.07758,2.31291,1.48423,1.84685,2.14733,1.2288,2.12264,1.26105,1.36608
1.44967,2.22781,1.84071,1.44804,1.1922,1.7736,1.34726,1.53869,1.57008,2.72815,2.10953,1.56579,3.36705,2.69465,2.89687,2.8799,3.51768,2.86945,3.99555,2.78356,4.33417,4.52376,5.63801,3.86599,4.34298,4.81435,6.19152,6.0381,7.45387,9.50735,11.4529,8.82317,19.1324,373.343,659.886,650.446,673.381,607.268,632.151,663.603,639.589,597.67,677.47,692.606,606.816,655.66,687.071,635.37,650.633,706.199,669.539,684.478,631.838,632.041,625.644,666.206,595.821,625.736,649.414,590.057,642.338,611.817,621.687,578.852,662.448,608.759,433.909,16.5548,10.5108,10.9776,9.7596,9.26379,6.78875,6.10697,5.58588,5.62622,4.56685,3.0816,4.5381,4.77379,4.83723,2.85925,4.07236,2.92333,1.7211,2.15789,2.79697,2.11105,2.08015,2.66936,1.66308,2.47396,1.30426,1.38336,2.73751,1.78116,1.67095,1.01671,0.922665,2.37548
2.05126,1.73099,1.94901,0.888581,1.46229,1.49964,2.68337,1.22913,3.5115,2.85469,2.70209,2.41903,3.45613,2.28675,2.76856,3.01044,3.0618,3.78917,3.91346,3.02539,3.44051,5.02457,4.4004,5.72141,6.32304,4.24432,5.96633,7.76894,8.28647,8.61162,12.2028,15.0364,17.2877,418.8,702.241,596.134,698.139,602.564,669.028,705.312,637.343,647.637,666.666,645.581,614.909,615.549,648.024,630.679,591.217,657.579,663.662,624.533,613.996,674.808,611.064,663.666,529.635,624.872,674.602,699.155,621.047,628.489,617.699,605.735,673.043,573.308,460.414,15.7759,12.4303,9.03372,9.15881,7.2976,8.77904,7.04479,5.12536,5.32669,6.44357,4.90149,4.97687,4.14715,4.36229,2.70982,3.87057,2.79845,2.84439,3.4029,2.60348,2.70975,2.39918,1.97811,1.96763,1.80862,2.48693,1.3047,1.13829,2.3585,0.857096,1.23717,2.45169,0.886427
1.65709,2.01817,1.11776,1.50923,1.89841,1.16787,1.57288,2.40152,2.02341,2.62793,2.34052,3.44811,2.68951,2.22381,3.2846,3.78161,3.50463,3.14359,3.69403,5.4025,3.74381,3.98548,5.91672,6.11538,5.9277,6.26402,7.4615,6.25046,9.45398,11.4016,11.411,20.3517,17.992,465.176,643.925,650.203,643.709,681.147,630.619,676.845,584.308,600.05,659.447,611.868,602.951,690.325,598.409,644.308,653.552,585.298,667.705,656.646,583.625,630.733,588.651,684.69,666.903,636.647,671.75,560.17,614.973,693.382,644.461,642.305,616.711,664.933,403.866,19.9648,17.8149,14.1674,9.40624,9.5121,8.44692,7.49545,7.35473,5.84912,6.94732,3.3406,6.86366,5.02234,4.79071,3.92997,4.09183,4.75901,3.24076,2.81913,3.28253,3.19231,1.86551,1.82076,2.82523,2.168,2.23296,1.80772,1.87906,2.22619,1.54672,2.5007,1.01662,1.54126
1.43981,1.32149,0.783623,1.72466,1.93767,1.92758,2.14804,2.43408,2.04506,2.28014,3.07565,2.94435,2.54986,2.05928,2.85361,2.60523,4.12225,3.01859,4.87826,4.93052,6.21115,5.50432,7.10546,6.00297,6.41192,6.07924,7.76075,10.0979,10.057,9.02565,12.9253,15.1762,21.1882,414.399,634.982,656.547,642.431,620.462,613.932,646.022,660.821,673.026,630.471,607.845,679.213,637.642,642.149,643.375,642.599,629.545,663.261,625.897,639.531,636.786,632.129,602.428,663.09,581.212,619.1,631.18,609.362,588.939,624.012,662.272,681.624,615.67,428.172,29.1897,14.7912,11.4087,13.6457,11.0172,8.41671,7.51225,7.04092,6.61871,7.11135,3.72956,5.13774,3.87272,4.76629,4.09343,4.6021,4.07105,3.22023,2.78393,2.64685,3.03188,1.49887,3.05761,2.32953,1.81993,2.15372,1.6052,1.478,1.17432,1.35524,1.63853,2.05788,0.921335
2.01317,2.09113,1.36906,1.53382,1.70927,1.9572,2.4048,3.63379,3.21042,1.98693,2.86375,2.38587,3.76183,4.28786,2.58907,3.87268,3.06905,3.6495,4.10897,5.18667,4.41598,5.31614,5.16146,4.71989,5.18485,6.16228,6.77015,11.2136,12.4477,13.0797,13.3393,22.2304,21.1357,415.755,579.167,651.434,593.903,612.479,664.459,620.078,615.558,611.666,623.245,651.948,653.821,603.033,640.182,618.382,662.693,585.458,632.614,630.589,595.659,655.077,638.283,647.159,628.622,670.692,689.78,578.337,645.411,600.129,603.468,576.32,599.245,610.371,365.624,22.9343,18.187,13.0457,14.4016,11.0445,11.6839,9.54093,7.3254,6.1455,5.07911,6.19402,4.8878,5.35283,5.66717,4.69822,3.47206,4.00698,4.35343,3.60126,4.38714,2.75226,3.01732,2.27018,2.08551,2.13688,2.14463,2.02055,2.09113,2.13923,2.04312,1.38709,1.1959,1.19899
1.47783,2.06028,2.57396,1.9183,2.64109,2.43287,1.54961,2.48011,3.36934,2.7662,2.92811,2.75739,3.17069,3.62022,4.23926,5.13254,3.81064,4.03234,6.56994,3.87479,5.22552,7.40886,6.63222,5.96002,8.86805,8.38704,9.6686,9.37821,11.1742,11.1418,15.8513,19.5938,24.5347,378.421,640.952,592.941,632.786,660.854,643.125,605.678,649.05,657.439,592.314,577.467,611.87,620.22,543.687,628.53,598.067,570.822,646.829,652.174,686.211,634.48,614.717,607.89,639.993,582.819,616.464,591.19,621.355,590.531,603.102,633.262,619.408,669.256,372.394,22.0272,21.8486,16.2835,15.4716,12.6901,10.5517,9.17839,8.53381,8.42996,7.11694,7.75187,5.96965,4.92431,4.78989,4.97708,4.85491,4.20804,3.17486,3.14785,3.25252,2.58011,2.43313,4.08559,2.50744,1.75188,2.71472,1.70409,1.69385,1.84409,1.61014,1.58535,2.04971,2.23613
1.4745,1.51049,2.34402,1.93615,2.34821,2.86536,2.52156,3.61269,3.09728,3.53102,2.07227,2.45034,2.50557,4.14658,3.6877,3.17434,3.91197,4.4933,4.49438,4.83113,3.79062,6.61128,7.03701,7.03252,10.8106,9.01119,10.0421,12.3872,15.3373,13.1016,17.4604,23.0477,40.0534,435.388,645.034,575.49,641.378,631.845,591.777,596.484,574.441,642.77,571.599,621.585,574.558,579.762,632.296,659.135,590.579,620.29,603.64,624.471,646.998,604.867,625.154,611.919,632.537,577.114,637.631,630.103,603.275,558.839,631.641,618.129,635.461,642.233,446,32.2729,18.7974,17.3749,16.7624,10.6516,12.1811,11.253,8.07808,7.94863,9.14205,6.69222,7.24793,5.0515,6.05763,4.01391,5.4073,3.06106,4.30613,3.22087,3.82793,2.96045,2.72261,3.42051,2.65217,1.92581,2.65848,1.74616,2.05247,2.75868,2.28832,1.26212,1.42879,1.42173
1.07933,1.7797,2.01293,1.96354,1.6167,3.00177,2.86166,2.4097,2.56481,3.04373,2.96317,2.31821,3.21902,3.81227,3.56887,4.7458,4.83541,3.9927,4.18321,6.03679,5.88118,5.86609,6.98837,6.84393,7.87411,8.84578,9.69194,11.6796,10.9826,15.5836,17.7322,21.5801,29.5257,431.367,603.59,589.492,583.339,610.69,647.476,644.077,590.599,641.605,595.426,577.951,578.258,599.422,679.176,623.194,622.504,617.677,600.359,650.255,598.96,643.718,655.634,600.031,596.61,622.03,634.172,673.422,609.588,574.073,604.772,571.916,556.669,565.826,451.722,27.6374,24.5942,18.1602,13.5261,13.8246,10.4269,9.61803,8.09852,8.72167,6.95004,7.00536,7.31675,6.65038,4.40902,5.36991,4.12239,3.18361,5.05501,3.16527,4.30229,2.51447,2.33112,2.6389,4.03412,3.32766,2.43713,3.16098,2.19463,2.5003,1.71856,1.28411,2.33839,1.96471
1.6881,1.86034,1.97694,2.04671,1.7388,1.94333,2.45676,2.90677,3.42675,3.0245,3.34469,3.38305,3.82405,2.6235,3.0766,5.71776,4.23123,5.43926,4.63699,5.56585,6.52249,6.52838,7.27059,8.83334,11.1339,10.273,9.49586,10.8654,13.0157,20.1141,18.0707,18.2064,36.9155,400.244,578.271,577.487,586.537,569.451,595.814,603.655,598.257,576.397,673.322,626.348,628.503,580.7,599.073,593.357,639.509,623.581,611.512,596.433,632.996,619.221,621.875,617.311,601.691,641.949,536.986,608.497,553.421,618.107,601.429,617.053,627.925,645.142,402.694,34.9979,29.5866,19.4523,17.8855,13.2672,15.1654,11.2542,10.7183,9.20152,8.57005,7.27787,7.45344,5.89479,6.72831,5.35129,3.13693,3.98685,3.53212,3.95073,4.49357,4.01578,2.91905,2.91391,3.80546,4.0171,1.85513,2.27102,3.20017,2.80078,0.948131,2.37618,1.56894,1.771
1.86876,2.13209,1.99355,2.51605,2.73975,1.46108,2.18936,2.10006,3.76644,3.04341,3.10231,4.36399,3.83927,3.96742,3.45512,4.58656,6.6865,5.70597,5.16712,5.95969,5.97355,5.55821,8.60622,8.64572,8.6551,12.3186,8.62297,16.1988,18.627,15.5894,22.9169,29.1037,29.5264,393.528,574.826,618.528,589.028,598.713,575.764,579.902,616.611,565.791,607.52,568.89,610.811,601.671,629.006,578.128,654.734,578.282,590.142,654.823,579.054,666.607,650.648,589.314,593.304,552.643,590.613,625.344,668.826,589.784,567.552,620.215,607.062,622.8,371.549,35.8575,24.5754,18.1408,18.3217,12.8455,13.2015,12.3822,11.6673,9.5969,10.2818,7.57964,5.77906,7.43786,6.06697,4.95854,4.08191,4.89304,4.2177,5.03798,4.02367,2.75063,4.58739,3.00872,4.10531,2.28254,3.47459,2.36915,2.44549,2.29954,2.42779,2.42691,1.22906,1.66849
1.38749,1.57043,2.43495,1.44291,2.1098,2.5542,2.99727,1.76343,3.27546,3.32657,5.29431,2.55212,3.95683,4.44025,3.8563,3.71457,5.49311,6.81331,5.65645,5.56519,6.41568,7.58014,6.89965,9.25586,9.33219,11.3091,9.71102,17.639,14.5197,20.3482,26.5337,32.6347,33.5996,387.761,607.195,577.908,610.133,641.559,594.033,555.953,614.646,613.71,605.451,566.553,596.558,546.967,619.293,548.529,598.802,592.982,612.924,653.576,639.608,602.544,616.935,671.317,656.42,552.587,506.643,573.051,594.899,671.436,560.512,637.667,552.639,638.719,388.292,33.6522,26.7966,25.9127,20.7689,12.4753,13.6927,12.8973,11.9439,10.1749,10.7978,7.32561,7.94321,5.57498,5.36337,4.93156,5.50764,5.69824,4.92978,4.83128,4.62536,3.43186,4.42767,3.12356,3.56758,4.1945,3.07867,2.18734,2.97848,1.49806,2.00325,2.68617,1.91586,3.25121
1.86727,1.47652,2.44344,2.3001,1.909,2.76427,3.50468,2.55577,3.48798,3.50407,4.09045,3.39921,4.23293,4.29375,4.26853,4.99913,3.85246,6.76266,6.76703,7.50183,7.97396,5.90564,10.7357,8.48816,11.143,15.3386,10.9839,14.8811,16.8138,17.9449,23.7112,31.1119,36.2257,396.009,521.079,602.808,541.044,568.969,571.015,582.108,602.963,535.052,656.244,592.513,558.697,603.606,601.529,589.332,556.894,631.237,594.013,585.353,602.939,580.364,582.739,565.958,619.573,582.638,580.181,634.585,588.655,570.519,598.112,528.814,581.131,580.785,370.974,33.1822,29.4633,21.3613,19.5129,17.1253,18.3878,11.1604,15.3748,8.16221,8.74031,7.81458,7.67029,7.65902,8.74073,4.76297,6.47387,4.65181,5.35396,4.22581,4.45518,4.8379,4.29268,2.82829,3.68268,3.2767,2.71246,3.17896,1.97375,2.69456,2.11613,1.97708,1.665,1.67849
2.12882,1.87757,1.9811,2.73992,2.42869,3.36838,1.97576,3.18536,2.00241,4.28032,3.34133,3.69427,4.23879,4.14706,5.54717,4.99283,5.26612,6.87702,7.98986,6.20561,6.75778,8.74348,9.14938,12.3464,12.9127,13.3263,17.0226,12.051,18.5414,18.8836,21.1921,32.0748,35.1934,341.865,493.921,599.719,620.949,628.198,625.341,572.042,610.892,642.694,612.213,555.759,582.495,565.96,569.887,583.199,613.887,609.476,597.827,606.04,602.797,588.69,585.004,590.061,605.176,624.845,643.868,649.372,587.459,606.977,644.484,590.891,598.604,545.086,424.598,39.2103,24.7042,25.3982,19.2979,16.8101,14.289,12.656,17.0694,9.88197,11.2141,10.38,6.59908,9.15861,6.68291,5.92529,7.40232,5.5645,4.8093,4.62949,5.28443,3.49707,5.14005,2.16378,3.85963,2.39672,2.42314,3.64124,2.56213,2.64222,1.90284,1.81959,2.34772,2.20805
1.97913,2.46426,1.98114,2.85434,2.75552,2.59661,2.24161,3.36584,2.84215,2.96813,4.17706,3.47504,6.29089,5.85229,6.13334,5.57316,6.09101,5.81665,7.03756,6.56408,9.20943,8.96085,8.74,10.7733,12.114,10.1501,8.9261,16.5173,15.0814,18.6615,21.9627,29.8697,35.4966,355.042,545.412,596.45,543.084,601.674,527.008,591.492,563.214,585.534,623.912,608.349,595.853,571.875,524.414,573.72,572.589,584.57,582.001,606.998,607.114,558.309,540.88,556.625,594.635,561.909,624.679,559.59,598.565,580.434,542.292,513.804,604.557,589.567,340.817,33.2262,27.3032,22.6252,21.9517,16.7328,13.6043,12.3653,11.4081,10.2903,10.2634,8.76614,9.05627,8.39792,8.14888,8.48407,8.81529,6.55499,6.85856,4.50172,5.50305,4.31208,4.67926,5.17634,3.59471,2.65401,3.3339,3.39729,2.61189,3.4687,2.58997,3.16508,1.68941,1.37499
1.57929,1.85486,2.17846,1.60884,2.52766,2.76766,2.65242,2.73692,3.71476,3.24737,4.00927,4.5995,4.36602,5.67663,5.75841,5.3589,5.85124,7.51238,6.73258,6.50898,7.66455,9.06055,9.66599,14.0976,9.8762,15.1935,16.2123,18.7945,15.704,21.7163,26.9294,36.4801,39.9682,380.626,565.926,582.222,553.802,585.985,563.407,573.778,535.174,556.378,558.878,574.836,595.962,533.103,646.806,598.68,591.025,586.007,591.844,583.148,557.173,604.519,593.863,554.736,539.539,550.294,592.314,616.721,525.083,611.157,580.649,541.781,571.431,575.174,386.527,35.3555,32.9665,23.6705,25.3825,17.9789,18.9743,19.2552,10.9496,12.3836,9.42939,8.94593,7.54576,7.24227,5.39716,8.42464,6.57301,3.91707,7.15636,6.28245,5.81283,5.38533,3.45857,4.25182,3.93781,3.28669,3.77803,2.77729,2.05112,2.85933,2.17948,2.05151,3.08662,2.91478
1.67636,2.31375,2.38146,1.66985,2.08751,2.61889,3.87273,2.23707,3.45413,4.73415,3.44227,4.14625,4.57303,4.69436,4.63286,5.09883,4.87181,7.40289,9.97363,6.53813,7.60375,8.85806,9.3312,12.8313,11.9429,16.3549,15.3634,14.2221,19.0189,28.2992,27.2067,31.233,51.0451,359.969,556.949,551.21,522.593,555.115,538.414,558.229,550.673,556.773,519.659,597.868,574.529,529.034,601.78,551.891,596.651,583.147,607.026,618.614,560.582,548.886,587.239,597.476,574.158,558.228,557.514,588.718,540.718,615.201,561.269,588.536,558.146,559.861,363.088,41.0405,27.3668,23.9863,22.0881,18.8875,16.5059,13.6862,12.2692,13.3809,9.63236,10.3121,9.6474,9.37382,9.34059,9.54075,8.7691,6.19102,4.86349,4.3479,6.3243,4.95672,4.17893,4.7237,4.31989,3.44235,4.09725,2.78075,3.93938,2.89732,3.50884,2.2864,1.86419,1.45621
1.87107,2.8675,3.20389,3.50597,1.83329,2.94732,3.47854,1.98455,2.58314,5.04539,4.21616,3.82327,4.97695,4.72276,5.56479,4.17601,6.25996,4.84614,7.63027,7.05713,9.67252,10.4102,10.7043,14.463,16.1255,13.4164,18.8216,16.1672,21.3262,24.4161,33.6794,34.6932,38.305,391.269,545.72,590.471,539.97,579.275,542.344,559.987,566.314,542.604,563.774,577.512,579.313,614.385,549.551,513.254,559.158,513.486,573.089,590.684,567.04,542.648,524.157,592.067,549.845,628.133,570.779,584.745,573.278,541.979,558.78,601.929,569.74,581.84,340.262,41.7503,29.932,37.0372,25.4705,17.9406,15.6885,18.6887,16.4414,10.1045,9.76652,12.9672,9.13767,8.74314,9.97847,6.12506,7.60491,6.76701,5.66987,4.08945,5.54574,6.94092,4.76752,2.47433,4.21266,2.4634,2.3899,2.83836,2.55716,1.62005,2.136,2.66794,2.09004,1.88142
2.42161,1.27456,2.52829,2.5289,3.13705,2.87748,3.21614,3.43575,4.05294,3.18335,5.10581,3.97045,4.31845,5.32011,5.12586,6.5642,7.2057,5.84806,9.73311,6.4181,8.29032,8.07961,9.47495,12.443,9.73117,15.3502,18.1186,22.8319,22.326,29.3383,25.2218,35.349,40.0322,387.714,516.283,619.258,527.667,536.624,557.696,569.005,584.792,575.866,582.513,571.352,570.331,549.036,550.074,590.28,546.918,580.061,557.478,526.062,567.461,548.602,542.801,617.604,579.88,532.354,584.306,531.042,557.76,564.91,568.749,591.803,543.169,561.911,402.413,42.3792,29.9739,30.0805,23.6107,18.9283,20.3794,13.6731,16.8718,13.3894,11.1067,11.2632,10.6634,12.8423,8.15181,9.77413,7.80237,5.37601,7.21697,5.66869,3.51622,4.58111,4.13012,3.39008,4.66622,4.47144,4.7365,3.79906,3.13291,2.32223,2.97241,1.93897,1.42213,2.35269
2.02075,3.25306,2.30045,1.71264,2.53441,3.53124,3.36519,2.96745,3.00959,4.19258,3.81316,3.78003,5.09816,7.54339,4.02074,6.42688,8.71291,7.03544,8.95454,10.6529,9.69356,11.0664,10.7049,11.8535,18.1935,18.4627,14.9172,19.1032,17.3207,27.7727,35.6717,34.1928,38.5247,359.351,535.554,538.65,529.177,543.886,542.963,565.517,508.368,556.058,563.152,555.231,523.388,615.374,570.299,641.393,567.512,545.139,579.932,592.168,561.962,578.395,606.952,557.667,520.28,545.073,588.55,533.537,544.871,549.555,559.605,573.547,618.005,509.27,355.829,43.305,32.4811,29.825,28.5034,19.0831,16.4008,19.1812,15.4629,12.8643,11.946,12.2619,11.1257,9.78557,10.3079,9.18747,8.41384,7.06702,5.34657,7.52182,5.99445,5.53447,4.56022,4.9898,2.93823,4.17808,3.89862,2.79157,4.74667,3.15821,2.00794,2.28035,2.13434,1.65125
2.66912,1.84223,1.78927,3.40679,3.24274,3.1634,2.3208,2.69181,4.19071,3.72794,3.05906,6.7281,6.22702,5.22405,6.43372,6.73156,9.97121,7.98128,11.3261,9.69753,12.7852,12.0804,13.3256,12.4699,12.2362,15.7338,17.6449,19.1726,24.3511,32.271,40.7721,35.749,36.0138,350.337,522.096,510.75,516.508,542.735,552.361,504.639,540.463,572.986,518.265,541.539,571.445,598.523,564.609,536.284,592.634,526.062,516.457,588.612,547.922,524.713,505.892,545.831,568.073,481.083,576.989,615.531,558.74,549.726,566.643,503.089,566.214,551.395,350.677,44.693,31.1329,27.3705,22.0895,21.6312,26.5551,19.0019,15.5329,15.4246,9.28175,12.15,15.3376,10.0335,8.38165,5.79113,7.79563,6.85085,7.38701,3.31103,7.23093,5.14987,5.20731,3.30789,3.38402,5.53006,3.94068,4.46283,2.93437,2.31479,2.39292,3.31107,2.09013,2.95862
1.62963,3.45808,3.99374,2.44503,3.24335,3.38813,4.68345,2.81789,5.33214,4.15775,4.13245,5.56676,4.1776,8.50496,5.9436,5.69777,6.11838,8.30231,10.6897,8.19074,10.5337,9.373,11.0017,13.6773,13.3875,15.0385,17.3627,21.7286,24.4817,22.796,34.4297,31.1837,37.1447,326.543,506.634,536.164,521.843,527.538,489.899,548.337,544.722,556.4,545.848,545.845,566.548,537.104,564.059,508.897,603.284,502.589,499.66,562.832,513.136,570.459,546.989,559.813,531.596,652.331,527.549,613.745,499.363,537.379,552.056,530.758,464.978,489.936,414.565,42.6026,40.441,32.2719,25.4794,24.332,18.2009,18.7332,16.0743,17.9603,13.6698,12.4292,9.85677,10.7566,11.3953,8.57972,9.37647,7.5796,7.22168,5.83054,5.13144,5.12002,5.15194,3.28605,4.04718,4.79659,3.27367,3.54376,4.48202,2.97469,2.92233,2.80474,2.75452,2.7012
0.974698,2.54133,3.89619,3.11358,4.00685,4.19238,4.48429,3.66178,6.13924,3.5667,4.4834,4.08917,7.77085,7.0378,8.53355,8.90613,7.43571,6.72877,8.4906,8.66691,9.31744,14.2647,13.9248,15.1036,16.6692,18.4199,19.3868,20.4147,30.6834,27.5393,38.3417,33.783,58.0372,340.669,496.266,517.182,570.877,542.178,550.203,550.206,483.151,535.756,520.004,488.963,571.007,549.186,549.217,528.227,568.736,551.356,547.463,531.201,564.067,544.584,569.382,566.254,520.219,558.394,524.666,577.007,543.266,515.283,518.531,548.205,560.001,529.608,380.088,46.2096,40.4661,33.2736,26.4441,24.655,17.9469,20.8902,17.2112,13.8747,10.4796,14.0659,10.1886,11.1172,11.0154,9.08365,7.08931,7.96797,5.65465,6.15397,4.94279,6.74799,4.05297,5.70989,5.56975,4.02511,3.63107,2.43434,3.89094,3.09109,3.43164,2.58909,2.21551,1.38537
1.62336,3.13475,3.30915,2.35662,2.70408,3.19313,4.75559,4.32906,4.1127,4.17579,4.78264,6.95843,6.05634,6.51629,7.98972,7.68339,4.62801,7.71174,7.76019,9.51503,12.5297,14.102,11.7811,12.6656,17.0067,22.3871,22.0967,27.248,22.1558,27.4376,32.9282,38.7323,39.2876,375.74,525.165,519.418,526.357,536.811,504.295,518.825,546.228,486.988,497.886,538.665,548.954,545.419,544.99,618.969,498.377,515.025,583.136,534.421,497.693,593.958,538.645,511.441,540.564,559.406,510.116,490.756,502.512,533.199,532.897,527.542,527.804,511.551,340.469,46.6276,37.8426,28.1013,28.3304,23.1955,20.684,20.6715,17.2718,14.822,13.4393,11.9951,11.6254,11.2883,8.10626,9.27861,7.87717,9.14743,8.70042,8.38411,6.63038,7.37224,5.5914,4.4121,6.74012,4.29661,3.1561,4.23505,4.08145,2.94081,3.03724,2.92073,2.52125,2.81231
2.21384,2.68767,3.85814,2.69175,3.31063,3.07591,4.00587,4.38058,3.68717,4.93351,5.17948,5.2996,7.63693,8.47608,7.13726,6.87772,7.63745,7.4163,8.99754,8.32283,12.2503,9.05102,13.8563,14.7626,17.2809,16.7284,20.8402,28.6662,27.4225,23.3533,31.348,44.9704,42.7555,326.266,489.176,520.788,467.773,487.727,480.38,590.353,542.352,542.779,568.342,554.24,511.543,557.642,533.151,517.356,586.385,569.782,553.206,571.373,523.295,515.321,545.352,539.84,486.181,563.709,521.387,612.626,559.729,535.13,473.378,509.844,522.731,487.067,348.852,45.6624,42.9039,29.5432,33.1175,19.4262,21.4139,16.271,18.5768,15.7272,15.069,12.7669,10.3033,12.1654,10.2586,10.2001,6.81087,10.2331,6.00263,5.36288,5.22748,4.26802,6.03638,5.16913,5.70507,3.70675,5.56613,3.32508,3.44644,2.31824,3.82828,3.07399,2.54538,3.08275
2.14784,2.31901,2.65569,2.19427,3.74555,3.41083,4.72127,6.09039,4.24556,5.34088,4.56022,5.03725,6.98235,5.43744,6.69904,5.93327,7.21281,8.6925,10.2602,10.8643,12.7173,11.3761,16.1692,17.9357,18.8919,15.658,21.5026,23.4775,29.4026,33.1738,31.3211,38.8445,42.2243,353.934,539.494,482.857,481.213,495.876,541.092,492.789,469.465,481.151,490.632,522.28,505.513,529.788,491.236,505.598,474.067,506.717,542.383,502.054,548.584,508.935,536.797,488.955,490.25,526.283,551.356,511.528,540.49,532.097,533.165,464.296,462.318,474.496,339.134,50.3858,43.3673,30.5852,32.2121,29.5155,28.6479,19.6229,23.6219,20.9577,11.7804,12.0916,8.4258,11.1224,11.5338,12.2831,7.69246,7.37377,7.53943,5.77386,7.56944,8.65838,7.01179,4.92306,3.9834,3.85769,3.92113,3.51591,3.36276,3.52503,3.17525,3.67128,3.57584,2.47526
1.80508,3.4568,3.9834,4.455,3.26996,3.40604,3.56809,5.19158,5.76654,3.77313,4.45382,5.31573,7.73423,7.497,8.62442,7.29607,9.59247,7.46699,9.68815,10.3691,10.9564,14.3009,12.2314,16.583,14.5756,21.3881,21.0286,17.7551,26.65,27.4966,32.4734,39.1265,34.179,349.313,482.529,499.274,500.024,471.093,473.301,538.746,512.99,522.662,506.938,572.459,510.176,550.99,485.335,536.044,558.576,505.293,493.357,530.424,514.234,518.093,537.315,559.574,523.061,555.606,550.371,507.064,517.606,505.114,522.211,544.976,473.736,524.426,287.845,52.0225,39.0074,38.5014,28.6385,24.1952,21.8159,25.9105,24.121,20.5917,11.3435,14.0047,13.528,12.371,12.2797,8.86107,7.38385,10.4767,8.50477,7.95966,8.53114,6.09612,6.03754,5.70291,5.46646,4.89972,5.31109,4.37508,3.77764,3.33994,3.21589,3.83395,3.40221,2.97263
2.20658,3.27902,4.34221,5.03537,4.26911,4.52635,4.00301,3.18908,5.12084,4.56067,5.56608,6.131,5.67897,8.19144,6.97235,6.29679,6.8258,10.5243,11.3203,10.24,12.4651,9.99833,20.0828,15.8663,14.1882,23.5732,18.3322,21.1792,21.4102,30.0776,49.2564,44.4605,59.7584,358.955,516.412,485.483,472.509,500.946,489.677,502.193,493.02,468.787,506.712,510.27,484.78,483.61,496.437,508.816,541.932,530.837,523.453,511.763,481.981,534.577,536.071,493.377,520.22,467.453,517.989,521.823,537.546,499.902,428.062,509.696,462.125,496.538,348.735,54.2487,36.9439,45.7252,33.1679,30.6659,24.5134,24.9399,15.8881,16.9246,14.7779,15.9251,8.10202,14.3288,10.2098,9.06375,7.69111,7.56467,9.81848,6.11076,6.88398,6.93431,6.87327,5.62931,4.78568,6.53534,4.79374,4.848,2.72392,4.56921,3.371,3.7449,3.04149,4.54574
1.71879,2.37462,3.75968,3.41238,2.38104,3.54361,3.48086,3.25261,3.87579,4.21376,6.16425,6.77738,6.83021,9.16775,5.13788,5.97545,10.93,7.41319,8.70389,11.0577,11.1586,13.7088,16.3445,13.3911,15.3962,15.582,23.1475,36.5217,33.516,32.1921,35.9412,41.9042,55.8224,316.913,449.93,397.046,531.726,470.663,485.285,516.206,478.408,492.234,513.668,490.537,487.829,526.966,556.553,517.182,516.062,479.006,518.043,556.034,507.985,500.087,496.711,557.285,505.202,487.81,557.627,501.788,470.141,518.527,502.031,488.164,463.423,484.644,351.231,47.878,38.1095,32.7657,34.7327,25.2796,26.1754,23.9952,21.9938,19.7022,17.9548,16.5106,13.578,12.2335,13.0725,9.6341,10.9089,7.9807,9.06856,7.0576,6.56993,7.9521,5.77121,7.78352,8.00305,4.13748,4.95777,3.70433,3.54742,3.43618,2.65586,4.15804,2.17002,2.58801
2.53562,2.54967,2.98936,4.10882,3.67225,4.53274,5.12745,3.63109,4.08932,5.22851,4.81955,3.89347,5.16221,6.44605,9.41147,8.7308,9.13044,7.47978,9.24963,10.4995,12.5478,10.9858,16.4848,14.485,19.4856,19.1929,29.8496,24.4466,28.4031,27.3171,32.4747,40.8764,56.1004,361.803,472.176,454.441,462.421,459.923,514.757,468.171,502.899,518.866,454.337,537.762,522.456,550.968,511.995,483.412,471.33,525.359,548.826,466.975,509.306,494.208,466.942,474.622,517.5,558.891,467.714,494.176,511.164,487.398,471.286,455.958,401.048,513.33,348.711,43.373,47.838,34.0223,30.6327,26.8903,24.0873,22.7653,23.8105,15.0402,13.9401,14.339,15.9311,13.8197,16.3453,13.0954,6.55811,9.81455,6.94589,6.92831,6.91768,6.81734,6.16234,6.65062,5.49319,6.13552,4.23662,3.37919,4.61349,3.27833,2.68429,2.99303,2.00708,2.44578
2.63404,3.60355,3.26554,5.31899,4.30687,2.56439,5.15453,4.69206,6.36654,6.7563,6.33394,6.36403,7.71867,7.7548,6.16811,7.72298,9.24335,8.56418,12.303,12.2029,13.8957,14.6738,19.7017,13.5187,16.774,19.3489,25.3214,27.8714,33.2904,39.005,37.0898,42.4496,57.5749,356.586,443.593,465.785,491.999,488.238,467.902,444.412,515.061,434.395,472.634,518.196,476.24,474.948,545.56,502.977,478.317,529.106,516.898,522.465,512.195,480.421,509.253,491.908,504.252,470.77,492.318,467.987,497.156,455.035,465.277,480.249,480.027,490.654,349.368,46.0883,43.4997,44.7037,36.63,29.3569,23.8744,25.7259,23.309,20.4785,19.3478,11.1474,11.0986,13.6546,15.5111,9.83026,10.7693,8.23824,7.87714,7.23916,7.50545,7.23232,4.79684,6.97647,3.90818,6.4,4.48847,3.9839,3.74362,3.75615,4.32539,1.82344,4.55328,3.36542
2.61043,3.94092,3.66587,5.06325,4.6964,3.53659,3.5832,5.55834,6.92547,6.69295,6.23095,6.13431,8.28008,7.8752,5.4598,6.29512,7.60674,10.2067,11.5591,18.682,12.2331,12.1097,15.9707,16.8816,17.7912,22.4407,21.9887,23.3109,23.5723,33.8493,39.0707,43.5474,48.5283,317.605,394.686,470.157,486.459,446.115,466.113,484.998,525.109,484.589,457.788,540.872,487.809,541.627,476.669,515.25,467.447,486.184,495.978,445.062,494.207,474.069,499.116,486.74,504.048,478.891,475.2,508.849,495.986,445.105,469.194,482.161,464.207,487.677,302.984,59.6823,40.1183,36.0538,34.6901,25.408,28.4789,19.6758,19.7205,20.6791,19.6197,16.459,12.6409,14.8988,10.0027,11.261,7.27128,8.03985,7.31685,9.05834,7.73411,6.52223,8.675,6.08451,4.66818,3.84053,4.93188,4.15759,4.94453,3.29478,3.01137,2.82592,4.50347,2.30627
2.09379,2.08258,4.28479,1.64168,4.37251,3.49194,3.95919,5.69389,3.83749,5.98797,5.76355,4.40266,8.2768,7.32155,6.45744,7.71921,7.97054,9.35455,11.9327,11.8226,14.1808,16.9099,17.419,16.8007,18.2106,22.468,25.489,29.4857,27.2379,33.8024,35.9392,49.6179,57.335,330.081,460.337,470.026,475.762,466.449,418.836,449.789,457.603,464.592,533.849,457.944,483.787,470.939,506.17,458.232,495.149,498.168,516.072,543.937,474.715,486.301,553.104,485.841,467.144,503.821,495.425,442.784,471.297,492.914,468.337,436.917,472.994,452.511,275.949,48.3589,54.0497,48.9639,34.6833,34.5608,29.2212,25.3624,25.6375,16.6337,13.7004,20.1196,13.2152,13.8305,13.2176,9.04332,9.83254,10.3299,8.18335,8.05892,8.12961,5.3182,7.88382,6.87066,4.05254,6.72137,5.22975,4.51315,4.74923,4.78254,3.58247,3.60421,4.20053,3.96538
2.74554,2.6607,3.70251,3.22307,5.64473,5.46007,4.04675,4.08401,5.01319,5.59633,5.56309,7.78586,6.83015,6.82063,9.94374,9.24407,11.4403,10.1751,13.3934,11.3561,15.3033,13.0749,16.2294,19.1853,16.5758,23.1381,21.3754,28.2305,25.0142,30.9293,36.468,39.1359,50.9836,320.667,450.911,448.58,502.385,512.741,489.967,487.347,471.087,466.331,492.725,437.499,474.003,483.241,491.673,472.932,456.216,487.281,484.71,493.487,462.128,499.682,519.223,496.62,498.866,536.687,497.901,469.17,523.904,507.82,448.512,461.742,467.441,421.126,362.494,42.7277,46.7588,32.8778,31.1851,32.8646,28.2604,23.6287,17.976,17.4467,16.0254,12.8901,13.8014,11.1295,14.8556,10.5496,14.1681,7.53563,10.8339,7.74903,13.6731,7.67748,6.85432,7.68157,8.22768,5.4279,4.4361,3.80299,5.27631,5.414,3.80871,2.491,2.75335,2.39267
3.66002,3.55617,4.35635,3.76649,3.16574,2.74334,3.62817,3.39929,4.66598,6.77714,6.23113,5.84327,7.46083,7.80135,8.76734,13.4078,9.57088,13.7871,10.1399,11.1222,14.9023,12.9529,14.7857,17.594,21.3607,23.084,23.313,31.1279,28.3237,36.8049,43.9931,44.9578,50.5023,311.47,418.433,428.354,428.889,475.65,464.963,496.738,451.631,472.06,524.325,465.878,462.504,451.056,555.173,485.417,537.595,472.098,441.709,495.02,494.925,466.146,463.804,512.313,479.379,481.81,523.194,483.213,463.077,487.886,477.197,518.311,469.446,406.092,295.044,44.8266,38.356,46.5499,32.8486,31.8751,29.8527,20.8885,22.3695,21.0864,18.3262,16.6684,15.875,19.8462,13.5039,14.517,10.3755,8.12446,8.42893,7.62776,9.41956,7.51563,7.72127,6.79704,5.4039,4.45828,5.15552,5.87153,4.49694,4.6119,3.28918,3.06822,4.42413,3.67216
3.94216,2.77127,2.5133,3.53555,5.66946,5.15239,4.76876,3.10945,5.03146,5.57319,6.00077,7.99636,8.29596,6.85466,7.22057,9.79322,11.0844,8.94749,8.64187,8.91615,14.0893,15.0668,15.6559,18.7393,21.0562,16.6108,27.1905,24.5708,43.7984,31.1618,40.8427,39.0635,57.5497,284.263,442.54,461.178,428.691,446.245,453.957,463.579,490.314,458.055,483.84,467.34,531.664,468.247,477.435,502.046,453.042,485.062,484.288,466.501,458.984,488.802,440.744,447.444,499.037,422.518,523.469,481.047,445.992,459.02,479.243,462.562,425.96,447.322,269.602,60.5101,51.0797,35.4151,31.6221,31.4941,28.0228,22.5267,21.6262,23.1211,14.647,15.19,15.3711,12.3236,13.618,13.2754,8.22899,9.1626,8.67039,8.48655,5.36108,6.19045,7.94754,4.23308,5.18704,6.39389,5.61977,4.71508,4.969,5.46202,4.87609,2.97058,4.85771,4.83765
2.99533,3.53636,3.67499,3.25724,2.99143,5.63294,5.63135,4.84321,6.27898,6.60477,5.47446,7.59719,10.4023,8.27837,9.60425,7.36608,12.3744,8.39209,11.5323,10.6838,16.068,15.0097,14.1838,22.0051,20.4377,20.6714,25.0923,25.6629,26.4515,34.9314,37.852,49.2732,55.9154,336.921,437.757,420.092,440.913,443.53,436.852,475.45,431.932,486.16,444.892,450.096,463.217,462.483,457.427,488.573,515.438,534.144,519.204,465.36,441.67,485.798,422.305,454.525,467.983,454.267,490.396,498.749,436.353,479.039,478.931,488.796,449.707,431.666,321.75,49.8881,40.5135,42.0808,41.4533,24.5443,26.1564,21.6299,21.9138,20.5158,15.2277,17.4055,17.0574,11.914,10.6157,10.9251,8.73195,10.2516,9.58453,8.86631,7.45349,9.39984,7.27601,5.42573,6.68115,5.38578,7.74446,4.38265,5.96176,3.96494,3.32867,3.89212,3.31118,2.13578
2.22024,3.49935,3.53893,3.03488,4.56426,3.70308,5.78231,6.51502,8.83955,4.10427,8.45208,10.2611,7.66117,8.44424,7.26913,10.95,11.1836,9.07229,8.27834,15.0276,14.6812,13.968,16.1784,21.9173,18.5723,15.9915,27.6367,22.3554,32.7276,29.8945,38.5037,50.5692,65.2963,285.238,451.32,451.357,451.905,381.829,463.888,456.482,435.876,433.192,452.439,458.924,460.626,429.585,461.456,491.769,496.039,448.651,491.463,489.879,441.915,428.052,431.144,489.041,506.805,444.575,416.407,435.258,446.211,418.536,427.767,469.818,424.18,393.13,332.557,39.9296,36.4182,34.798,31.5682,33.4707,25.1798,25.149,24.2739,19.6954,22.3943,13.7676,14.9329,10.54,12.6188,11.8106,15.4023,11.5871,7.92575,9.2975,9.01726,6.16562,4.24763,6.95736,6.63761,6.46133,4.65561,7.26115,5.40089,2.1138,3.57948,3.48475,2.62564,3.31744
3.85349,3.52388,3.79628,3.20498,4.28213,4.16876,3.50758,10.6471,5.18282,6.86792,5.34575,7.65444,6.18368,8.59824,9.25045,8.08204,7.86798,8.59545,10.8979,12.5963,16.0268,15.0012,18.0939,16.3308,18.8696,23.4034,23.962,28.4871,28.9744,39.1687,42.5007,42.5766,56.1303,308.195,409.073,459.133,447.545,462.58,470.751,482.544,461.616,469.399,483.94,503.636,470.975,454.491,461.806,471.772,459.368,434.609,508.111,488.893,533.96,499.059,441.605,468.633,455.528,441.518,459.681,488.81,478.516,421.996,420.657,431.332,463.394,431.074,298.945,60.6493,61.7221,41.0683,31.6668,31.1275,27.797,27.0502,21.8733,26.1123,15.7807,15.2413,13.5374,14.7386,12.8177,13.8007,12.5641,10.2449,8.88463,7.73483,7.34332,8.96589,4.45534,6.08333,4.51062,6.72529,5.4935,6.42283,5.95367,5.73089,3.02731,3.44498,4.08279,2.64046
2.74064,2.59197,3.58314,2.66761,4.545,6.24596,3.24613,5.46778,5.70226,5.88069,3.70957,7.36182,7.63347,7.20604,6.35557,8.38174,11.0608,11.9871,11.1284,11.1435,14.2128,16.5688,14.1844,19.2923,21.0721,20.2446,23.3332,23.1895,31.176,36.9682,45.3122,41.4736,58.3635,254.926,417.966,429.929,437.849,443.63,438.732,461.212,459.972,462.198,886.561,858.658,905.725,945.38,881.298,907.347,942.555,941.631,1011.64,905.145,960.096,923.072,901.72,915.633,913.568,945.707,540.105,461.255,525.29,417.114,435.375,451.995,430.096,392.064,333.202,54.3577,46.0567,36.1027,37.5956,28.3778,26.3032,22.9432,22.8614,23.7778,18.076,17.7748,16.0472,13.7412,17.5863,12.6245,9.94856,12.31,11.7188,12.0916,7.69586,7.26605,8.82976,5.11691,6.25362,6.96283,5.59512,5.72772,6.57821,6.4112,4.2463,3.97299,3.30272,4.16302
3.48627,4.91039,3.01176,3.78083,6.1733,5.41034,5.38949,5.08751,3.49421,5.7436,10.0095,8.28969,9.34232,8.97211,9.66922,6.36167,12.2681,14.9755,12.955,15.7571,16.1757,17.542,18.0545,18.9311,27.909,24.7883,33.0453,33.5736,31.2465,40.0054,41.542,39.7209,55.2749,264.418,436.207,376.738,431.032,418.325,400.092,434.611,435.928,411.179,863.993,866.802,892.637,807.335,948.622,907.372,876.666,883.976,892.129,874.146,876.482,876.097,896.325,886.921,939.577,876.068,396.494,454.54,475.428,446.382,429.596,415.328,473.464,422.075,270.914,51.9431,51.6657,41.6025,30.6604,36.4146,23.1572,22.9512,29.5837,22.1198,20.4249,18.5545,13.3813,13.6433,14.269,14.2619,14.0954,12.6365,9.40421,8.29084,10.2673,7.13088,8.4874,7.03635,4.35385,4.52749,5.77979,5.94833,4.14271,3.04786,5.47454,3.29034,4.35104,3.10234
3.24194,3.44709,3.41163,4.03355,6.70701,4.88667,5.99595,6.32602,5.3873,5.53217,7.793,4.92604,12.7079,7.26599,9.23661,6.4763,10.5493,11.2759,15.7123,11.5656,16.672,17.4866,13.5547,23.7505,26.8283,32.4794,19.6945,24.0327,37.3574,30.2032,40.4032,44.8832,47.2161,260.442,397.511,403.711,494.964,443.302,443.77,411.509,422.004,429.932,822.734,890.654,954.438,920.092,877.254,895.009,878.82,906.133,892.994,871.727,933.829,915.874,935.763,833.194,802.18,900.835,492.875,489.061,415.43,441.3,423.342,431.702,394.604,386.863,278.122,48.5688,38.0515,45.4285,38.4048,35.0948,26.8545,28.4192,17.9751,21.7022,23.0556,25.603,15.8768,14.8337,14.3141,12.5904,11.8276,11.2641,12.5059,9.60616,8.52191,8.36604,8.91176,7.14776,4.8888,7.32459,7.08427,6.00359,6.23125,4.0361,5.05173,4.81078,2.21703,3.78973
4.74644,4.78721,4.53115,4.48741,4.63892,4.20128,3.49312,5.78298,6.43379,4.87449,6.52445,7.64424,11.0345,6.22273,7.05022,9.0547,9.12738,16.3892,10.271,9.13928,15.7363,13.6582,21.482,22.0805,23.2685,18.8979,26.3839,30.8088,36.294,32.6283,42.8239,45.4007,50.7716,282.389,440.019,418.458,420.736,400.536,435.09,447.743,414.586,398.617,871.115,846.24,840.671,869.378,905.389,885.6,827.063,884.593,915.57,847.114,900.616,887.703,934.457,857.076,852.33,817.387,439.649,383.854,459.762,434.403,419.891,430.655,405.041,356.487,286.605,56.6619,50.6527,45.7668,37.2378,23.0088,29.8157,19.4822,26.0567,21.4746,22.5937,16.9053,19.8483,17.8977,11.5159,11.9647,14.826,9.6067,8.92183,12.0567,6.32527,6.6995,8.85639,8.55374,6.58553,6.80852,4.00975,7.17758,4.9156,4.48968,4.87182,4.70186,4.29394,2.43614
4.82503,5.54677,2.26926,3.15642,3.90704,4.85923,4.926,3.64878,7.05503,5.00992,5.37127,11.2779,7.2658,13.3321,6.43123,12.0761,11.9112,11.9353,11.5974,14.7494,13.6799,17.6314,14.5793,25.1521,26.3137,29.0598,24.3897,25.3631,31.0389,31.8351,45.4095,47.8093,44.8704,271.381,443.615,395.851,398.196,425.567,408.801,432.352,414.986,411.762,841.741,835.649,824.956,870.621,917.529,855.484,904.02,911.092,905.757,877.312,895.608,822.62,848.661,846.377,841.672,865.588,439.13,402.823,429.406,412.499,435.541,407.588,419.521,376.544,316.894,44.1193,49.8414,37.3866,31.7587,36.6601,25.5371,21.0374,31.8492,24.629,17.5928,19.8427,21.1885,10.1914,14.1498,12.4283,11.1638,12.5302,13.4577,8.17978,5.93666,10.1632,6.14461,6.4177,6.13044,5.88345,5.61619,7.69624,3.57964,5.00128,5.38224,3.43137,4.082,3.84278
5.36592,3.54659,2.441,5.96914,3.6819,3.65821,5.37869,5.7829,8.41178,6.44939,6.78154,7.70659,7.14466,9.06203,9.30704,9.32328,9.02105,12.2592,12.3289,17.7726,12.1072,25.5392,18.1849,18.6905,20.5983,29.1331,29.8838,27.4271,41.6548,31.9812,31.8519,47.4187,61.0519,322.427,416.586,427.383,434.111,406.88,416.248,434.662,432.849,429.012,842.887,794.726,847.128,748.969,825.899,836.587,857.97,868.825,810.95,810.264,868.381,881.835,811.508,808.605,811.663,747.287,340.224,380.418,430.422,415.4,415.549,409.899,411.491,436.239,265.131,52.1609,35.9496,37.6165,36.6013,33.7763,27.9871,26.7231,25.1816,23.5517,19.7587,20.7081,11.657,13.0367,16.2394,10.95,11.3017,14.949,11.2256,8.6226,7.95523,11.2091,6.47937,8.03442,4.92629,8.65647,6.60461,4.74856,6.77332,4.08852,5.55158,2.48297,4.71315,5.35948
3.08075,2.21649,5.36826,4.59747,6.41289,7.13482,5.75669,6.63329,4.59492,6.53358,7.76253,7.99645,7.38185,9.5582,6.57948,10.7717,8.92258,9.22757,10.4377,16.7783,16.5335,18.8024,21.2992,18.6609,20.7104,31.7779,22.1706,29.6224,27.46,36.2699,35.9535,47.8051,71.728,254.811,388.542,409.626,394.708,427.337,441.872,461.531,471.415,388.05,829.239,774.017,848.573,804.896,888.849,812.682,795.06,768.291,825.782,777.198,855.934,721.354,791.13,821.977,795.373,851.65,419.521,417.884,425.53,414.207,434.506,408.711,417.986,361.29,290.922,49.9285,38.0031,42.6364,28.5015,31.5449,23.8044,26.3939,17.8747,20.2033,25.101,17.607,18.8165,17.936,16.6318,14.7856,14.4264,18.5689,7.04683,10.1336,8.10392,8.43605,5.47393,7.16305,7.56218,6.58873,5.17689,5.99271,5.25974,3.9649,2.55351,4.2736,2.24859,3.80054
2.55778,3.10981,5.3458,2.99144,6.01187,5.57611,3.63092,7.52849,6.84848,9.95022,6.65065,9.8396,7.94159,8.39003,7.82891,10.4267,14.4093,14.7317,12.6286,14.7317,13.4409,20.3824,22.8754,23.7105,19.6773,27.6604,28.4638,36.2142,32.2604,38.0232,39.0685,45.1519,64.3216,253.6,382.512,419.848,375.736,431.347,428.069,431.007,428.751,440.026,786.12,790.462,844.923,816.339,779.97,862.151,853.33,848.553,789.085,775.003,736.561,790.287,858.83,821.364,838.28,807.611,401.656,402.439,412.542,374.851,437.697,405.255,413.215,409.925,238.823,50.6819,40.8996,51.3914,31.6681,30.007,29.0513,21.5191,20.9596,26.5177,27.004,17.2991,19.2239,20.1653,16.9391,17.261,10.1834,9.08861,9.87329,10.4791,11.3338,7.12254,10.6397,4.55771,6.50766,6.10668,5.2116,8.3234,5.02394,3.2241,4.99648,3.3341,4.58881,2.45433
3.05437,3.00233,3.54456,4.8637,6.64924,3.60844,6.55705,5.74168,7.3141,6.58421,7.49886,10.1804,11.4327,7.93117,9.76682,6.60413,10.4226,9.75889,8.81869,13.4443,15.5475,17.9978,21.0635,18.791,22.5278,26.9282,26.5365,29.2119,31.9112,46.6773,37.0066,45.1234,47.4811,285.08,321.148,413.661,387.901,410.177,390.147,389.94,430.163,401.103,823.34,750.217,812.036,817.528,772.183,773.391,768.796,745.427,794.132,767.037,832.503,812.257,733.28,775.852,707.706,796.096,378.783,417.016,391.462,372.61,433.571,403.947,393.819,350.437,268.703,54.1921,42.0483,46.1814,46.6486,34.3407,24.1156,33.7448,25.3097,23.9327,17.4389,16.8692,19.6427,16.4931,17.216,11.8369,11.891,13.2078,8.02989,9.16161,10.5701,7.3146,5.60966,7.70025,7.03639,8.3793,4.39543,5.04648,4.41852,6.58031,5.35586,3.32364,3.28717,3.19972
4.50085,2.63146,4.70758,3.6415,4.94091,6.93136,6.15813,5.80497,7.15529,7.76784,6.49933,8.10366,6.34706,10.0301,8.79209,8.28715,10.1141,13.1589,11.5851,16.8473,16.2056,19.3527,19.4678,21.2764,23.7612,17.2977,24.1501,29.4497,24.9035,35.45,46.4064,30.0838,51.3351,296.996,415.71,383.561,390.024,427.417,427.74,394.916,411.527,450.522,743.209,700.56,714.575,792.203,795.274,771.168,737.267,765.919,778.058,758.008,772.599,740.933,748.224,710.793,752.485,741.534,403.751,453.862,423.553,392.815,405.345,371.813,389.177,400.069,266.548,58.7026,46.9323,44.4776,30.459,29.4266,30.6814,28.0748,21.3643,28.2112,18.1171,19.4576,18.4261,13.9323,12.8642,15.8225,11.1782,13.9044,12.9515,14.9393,10.6888,7.47798,7.30938,6.34673,7.29644,7.90214,5.94447,4.15943,5.14697,6.38019,4.77378,5.11147,5.35396,5.62363
4.30265,4.51177,3.90607,4.89052,4.87097,4.01504,6.99375,5.7194,5.25261,6.82719,5.78747,9.38869,9.24808,9.74615,7.17661,13.0135,12.106,12.3097,13.1917,18.3415,12.107,15.4193,17.9186,17.0617,24.8056,27.6375,26.686,32.8976,37.809,43.4762,39.9501,47.283,57.832,282.246,359.589,372.919,398.243,381.467,409.802,369.886,388.005,370.699,754.729,723.533,773.419,709.968,749.596,762.253,757.973,778.669,745.53,742.996,765.19,692.032,756.554,635.025,744.743,695.051,399.53,414.036,399.934,407.906,348.95,370.302,370.655,375.848,271.043,61.6389,45.7952,42.0577,35.6437,30.6472,23.2313,30.4105,28.7632,23.0328,25.0589,17.1426,16.3023,16.6817,15.0986,14.2967,14.5359,12.0649,10.5689,9.08365,10.4775,11.8888,7.16874,10.4372,9.68435,6.79404,9.53478,4.93023,3.23295,2.93774,4.50712,4.58634,3.73163,3.83025
2.72057,4.16079,3.80459,5.54353,5.13207,6.71555,5.90074,7.69797,6.74123,6.5884,6.45667,6.72366,9.561,10.0042,9.15413,10.1397,8.49495,16.668,14.3658,19.5003,14.5709,19.3529,17.2413,21.4967,25.4832,23.473,27.9298,27.9426,34.551,34.5033,29.2727,49.3949,54.8915,257.369,381.916,361.483,385.503,381.803,416.411,424.483,394.919,396.692,695.135,763.017,699.758,710.02,703.368,684.742,702.47,704.966,700.49,751.67,777.518,697.139,719.808,695.979,790.045,672.999,401.006,383.723,402.262,371.111,413.25,413.264,386.419,342.153,235.804,50.3169,46.1094,39.2303,43.757,29.6675,27.8153,26.216,20.6723,23.1112,24.0179,16.9169,17.6736,13.5437,13.5016,17.6531,10.2412,10.3134,10.5688,9.54148,12.1853,8.4552,10.2216,9.92474,6.94215,6.17614,4.46163,9.10557,5.67433,3.4904,4.97227,5.00534,4.19757,4.5704
2.5489,3.44919,3.67618,4.48268,5.89382,4.87042,5.31398,6.26604,5.87496,6.5302,6.65288,5.80515,8.64545,10.4212,8.36864,9.10874,11.9773,14.7735,10.7699,17.1555,15.1993,12.851,13.7352,22.8952,24.6684,19.9457,25.56,28.1899,38.9386,39.1076,39.1108,43.4889,49.7387,277.972,374.078,414.446,332.971,336.553,398.353,337.448,352.595,389.71,693.416,654.132,697.899,697.647,699.839,763.244,711.985,769.124,733.741,752.08,680.521,719.034,693.07,729.458,712.534,712.317,406.13,388.836,352.703,375.18,424.368,427.111,327.063,346.474,231.362,44.7502,44.346,37.835,45.1452,34.0265,27.225,27.9091,25.6645,25.0487,19.3318,19.6378,19.0932,12.9912,15.6916,15.2001,15.1931,12.2925,10.7117,9.64782,10.0763,9.07161,8.69288,8.76496,6.28892,4.65275,4.32723,8.39565,5.27596,4.56581,3.74318,4.67005,4.16658,4.82132
2.63303,3.61206,3.05504,4.81575,5.59443,6.26276,5.22812,7.20369,5.87831,7.29268,5.0843,10.0426,8.91747,14.5354,12.1223,13.2406,12.1919,13.3281,16.0316,14.1678,11.2478,18.4247,16.3467,22.6671,24.4211,23.4052,23.8553,32.5502,53.2164,37.5633,31.0534,46.3767,54.7482,223.557,351.847,361.374,394.735,331.399,336.529,336.911,372.56,417.345,704.096,679.299,649.989,704.908,710.505,707.038,699.225,669.569,740.998,727.531,690.607,799.961,685.302,717.144,715.199,658.862,395.545,364.475,375.197,379.76,363.44,372.632,378.353,347.179,238.904,45.1881,50.1699,40.7101,34.8389,26.8631,40.098,23.3697,26.9679,18.7575,20.3931,22.1743,17.5621,16.1195,14.9054,8.87769,11.7103,11.3955,16.3228,10.4665,8.11135,12.4618,7.81691,6.55029,5.68891,6.45595,6.22772,7.03384,6.42994,8.58367,8.56861,5.04177,4.14979,4.503
4.61475,5.25939,3.13971,5.93133,4.73401,4.60355,2.98622,3.60907,5.3982,8.70812,8.88788,11.0627,6.93077,9.44093,8.63809,12.6022,9.81395,13.421,14.5737,12.6023,16.25,23.8454,19.489,19.9261,25.2415,26.2534,29.3928,22.6042,33.377,31.6487,36.9786,37.6394,63.7415,234.95,347.212,365.324,320.66,338.653,388.396,394.061,385.96,356.138,697.902,634.176,744.121,672.645,675.834,658.536,674.429,724.971,733.321,659.824,707.912,639.96,666.04,706.645,680.665,614.243,377.724,408.931,323.139,399.185,363.008,368.589,331.56,334.81,224.565,52.1912,54.5144,38.6199,33.146,32.3743,29.5835,29.8514,27.854,23.4289,19.4527,22.9244,20.2807,13.6981,11.1529,12.4723,13.3142,12.5008,9.24172,13.8397,9.86184,9.63082,11.7363,9.26464,6.92564,5.14697,6.91378,6.0917,6.45062,7.04519,4.83746,4.93346,3.5865,6.4988
5.43453,5.53377,3.96387,6.08613,6.64519,4.4201,3.64825,6.144,6.77228,6.41164,7.85261,8.39809,7.14573,8.4097,5.82401,12.9679,12.4399,12.3196,13.7019,16.894,18.2802,19.1764,13.0245,27.2247,16.7743,24.0466,30.488,36.1779,24.1471,32.2668,36.5264,52.115,40.9335,262.689,384.075,318.695,334.11,365.753,373.714,390.33,366.347,364.816,644.322,656.677,644.298,665.803,722.574,627.708,703.359,669.761,683.405,672.976,688.442,602.908,664.247,709.077,689.884,588.079,381.807,402.482,365.952,396.001,353.178,409.661,394.714,357.131,202.591,51.2518,41.3955,43.1838,35.7919,24.9746,27.8492,23.7291,20.8822,20.6465,24.1238,15.5674,21.3358,18.4686,12.0754,14.5418,10.525,14.751,9.80363,13.3845,10.794,7.71741,6.8662,9.07105,7.34594,5.67691,4.84342,5.47054,4.03387,4.35689,4.64894,5.25143,4.7195,4.26256
1.90576,3.09453,3.95817,3.232,4.87261,8.27892,7.01813,4.74391,8.68588,8.18335,5.69878,11.647,11.6226,11.3486,13.853,12.5478,12.1165,13.7704,17.0909,16.4631,18.9441,17.1225,18.3992,21.3031,24.3141,17.7275,23.5976,25.1674,34.6713,27.3277,40.9285,34.6974,42.8495,248.738,338.052,340.053,343.95,435.934,371.238,345.284,372.373,319.229,324.771,357.522,323.423,323.98,304.492,329.121,419.796,322.854,332.488,362.96,320.69,305.505,338.129,340.722,343.728,339.249,395.224,346.079,358.785,331.465,343.475,307.159,375.342,354.507,226.732,48.6984,50.658,40.1889,44.1984,28.0218,33.9238,29.3641,25.5848,23.5254,18.1506,19.1795,15.7651,14.7878,12.5292,17.7043,13.8613,15.1787,9.35289,7.86149,9.44381,13.6797,6.99023,7.92227,5.23414,5.3356,5.4148,6.36382,8.29066,6.09341,4.37317,3.73833,3.91516,4.19179
4.21854,4.27153,4.20544,7.65559,3.54588,4.36921,8.05169,8.89978,6.99763,9.1284,8.15542,8.06999,7.20284,7.71578,8.38598,10.7927,14.2058,16.5856,22.4822,13.0169,17.0874,16.7839,19.2142,22.533,22.5133,22.3528,24.1274,25.3778,26.8526,29.0329,39.2084,35.581,49.1976,273.276,316.811,334.811,345.326,352.862,352.252,321.493,317.52,407.69,315.434,341.052,283.556,338.837,322.237,277.539,302.127,334.144,323.691,320.248,342.653,322.471,319.9,288.843,339.442,308.95,360.399,365.509,395.959,357.965,364.736,372.499,352.775,330.022,224.207,54.5282,34.3098,43.2058,38.2966,38.5053,32.816,28.4514,25.8181,27.071,18,18.2461,12.5066,19.3125,13.556,15.218,8.95972,10.5762,9.48289,10.0326,8.32774,8.15081,10.3716,8.10694,6.35913,6.23568,5.4782,6.18828,3.88153,4.22974,5.41217,5.16502,6.68657,3.01897
4.61393,3.23022,4.65793,5.67512,4.35299,4.81992,6.32955,8.85692,4.38357,9.04058,9.55733,6.96437,8.23708,8.11047,11.4939,11.7794,9.47964,10.1322,12.7087,12.4358,13.8743,16.0598,22.6427,16.5638,21.3245,38.6172,27.5935,28.623,32.4113,36.399,44.6728,42.4566,54.5159,231.445,321.608,385.18,348.079,354.54,341.237,346.187,330.533,340.232,314.807,340.656,300.489,312.667,331.354,320.253,323.132,327.365,309.33,298.019,301.815,302.882,275.745,321.976,318.476,306.745,383.7,320.431,342.497,345.216,339.365,351.721,356.456,322.128,259.805,51.3929,47.2824,35.7167,33.5694,37.3012,25.6701,20.6966,21.0644,19.8275,19.2667,25.3696,16.4207,14.5744,18.4001,18.8467,9.06801,9.90077,11.2543,13.2667,12.2254,9.25003,5.31529,6.49256,8.3977,6.53128,5.55903,6.44444,4.18655,5.4655,3.95473,4.0939,2.85277,2.85023
4.23813,3.94623,4.51353,4.58098,2.99673,6.36851,5.98158,4.29681,5.30082,6.02482,8.24972,4.79631,9.2934,12.6954,9.07959,12.4827,14.6339,14.8129,13.0888,14.4932,20.5914,20.5899,15.104,17.3892,28.0105,24.781,29.5103,31.7053,27.5533,35.2321,40.4522,46.8668,49.626,247.506,340.204,303.488,320.836,325.016,333.674,334.502,372.236,405.977,291.162,309.04,289.693,312.209,319.603,307.95,287.795,323.151,342.514,321.995,333.066,304.42,289.155,267.556,299.048,308.476,364.363,347.956,350.563,384.457,312.499,341.626,332.809,305.653,234.86,39.4916,45.0702,36.326,30.5888,27.9757,31.321,23.4599,21.2406,17.0004,25.1984,19.384,20.0453,17.1703,11.9817,11.2873,8.54852,11.1029,10.8648,12.4699,9.40262,9.44696,6.91098,9.03879,5.40415,5.67245,3.9107,7.18651,6.17435,5.93511,5.34055,4.07206,3.49894,2.65133
5.05038,2.0743,3.15454,5.88984,5.03251,6.84117,5.25239,8.89815,5.64902,6.31657,7.45294,9.16499,12.3016,8.68001,10.5705,13.0334,11.5382,11.9848,10.6809,17.2973,15.1265,17.4332,12.6444,19.0676,21.9699,20.8526,30.0058,31.2044,26.306,29.7463,37.3514,44.1264,55.7466,214.893,329.726,333.393,299.337,339.794,334.724,330.769,380.19,349.684,331.415,322.744,292.876,273.438,316.694,297.756,317.636,287.623,317.466,268.775,322.446,309.538,301.316,289.373,286.978,249.985,333.43,319.337,345.247,354.837,343.079,344.064,344.602,320.665,236.137,39.6652,53.7332,38.0263,35.2291,24.5064,27.6898,29.5594,18.6519,26.6368,16.0136,18.2687,21.341,15.4624,13.6137,12.0332,13.4192,8.37047,10.1915,8.43991,6.36565,7.065,5.93738,6.84696,12.5734,4.0527,6.30532,5.83984,8.11678,3.05066,3.56866,6.01915,6.64511,2.91174
4.35455,2.36322,2.5591,4.6291,6.11536,6.0144,5.65942,9.16035,6.85306,5.69712,6.72368,9.23497,12.5207,7.89401,11.0464,13.0392,13.4869,17.7828,8.98043,14.0592,17.8733,14.7503,18.8887,19.225,14.5954,23.7798,21.751,42.3439,26.6118,44.4871,40.7399,40.2774,45.636,213.142,309.011,372.593,290.586,353.199,299.838,324.984,326.63,324.779,323.249,276.548,275.364,284.352,369.993,349.276,314.978,303.916,250.904,276.138,310.509,309.204,270.032,283.061,305.844,272.917,375.395,329.611,313.609,329.571,392.31,335.929,305.234,304.021,197.578,62.2632,42.5034,36.9991,29.6189,28.8225,27.9079,27.4615,23.8331,20.4129,20.2028,15.3835,22.312,17.4674,20.1781,17.4512,15.197,9.61198,9.11314,9.26849,7.86469,9.4931,11.5745,7.57904,6.8679,7.42643,8.47644,5.31131,4.8156,5.51503,4.4876,5.63507,2.65873,5.13856
3.52743,3.57874,8.36993,4.96539,5.64105,6.24023,5.37453,7.83359,8.88175,6.59351,7.53098,11.5003,6.96411,11.5915,9.00409,11.689,15.0084,11.216,10.7767,18.1557,12.0324,16.8555,25.6434,16.3556,22.8766,18.9305,21.8005,21.8023,26.8127,30.2962,33.3947,42.0409,46.4308,233.428,289.555,356.549,331.954,317.391,323.364,333.166,381.013,314.706,308.913,275.352,293.522,272.128,279.737,326.162,329.153,291.72,318.263,318.978,301.638,274.002,292.452,308.271,249.573,284.18,294.977,310.157,343.895,358.749,377.33,316.852,301.586,310.947,254.653,38.5222,45.2454,42.2583,34.2192,22.5424,23.3286,29.6378,22.7114,23.1575,22.5296,15.0433,15.5574,15.8608,14.1843,16.4202,15.9414,15.9957,11.2096,10.1964,8.95364,6.14969,9.94363,9.98416,7.57177,6.50329,5.78017,5.24237,6.0418,4.57296,6.43444,3.12421,4.42283,3.98041
3.01965,4.75742,3.95626,4.34356,5.16475,3.20642,4.13444,5.95941,6.6702,8.56568,7.29127,11.8956,11.0533,6.88472,13.3368,10.7029,7.41484,7.80181,13.7833,13.5812,12.7189,12.985,16.5343,19.8309,25.0941,23.5108,22.6331,28.064,31.8784,28.6014,31.1964,37.9455,55.2708,194.398,319.956,316.009,348.021,340.308,336.777,314.563,335.387,309.259,265.212,298.308,296.195,306.598,293.02,270.287,330.528,325.901,281.869,285.153,321.263,299.23,298.083,281.18,236.433,272.822,369.542,297.203,374.265,325.66,348.193,306.644,314.915,316.008,248.41,66.1847,50.8689,29.5772,36.5065,41.7024,28.807,33.2324,31.0115,26.4343,16.9897,17.9544,16.5362,16.0691,12.9694,14.2102,10.1254,12.535,13.6519,11.3451,13.6523,7.83436,9.35229,9.83136,9.32735,9.07134,7.38297,6.27804,7.0039,6.26165,3.16603,3.41634,5.45595,4.64387
3.93542,5.00865,3.94486,3.51549,5.5905,6.86489,10.4906,5.09757,5.36486,7.18072,8.48726,10.7211,9.77177,11.4286,9.87805,14.3026,10.7135,13.6409,14.851,17.7322,11.7466,19.6309,23.2818,20.9093,24.7504,28.1492,28.0277,27.2175,24.0205,42.3817,37.3176,44.5848,55.6266,243.212,317.431,328.603,339.68,323.502,338.703,321.902,299.929,353.507,298.753,276.506,288.677,285.09,275.279,290.948,282.558,274.591,302.19,287.7,273.93,301.674,268.67,280.641,282.003,308.047,311.792,323.651,316.955,302.774,339.379,292.316,290.113,353.393,228.623,38.3121,44.3725,43.4537,26.6712,34.7787,27.6363,20.7668,21.5717,22.1273,16.6129,17.1483,13.9039,17.7853,16.2276,16.4861,9.91131,11.9595,8.18318,9.92587,11.2206,6.62899,6.93052,7.61182,7.77773,7.79081,7.23292,5.05129,4.2223,7.34883,5.09788,3.66591,4.59868,5.45023
4.52413,5.50302,6.23771,5.57658,7.97324,6.01997,6.78614,6.51733,9.57688,6.06109,6.99561,9.07847,9.70757,11.2127,13.0207,12.2216,12.8926,9.91083,13.1142,13.6865,25.3522,17.0187,16.0913,19.472,23.4463,23.9972,34.2327,24.5195,33.8348,28.368,32.735,37.0035,40.6862,191.601,321.882,331.239,326.038,316.071,344.261,323.936,329.643,335.706,292.691,278.895,253.925,256.194,302.959,312.136,301.74,279.454,279.866,317.933,290.183,265.842,248.051,277.051,265.531,274.715,340.334,296.686,322.687,299.347,269.975,311.278,308.995,322.54,206.408,30.3982,41.9017,36.3402,32.5734,33.4702,26.4357,27.2019,23.7843,21.264,26.1848,23.4504,18.1399,15.4112,14.3964,12.8163,12.3986,11.2337,11.1789,6.9236,9.07832,5.55059,6.67433,5.7917,8.96815,6.6182,5.73601,6.07854,5.3982,4.97573,4.34043,5.12597,6.10378,3.84437
3.90734,2.95305,5.64302,5.18701,6.06169,3.4631,6.90956,6.26212,9.12057,7.79058,6.75155,7.40667,10.4624,12.5584,9.70001,14.3398,14.083,12.1761,13.7406,11.5065,13.6783,15.9214,14.6468,21.8266,23.9366,22.1928,30.4522,32.7486,34.9415,31.4897,35.2639,33.8521,45.3139,182.554,313.103,317.214,312.149,285.129,286.329,324.842,303.391,302.636,241.624,241.458,295.752,278.313,282.968,311.929,258.243,248.459,252.763,260.098,281.98,281.124,246.227,273.961,289.492,250.417,316.331,296.076,340.025,286.722,367.787,312.998,324.414,298.724,215.793,45.2233,39.7739,36.1116,33.9591,24.6701,32.76,18.4834,23.2028,27.6007,24.9481,17.9689,10.9405,17.2762,17.8412,15.4947,10.712,13.1755,11.1612,9.37834,7.08878,7.80672,8.29876,7.71368,9.5831,6.45439,5.90526,5.9347,8.1503,6.92223,3.66066,3.79787,5.02797,3.32995
5.64402,4.19003,3.61456,4.67967,6.03622,5.90276,6.40638,6.37525,9.30497,7.67777,8.80723,9.82278,8.66603,7.68129,9.34682,9.99943,9.14184,15.5849,15.6732,10.8517,18.5381,20.3616,19.7566,19.4536,13.9591,22.4799,27.8231,26.4034,31.4126,38.5009,32.9553,40.3204,45.3431,243.369,281.503,330.515,348.28,331.74,330.859,334.404,322.177,302.509,283.838,270.84,277.408,233.357,281.464,273.971,278.663,270.343,275.124,271.763,307.913,253.611,328.12,288.153,298.727,269.096,293.459,297.295,296.674,289.008,314.783,331.426,284.512,302.09,200.444,35.0899,52.7189,32.2976,37.9764,30.8477,28.9202,24.299,22.293,19.5351,23.5724,16.1698,10.7611,10.7775,12.9573,14.5275,10.3969,18.4076,12.9876,5.53862,11.6825,10.837,7.25958,7.57132,7.84168,6.13522,5.15627,8.45651,6.22697,5.44355,3.17742,6.31125,4.26255,4.08362
2.41845,5.19036,4.92463,6.40577,5.43451,5.39029,5.72856,7.20609,8.90136,8.17556,9.4675,13.5348,7.28628,10.5099,9.06658,9.18371,10.4248,12.9319,12.0854,16.0797,13.1302,15.0127,15.8277,23.0473,17.048,15.5073,23.4389,27.8905,27.2749,32.5724,40.5795,45.2895,39.7147,204.185,269.586,316.632,325.247,289.469,293.719,323.246,282.859,308.81,261.021,294.417,309.314,261.058,302.954,293.098,272.723,299.339,259.988,243.557,265.513,218.424,268.12,276.794,233.931,273.778,340.752,303.619,337.825,297.375,303.348,245.972,323.198,286.421,189.282,48.1593,37.1826,32.2172,32.314,39.0453,39.43,21.9223,27.0561,20.8827,22.4158,15.1107,20.5933,13.1903,12.3506,14.3288,11.405,15.4852,9.91593,6.3664,9.33764,11.2807,9.04068,7.4436,10.9492,6.21887,7.28377,4.97229,4.45072,4.40901,4.77987,3.16179,4.97526,4.61303
2.1983,3.58995,4.36853,4.88262,3.96769,7.38351,4.38204,4.01093,7.45869,8.69461,6.71817,8.25078,9.67507,11.2305,8.18536,13.8425,12.6604,9.78094,12.1789,16.1927,17.4621,13.2547,16.1841,15.2774,18.059,31.3365,24.9631,22.1583,28.2932,32.0339,49.2826,32.8842,58.7099,205.298,265.127,272.294,310.877,270.834,275.323,269.681,334.892,291.569,254.161,258.044,274.39,251.242,266.701,259.593,242.515,254.76,261.132,298.73,283.701,255.433,227.481,240.697,280.428,255.687,304.726,289.831,304.799,329.264,291.881,294.773,312.645,286.947,183.816,40.7631,40.3134,28.1272,33.9052,26.1964,26.0832,28.5941,17.7405,25.0708,15.3503,16.3576,16.0323,15.1145,12.9541,16.0538,9.17536,11.4416,11.1046,9.91367,11.3287,5.2708,7.06325,7.65085,6.19975,7.84408,4.66633,6.1198,4.97924,4.98044,3.75365,3.60401,5.35189,4.07324
3.1643,4.63687,3.84809,4.45475,5.29743,7.61942,7.46558,6.61002,5.74106,8.10078,7.62035,4.39304,8.09013,10.256,13.3777,7.43588,9.23543,10.7143,12.4656,11.6547,14.751,22.1577,14.0259,18.0941,16.4136,22.0153,28.1384,18.8112,28.9848,44.5529,39.0447,40.239,59.6407,180.524,270.597,308.059,289.531,323.575,327.318,306.774,312.483,327.896,235.661,216.15,241.305,280.685,255.809,240.521,282.774,264.779,269.214,278.447,278.56,254.097,226.364,257.007,264.617,232.833,312.209,280.82,309.558,291.717,302.53,265.611,312.754,346.976,195.306,41.2456,36.9124,41.2002,34.4575,32.7542,34.3145,22.1651,21.1187,27.214,19.7532,17.7723,21.1812,14.1426,15.785,16.4186,12.9439,8.22748,14.8662,14.9873,9.43292,6.56734,6.01372,8.03482,9.2685,5.28068,4.79251,5.11428,5.55828,7.48524,4.65283,4.59632,4.10305,3.1403
4.37622,6.15458,4.0609,4.34817,6.18485,6.4874,5.96307,8.47568,10.9901,9.16621,7.60872,8.95292,6.31654,12.9993,11.0955,9.61578,8.85743,13.3301,13.5601,13.7159,21.0984,16.2417,11.9477,26.6358,21.9668,26.3906,19.7034,27.9361,31.2351,37.6541,35.8872,39.0939,41.1889,201.788,255.704,310.076,299.252,282.599,292.685,269.664,281.665,334.868,253.983,255.55,243.401,253.854,260.507,266.496,252.096,235.736,242.917,243.394,248.324,205.606,261.619,271.504,283.462,254,261.507,316.831,289.778,305.428,295.639,285.554,301.269,290.898,250.629,45.9592,46.303,38.0338,37.4453,28.072,31.6468,29.3969,16.6245,25.0203,19.5958,16.5742,12.4179,13.3447,13.2658,15.7217,18.0024,15.5442,9.92496,13.4732,10.5943,7.59146,9.18721,7.80662,4.5514,5.4123,6.01998,7.30184,7.45732,7.15289,5.50714,6.15301,3.17825,7.34007
6.07883,3.14309,4.13295,1.99736,7.70303,8.74802,4.79128,10.4432,4.56365,7.21235,5.44715,6.80437,13.7947,5.86342,16.6008,8.11019,14.1187,11.8262,21.7099,21.7584,14.3986,14.8112,16.5211,15.8123,18.6548,24.5376,22.7827,22.0204,32.7548,26.6408,29.9264,27.3796,43.2823,186.673,241.773,313.11,272.51,249.523,250.877,306.163,286.018,322.883,245.727,251.115,273.029,296.981,286.29,231.26,225.339,237.174,245.435,253.755,255.818,262.403,266.087,248.156,266.422,249.326,313.758,332.516,243.123,257.819,290.953,299.409,302.989,282.254,199.982,42.5197,49.9016,34.6497,33.0038,35.9251,29.069,27.5383,21.4664,24.1878,16.8521,21.6854,28.3827,11.266,18.6324,18.163,9.08826,14.1444,13.1143,9.83859,8.94377,9.32802,8.13368,6.13891,7.10555,6.7601,5.68536,4.80527,4.91967,3.48828,3.96724,6.0941,3.93213,3.20493
4.3048,4.81844,6.5553,8.74939,5.30884,5.12786,6.42376,6.48262,5.4379,8.5516,5.30651,7.5557,11.3588,10.0906,12.8737,9.33139,12.0577,12.9094,15.4337,17.9525,14.6882,13.4863,20.0623,16.6502,18.675,21.0481,25.0776,26.2761,21.6882,31.9647,38.4289,33.1665,55.1318,213.19,331.195,307.085,289.509,253.848,299.436,290.947,312.871,288.599,217.319,241.912,226.768,250.953,268.091,249.911,213.043,230.319,266.433,255.59,259.425,255.244,257.485,236.524,246.99,277.978,257.743,279.044,264.61,289.849,302.581,303.079,269.234,318.201,184.68,47.609,31.3258,37.528,33.8506,20.9572,29.2955,19.3586,19.8044,18.2789,22.0438,17.7743,15.2623,12.6825,11.6464,16.193,9.71519,14.5827,12.9963,20.7086,8.21253,8.50858,13.39,7.1594,5.50893,4.42302,3.84274,6.05282,4.10604,6.30299,7.48606,3.80415,5.07938,4.51056
2.07391,6.28165,6.20922,5.38222,3.87176,5.66977,7.36048,5.48691,3.40706,8.54745,5.46386,6.67307,9.40835,13.7593,8.56913,8.85536,10.8033,10.6568,20.9226,20.6207,17.2523,18.1749,21.2589,21.7968,26.487,17.0867,17.1489,36.5483,24.8244,41.9038,35.8455,36.5964,37.8774,181.256,309.58,240.875,338.212,319.619,311.771,275.237,294.362,255.582,196.163,267.988,277.506,230.574,273.781,276.54,227.752,242.657,263.573,292.981,246.844,234.516,243.331,253.63,244.183,243.501,249.392,295.298,292.533,309.43,263.516,261.015,231.832,274.014,197.99,44.2478,29.7001,40.2145,25.7858,31.2162,23.9244,20.5494,18.2096,16.9579,18.869,16.9421,15.0201,18.7783,13.3799,15.5775,18.1676,11.0499,10.0715,6.61503,7.3751,13.4073,9.75014,6.71044,5.64375,8.53851,6.06781,6.19712,3.74434,4.85653,5.6125,3.35278,3.05262,3.50729
2.5488,5.4695,6.05523,2.89465,3.79402,6.66267,8.24087,5.01311,4.83353,7.52728,3.76677,8.69634,9.92832,8.76846,10.2692,10.9294,8.79847,10.3438,13.4529,13.2095,10.8335,19.9486,15.3615,16.7285,18.4452,19.3131,22.2749,31.7555,17.4615,28.9641,34.3446,56.9115,44.5805,210.177,266.333,269.753,333.116,258.122,313.766,247.899,276.34,306.509,224.264,256.268,281.394,250.885,262.389,245.594,204.237,252.495,257.745,291.195,269.75,212.936,219.486,239.46,232.27,286.789,270.551,302.832,267.692,265.846,303.497,277.792,303.649,264.974,177.361,31.7038,43.0825,33.7552,40.2695,42.2932,27.4119,24.7127,28.0292,18.2004,22.2748,18.0713,15.9199,16.5038,13.9567,12.184,13.4911,9.01604,7.86385,6.9954,8.01698,9.42756,8.67335,9.11947,9.51773,7.92519,6.54271,5.6921,5.86177,6.8528,5.234,4.91361,4.37397,3.84721
6.54414,5.78435,4.50552,7.99475,5.97909,5.19047,7.06679,5.91656,8.62419,5.88156,11.0486,7.90464,7.98353,8.78332,11.3976,9.54097,12.1107,11.1775,12.941,12.266,17.0078,14.7867,19.6515,17.5467,17.5788,26.733,30.6084,17.22,32.6636,31.8749,27.6947,36.936,42.9686,169.32,265.31,274.989,259.145,279.371,266.712,301.386,340.825,295.06,241.503,205.843,234.928,191.727,236.411,272.179,256.564,248.772,230.128,221.1,197.3,224.591,216.66,252.274,227.997,209.147,276.992,302.834,248.139,270.994,284.312,243.429,281.086,270,183.134,44.0623,38.3276,32.6176,26.7812,22.6521,28.5573,24.9208,21.5778,17.148,20.6721,12.0058,17.6503,8.34836,13.5007,11.13,13.1755,13.7741,6.94662,9.02548,9.84815,11.228,9.72074,8.24071,7.77764,8.44691,5.89867,7.97949,5.44169,6.36126,4.4528,4.10205,3.74512,4.4532
5.1732,5.39407,4.19066,5.14927,4.48606,4.58324,5.82157,6.56955,4.32389,6.11954,9.68112,4.74284,6.83249,13.4226,8.99808,13.2416,11.9967,11.7421,15.5145,10.3869,15.8956,17.4174,24.5792,21.1405,22.0269,23.8443,22.7151,21.959,21.9406,32.9859,30.1077,49.4667,52.0589,189.733,279.324,272.725,297.829,302.826,238.72,253.348,270.673,282.469,205.848,259.87,270.312,220.24,235.035,252.16,252.533,244.741,202.122,255.086,229.248,231.161,237.84,239.79,246.567,223.973,296.782,275.442,269.868,275.88,243.421,280.383,228.522,220.443,231.844,52.7006,34.5071,30.7506,33.7022,31.0089,22.8744,26.1249,11.1018,20.9603,15.8561,14.7736,9.37311,12.6094,13.5475,15.0077,12.3664,15.5298,10.0069,13.9518,12.5952,8.84309,9.36313,8.39779,8.98262,7.67352,9.3865,7.15876,4.95467,7.38461,4.95794,4.6674,4.11267,3.42066
4.13724,3.96257,5.43039,5.34633,6.53426,4.87356,6.77115,6.88503,6.31087,6.63484,7.35326,7.06865,11.3335,11.5089,10.3518,14.2862,8.12705,14.5518,12.4454,12.5751,13.3196,15.7585,10.7323,24.018,24.578,18.6952,21.6671,29.122,28.1828,24.4612,30.6935,51.6876,42.256,167.333,274.934,248.671,280.144,263.005,264.879,275.426,291.437,282.966,215.817,244.861,248.855,240.049,220.169,223.305,217.917,227.159,260.581,212.172,238.682,258.186,194.173,214.128,225.206,249.036,296.386,269.049,271.096,234.866,319.21,261.328,299.958,279.089,178.991,39.9525,40.9207,31.7714,35.4371,28.3011,17.9984,33.163,17.1097,16.2776,21.4419,18.3639,12.0828,16.1524,14.6872,12.6262,16.2432,8.72734,10.5128,15.8379,9.20128,6.01107,9.7993,10.7246,8.66165,9.71066,7.55153,3.50475,6.93347,6.20713,5.62026,7.09458,3.44827,7.04691
2.20635,3.94332,8.17787,4.44327,4.08539,5.61727,6.38838,6.87057,7.27409,7.78991,6.12559,7.99932,8.20148,7.44457,9.70389,12.022,11.9364,10.8788,11.1187,10.0945,12.3448,14.4392,17.0263,11.8148,27.9361,16.0951,25.2873,21.5067,22.9853,24.3195,39.5344,29.939,32.3356,222.547,226.789,257.771,265.956,258.088,241.941,264.067,269.956,266.704,199.59,229.348,206.604,205.564,216.366,251.668,234.317,202.672,253.27,278.8,245.585,234.333,199.882,277.548,232.084,257.539,266.628,250.206,251.714,267.288,267.282,265.237,273.957,229.487,201.383,40.4486,38.8434,26.6462,34.1258,16.6231,29.0381,24.3648,23.4747,20.9077,19.0824,14.1932,15.3039,17.2421,14.2032,11.5155,13.15,7.55678,7.29439,9.12028,14.2085,5.31732,8.06642,6.64431,4.28959,5.47936,5.2588,9.57382,8.45118,3.71819,4.2897,5.08999,4.60952,2.79943
4.47698,5.69422,3.04739,5.64798,4.03346,8.93964,7.75415,5.277,6.97445,4.34329,6.10169,7.94913,6.1419,8.9665,11.1378,10.8198,8.39725,11.586,10.3151,12.1072,16.6599,16.174,13.6129,23.5294,15.0409,25.792,26.0757,29.7691,25.9837,28.2918,40.7857,34.7068,38.391,180.168,275.754,265.312,269.765,264.159,263.579,233.073,266.175,270.397,220.255,186.973,227.372,222.139,219.856,241.589,241.372,249.716,215.278,242.687,210.655,207.028,231.614,233.662,227.005,236.863,276.396,231.754,274.286,253.076,292.438,253.882,261.94,256.066,167.576,29.6339,34.0347,26.9104,39.145,21.6907,24.1463,27.625,26.071,20.1844,16.4996,15.9643,14.0255,11.1289,14.7285,15.8778,14.7283,10.2251,12.7641,5.42916,13.6017,7.93402,8.13774,6.68611,6.34212,9.94882,10.0087,6.2393,6.24219,9.40572,4.9791,7.07931,3.39316,6.5068
3.86309,1.42721,5.36498,6.73514,6.90452,7.61794,3.93765,9.05539,7.53444,5.89684,7.36852,7.21528,9.78388,12.7522,9.92558,14.3103,10.4713,12.6602,15.9415,14.9863,10.8359,13.8156,19.4365,17.3586,18.5297,18.4219,22.4294,24.1841,27.5708,22.2459,31.0701,44.011,43.0793,148.462,269.07,234.089,254.349,282.124,230.576,258.907,250.088,237.958,203.447,203.572,253.335,235.669,234.522,232.789,206.54,241.984,187.34,219.863,221.899,226.813,205.617,220.175,199.186,246.184,245.293,250.641,258.756,285.546,240.852,244.801,233.518,281.24,208.048,38.238,47.2678,28.8061,36.2455,30.8995,26.0292,21.4659,23.6392,18.9592,12.4512,21.9873,14.6126,15.1509,15.1798,11.6293,13.4442,9.2192,7.88434,13.655,8.24579,10.6546,4.96215,9.04662,7.90601,8.84676,6.13104,5.14985,4.35856,5.73969,4.21526,7.4343,3.61839,4.13102
4.7861,3.85753,4.62419,4.97233,4.92794,3.85455,6.09067,9.6275,2.55116,7.93786,10.2853,5.75689,6.13563,8.30845,4.67397,9.43314,13.1789,13.5378,17.1307,11.6444,12.2669,15.2769,13.6365,16.3215,22.857,17.716,20.1445,16.4905,25.9612,32.3326,32.7363,28.3335,30.4642,149.636,271.465,261.843,253.068,238.515,271.1,299.075,299.815,246.988,224.453,203.922,220.907,256.509,219.011,249.062,224.286,232.154,251.41,200.227,220.407,200.824,218.15,222.655,217.115,222.409,257.928,265.604,230.011,248.122,271.021,252.611,274.718,280.042,181.609,29.1592,30.2068,28.8595,30.8037,28.5864,22.5129,23.9991,31.2059,24.6498,15.594,18.2662,16.0264,15.7143,13.9243,11.4898,12.7914,11.9929,9.0462,5.74836,8.89769,9.85622,14.8116,9.04945,11.6902,6.1435,6.12283,9.62694,8.33935,4.24809,3.99061,7.68837,3.2965,3.44932
3.3755,7.22071,5.2391,5.29144,3.30278,6.20995,6.22755,5.80586,6.91999,7.09872,9.47471,5.78992,15.9606,12.3639,11.9456,7.11927,11.8755,13.677,12.9517,10.9157,18.1142,16.5775,14.3453,18.1459,25.506,22.3185,21.0137,17.4835,25.531,21.3014,35.7501,31.6203,31.0375,156.982,219.247,251.508,233.143,261.969,257.204,239.546,224.673,240.492,229.111,224.687,188.185,221.939,227.615,227.896,257.25,156.429,221.873,216.438,234.847,218.746,237.798,207.692,253.827,222.986,277.357,278.489,279.637,262.576,261.574,240.729,228.936,237.343,141.395,39.9638,22.1167,24.9693,26.8174,24.8997,22.3114,22.6252,17.6057,22.7481,17.6308,14.7775,20.4133,19.6674,7.57433,11.0645,10.8481,10.7362,12.7307,8.58126,13.6445,13.4499,8.26639,9.90187,8.96881,10.6131,3.05975,4.74711,4.74291,5.24716,4.34785,4.25071,6.08524,3.86978
3.33654,2.12387,3.60138,8.08691,4.04449,3.89886,5.50132,5.79179,8.52283,4.21472,8.37885,7.56099,9.24014,9.30471,10.8719,10.4285,8.39594,8.47332,8.84155,11.9078,17.1656,18.1838,17.1356,24.3283,19.5431,19.9768,27.9714,30.0526,26.2311,33.7132,29.6479,36.6991,37.2759,172.262,260.722,233.262,249.965,280.001,259.324,256.342,247.164,287.9,223.071,224.538,213.231,224.004,214.23,208.702,233.906,200.583,177.781,231.921,243.942,218.884,225.883,211.946,213.373,216.473,294.918,233.974,250.801,231.656,265.003,233.512,248.865,237.87,170.064,37.4377,29.1768,28.3825,21.1724,25.2505,24.8417,19.9748,15.0844,21.3752,14.8026,17.4263,11.7489,17.6873,16.991,16.2921,16.6991,10.7661,6.91025,7.91883,11.4051,8.88559,7.90531,9.69896,6.1225,5.62311,4.6551,6.40497,5.73272,6.96373,4.74327,3.60059,3.59122,5.17155
4.47884,5.66862,5.02515,2.12167,5.45456,4.67102,4.64757,5.67952,6.2246,9.92145,9.24368,4.76504,8.06711,9.76357,9.67263,9.23923,9.62748,9.79147,16.9881,11.2732,10.5455,15.5942,15.6212,15.5568,16.1567,22.7266,17.1823,23.8566,25.434,36.3819,30.6357,29.9165,42.7356,164.18,220.847,220.369,248.933,233.966,234.555,232.752,261.933,288.159,229.106,202.78,193.235,241.389,249.632,173.039,234.1,202.529,200.36,198.617,205.034,229.366,177.945,247.058,208.733,251.27,285.677,240.917,254.357,279.927,233.672,272.202,236.724,219.435,157.281,43.233,38.9638,31.461,27.9916,22.0023,27.064,18.34,20.0351,24.7634,18.4879,16.6512,19.5532,20.4889,14.2242,14.2695,11.5188,11.0458,9.30955,14.7966,10.1934,9.48331,5.98638,7.55785,3.7284,4.20272,7.9664,5.08015,2.7122,5.07505,5.01053,5.44047,5.67674,2.25391
4.98573,4.28711,5.58887,2.8228,2.46353,5.07808,5.67529,3.04074,7.16187,7.41674,6.56134,5.60131,11.4859,13.6223,6.92796,9.11863,8.1159,8.10543,16.5539,16.0208,13.0779,16.0305,15.0662,19.8312,15.0693,11.7478,31.855,21.2153,22.5946,33.8756,33.9005,40.1705,39.5201,143.529,230.349,225.674,246.467,252.814,218.672,256.796,246.894,220.381,174.548,209.479,228.043,213.309,181.197,204.317,221.697,212.764,248.895,206.28,181.405,224.896,189.146,222.113,194.802,204.038,273.823,225.954,211.456,282.589,271.059,246.347,251.498,206.48,156.341,31.1465,29.683,33.8309,20.7041,23.8249,15.1722,20.8999,18.0536,17.3497,25.4433,18.8418,14.6168,8.597,13.6786,17.2726,8.16173,8.72676,8.10753,7.7234,12.3616,8.03824,10.8089,12.6158,5.67507,6.05832,8.93768,4.45245,3.337,6.47479,5.71745,3.62197,4.51432,5.06274
4.1964,2.06586,4.47369,2.41088,2.42254,5.76989,4.32906,8.40156,7.95413,10.2683,9.18188,9.92377,9.59379,4.37854,9.36055,11.4607,9.19965,14.1722,11.6824,13.1283,19.0538,14.1113,17.1525,16.5656,16.5795,23.6444,28.3662,15.6678,19.118,22.2996,27.8723,29.3755,46.2198,175.569,223.635,273.031,250.903,217.502,219.074,222.339,233.271,277.854,225.993,221.484,192.194,185.52,175.393,175.289,178.742,252.449,212.064,176.714,203.803,201.273,217.135,197.51,174.771,205.493,231.385,245.631,244.921,233.878,262.241,237.869,254.142,232.176,156.142,37.6274,41.3581,22.2896,26.6463,24.3522,27.92,14.1183,15.1793,19.0837,14.5491,16.6911,15.2819,15.3799,9.80246,10.9136,10.4288,11.2158,3.80187,5.68155,8.91421,7.2329,6.16925,10.1284,6.1438,8.90321,9.51288,7.03968,6.45894,4.01472,2.72999,4.59116,3.83405,3.91397
2.78369,7.04562,6.25474,3.84687,6.03534,5.19112,3.57755,7.73629,4.08284,6.00541,9.852,7.3093,7.17196,8.77229,10.1972,11.0002,7.58743,10.0329,13.6954,17.9315,8.67804,14.7791,15.6071,11.3346,24.3338,19.987,24.2359,27.2135,19.783,25.4805,28.2944,26.6307,44.3093,145.87,257.074,254.587,264.984,220.239,257.925,210.131,241.342,242.225,192.543,168.82,220.105,222.164,198.333,203.22,197.331,232.005,180.38,220.9,205.837,202.844,197.981,212.859,227.233,210.826,230.573,257.526,231.365,235.557,240.109,201.545,242.479,227.804,150.116,29.6162,23.8251,23.921,21.1672,30.1313,28.9063,19.7168,19.9978,16.6002,24.3994,14.1858,15.4486,14.364,9.39557,16.488,13.9565,13.2926,13.0408,9.0552,6.33163,8.00286,4.19086,7.90065,7.6912,7.97875,8.69967,5.79564,5.29494,6.08947,3.19599,3.0133,3.96064,3.61391
2.68859,3.32977,4.72258,5.4134,5.4693,7.5666,6.5178,6.30113,5.9748,4.90069,10.4351,10.1521,8.16481,6.93919,8.41111,9.85549,7.59978,15.8878,10.0273,16.4782,13.6209,15.5222,18.54,18.5625,14.7984,15.7258,15.6164,30.7834,34.3188,18.846,20.4821,31.07,34.7579,113.819,218.93,244.77,213.56,203.246,203.685,277.641,260.847,247.112,198.414,219.744,215.751,205.625,170.474,181.459,212.398,193.586,198.602,191.828,216.806,224.348,213.746,201.276,225.268,205.2,234.123,236.317,247.507,234.794,260.329,261.499,204.516,238.095,151.134,39.8691,26.8561,30.4063,23.5863,20.4567,18.0539,25.295,14.5369,20.0647,15.9316,10.2397,17.2721,14.8956,17.2459,14.0167,9.8328,6.35659,11.017,7.83175,12.5601,9.05963,4.64632,10.3969,5.83876,5.68183,7.54152,7.09967,7.9277,5.76626,4.288,3.64596,5.54055,5.16237
4.6066,2.05477,5.82897,2.99823,6.74588,8.85599,3.5806,5.42939,6.50985,6.40843,8.26588,4.5359,6.6349,8.31079,9.60399,11.9383,10.9562,12.9413,10.1287,7.04248,19.8212,15.9769,16.4952,14.2506,17.7115,21.3298,15.1007,16.3626,30.6357,25.0571,30.5297,33.4368,38.048,181.003,220.045,218.592,201.622,192.342,228.288,197.896,282.466,264.25,188.688,193.033,203.393,189.247,190.466,186.957,231.842,180.757,165.865,208.351,217.098,223.201,220.228,180.267,172.044,196.927,229.614,230.21,215.889,209.144,221.304,249.848,231.293,202.799,160.769,30.5675,32.0359,37.8005,26.2396,17.3967,23.5381,18.1672,19.7272,17.8956,14.4755,11.2064,15.7994,14.5771,11.6702,6.95522,13.7315,12.5038,10.515,12.1864,6.53286,5.74267,6.3064,11.6011,3.67173,4.57891,3.35874,6.75016,4.99066,3.82326,6.50129,5.67519,8.9325,4.98461
4.55685,4.18058,4.80956,4.96679,3.48923,2.14446,5.16855,12.2335,9.7029,7.86683,8.31521,5.22427,9.89391,9.19219,8.6399,10.3789,15.4024,14.0797,16.5052,14.6446,9.40749,15.0889,12.2249,17.7067,16.5238,12.858,18.8119,25.2426,26.9888,34.0354,21.2318,34.8557,34.8683,146.438,233.596,224.633,208.851,233.934,182.58,205.505,215.285,232.343,177.078,231.517,183.08,180.333,189.771,169.632,220.204,206.986,193.617,184.159,200.709,209.685,199.065,191.709,204.721,198.766,185.92,238.274,212.208,208.138,248.06,258.923,248.167,226.264,140.91,33.3894,24.8172,28.1619,26.725,28.8794,25.9779,20.1542,16.0497,15.1801,14.715,12.9749,13.0428,11.9564,11.2302,9.95445,11.3551,12.0798,9.383,9.11654,10.7317,5.88299,8.72487,5.62372,6.26545,7.37538,5.61398,7.88668,3.95745,4.60279,6.91181,3.21634,4.20986,5.16602
3.79589,5.48283,5.45372,3.50548,3.33175,4.68441,5.64491,3.83273,6.57831,5.09374,9.64721,10.2049,7.82092,12.2781,9.94111,8.49587,13.2988,13.0161,12.2633,13.4157,12.7341,9.07043,10.1706,16.6149,21.1175,23.0542,22.1875,20.232,21.6671,28.8789,36.6049,26.7082,31.0959,130.841,208.022,199.503,243.015,245.132,236.371,201.77,194.388,272.428,206.195,171.427,193.274,177.609,148.037,199.411,176.155,196.227,193.706,183.977,224.864,231.832,180.73,213.774,230.095,184.448,222.869,226.414,210.414,223.493,208.024,223.459,235.357,241.468,118.294,30.2212,28.3556,35.7632,20.9244,22.0564,22.565,13.9994,21.0459,10.9262,13.9566,14.1717,18.1527,10.6366,12.9616,13.647,9.64391,8.82077,12.2612,11.0259,8.33742,11.5885,5.07395,4.20534,6.15711,5.99775,4.2523,5.58217,3.02917,5.13023,3.17424,4.34626,3.24899,1.91495
0.776702,2.798,4.13984,4.10707,4.57449,5.65894,4.91152,7.315,7.81194,5.52886,5.51467,5.93863,9.02107,10.5487,9.81754,5.11472,9.2159,7.89443,11.4308,15.5171,9.83705,15.6464,24.5882,17.0608,14.8681,16.8705,14.2147,30.7998,29.0616,30.4398,19.9335,30.5351,26.7533,153.697,218.789,262.581,201.799,185.495,195.064,234.43,203.162,214.361,197.012,197.076,211.763,199.602,199.805,195.03,167.017,193.459,179.52,191.762,207.778,174.896,166.517,213.822,192.077,183.235,215.281,174.365,218.525,193.399,214.22,242.816,209.95,203.177,161.244,43.609,44.7589,33.9288,31.4254,27.7027,27.4825,15.5452,16.9188,24.4242,13.7163,21.2985,13.6564,8.3292,14.4637,12.401,11.9252,8.68391,9.73612,14.9075,9.44386,7.25633,8.28808,5.66827,9.96973,6.5363,5.02706,4.17786,5.49703,8.25744,4.04299,3.9874,5.35393,3.03629
3.21946,1.77092,5.12182,8.73668,3.74179,6.16069,3.34101,3.78892,6.0857,5.7031,4.35378,6.60476,9.60167,7.76793,7.71445,6.52278,9.85981,12.4497,8.22708,10.1071,8.19862,12.1795,11.6683,15.5091,17.3444,21.2723,24.0434,18.992,27.7206,26.4105,25.6711,28.2726,37.5392,139.362,227.476,195.136,252.088,235.822,211.7,207.464,212.253,235.793,160.222,176.951,184.453,194.778,193.105,212.448,164.149,170.545,212.134,199.225,192.432,149.781,214.844,166.793,188.339,184.026,210.666,196.824,197.717,225.632,212.717,231.005,235.624,205.737,160.489,47.3742,32.116,27.0458,25.5689,24.195,23.596,22.4272,19.4284,16.0336,16.8444,12.7098,8.72966,13.0774,17.7179,11.0995,7.21067,12.9354,6.66165,13.5628,8.92799,5.10814,5.75131,10.5437,4.2482,6.84745,8.60029,5.23087,4.2438,3.40868,2.79798,3.32786,2.92459,3.0773
3.33635,8.80982,7.15045,4.66538,2.63006,5.61054,7.83822,5.91622,6.92733,8.58935,3.58585,6.34995,13.9468,8.65217,9.65885,13.0047,7.73534,11.0567,10.1572,16.4495,10.1873,13.2097,16.3063,16.8625,18.5008,14.2512,14.348,27.1064,21.97,16.227,31.8429,34.5575,36.7505,136.474,229.601,207.08,219.967,206.176,210.481,219.378,204.569,199.421,194.385,197.057,200.479,184.578,171.503,193.349,193.396,191.502,175.955,162.393,208.306,188.634,184.568,197.864,185.614,167.924,231.428,194.93,233.526,219.536,201.524,189.563,233.441,204.38,161.056,32.8237,34.4015,32.8041,16.8331,21.479,25.5625,24.6972,21.9845,12.9277,13.4645,16.233,18.3544,9.3149,8.50353,9.06033,10.2315,9.40099,7.57736,14.761,11.1717,8.78952,7.2762,7.10158,6.54686,7.7893,4.38051,6.46843,5.8397,4.97713,6.38914,3.41515,4.27567,2.68022
5.29294,3.30533,2.07437,4.98707,4.67471,2.76793,7.77811,8.9825,5.82557,5.17898,8.26443,6.81485,11.5623,4.31132,6.95187,8.84183,7.50452,12.69,10.9667,7.79083,6.25506,15.3007,14.5611,8.67951,17.7165,16.9712,23.5004,18.4418,27.7101,15.1077,33.9365,29.5126,31.4826,145.66,203.415,222.844,223.729,199.164,191.206,212.565,171.765,236.917,197.281,167.377,184.453,209.489,186.23,159.224,199.664,176.023,169.117,183.06,175.493,192.573,187.374,171.583,182.251,160.197,190.589,212.977,253.341,225.309,214.752,214.801,245.374,199.216,130.21,39.1759,31.5623,24.4534,27.7689,15.5946,23.9091,20.0659,14.9853,12.0342,15.0645,19.3949,11.3259,12.5411,10.3945,9.59016,10.9441,6.96406,8.341,6.3699,8.37841,7.99168,9.94163,2.63733,7.5636,4.29676,5.07009,4.23542,5.05295,2.00961,2.97866,5.18061,4.67034,3.03831
2.68012,3.94113,2.62901,3.94311,3.73449,5.33623,6.8149,5.53317,4.62988,9.15913,6.25921,4.30029,6.97303,6.62473,13.1472,7.40284,13.4822,9.33277,14.0004,11.7211,9.48181,14.2979,12.8015,26.3889,22.8625,11.6129,17.1264,19.7153,22.2027,21.4168,26.5997,26.5801,26.8994,106.286,211.844,248.069,213.365,187.091,217.722,216.045,214.445,191.149,203.618,179.612,178.096,159.578,143.487,133.771,162.522,184.558,148.519,169.71,166.656,180.102,178.872,191.568,196.931,192.767,184.094,225.778,204.461,238.814,161.683,187.055,215.534,211.771,131.014,36.2645,26.6938,31.3607,19.4356,14.9573,20.4544,18.9535,16.8035,12.0427,11.0443,16.6219,13.7844,10.3029,5.50752,8.93333,9.23213,9.69165,9.96809,5.64951,5.81424,7.03272,4.56007,7.99467,10.6131,8.91582,11.8783,5.24987,6.5186,4.27428,4.27323,4.36208,2.24023,3.41889
