0,0,0,0,0,0,0,0,0,0,0,0,0,0,0,0,0,0,0,0,0,0,0,0,0,0,0,0,0,0,0,0,0,850.902,1241.95,1262.54,1240.08,1226.56,1175.25,1207.34,1154.82,1295.15,1280.38,1252.11,1221.03,1220.62,1256.48,1268.84,1242.02,1215.77,1226.71,1297.15,1249.38,1194.69,1204.67,1235.16,1205.36,1221.86,1328.75,1173.61,1174.62,1235.88,1200.53,1210.84,1175.43,1181.67,780.41,0,0,0,0,0,0,0,0,0,0,0,0,0,0,0,0,0,0,0,0,0,0,0,0,0,0,0,0,0,0,0,0,0
0,0,0,0,0,0,0,0,0,0,0,0,0,0,0,0,0,0,0,0,0,0,0,0,0,0,0,0,0,0,0,0,0,806.325,1137.18,1295.36,1253.15,1174.28,1274.27,1283.18,1193.09,1162.53,1293.12,1052.81,1306.37,1103.06,1184.52,1154.35,1160.77,1252.53,1237.38,1253.94,1309.33,1180.58,1194.32,1225.14,1231.84,1332.28,1231.57,1225.86,1155.96,1226.38,1207.67,1128.61,1192.25,1239.66,877.287,0,0,0,0,0,0,0,0,0,0,0,0,0,0,0,0,0,0,0,0,0,0,0,0,0,0,0,0,0,0,0,0,0
0,0,0,0,0,0,0,0,0,0,0,0,0,0,0,0,0,0,0,0,0,0,0,0,0,0,0,0,0,0,0,0,0,853.82,1160.41,1215.27,1220.63,1130.22,1149.78,1126.66,1189.61,1177.39,1187.28,1240.41,1163.43,1182.53,1243.94,1142.7,1163.43,1196.06,1147.68,1290.98,1153.44,1157.6,1186.14,1062.78,1176.23,1224.92,1178.78,1199.61,1219.22,1153.92,1205.95,1358.77,1194.87,1202.9,806.767,0,0,0,0,0,0,0,0,0,0,0,0,0,0,0,0,0,0,0,0,0,0,0,0,0,0,0,0,0,0,0,0,0
0,0,0,0,0,0,0,0,0,0,0,0,0,0,0,0,0,0,0,0,0,0,0,0,0,0,0,0,0,0,0,0,0,737.577,1207.87,1185.58,1327.92,1166.83,1208.35,1238.71,1115.36,1152.1,1185.17,1174.15,1231.52,1118.27,1310.54,1286.71,1246.43,1146.58,1180.85,1166.7,1201.85,1159.32,1228.95,1190.65,1212.73,1176.08,1134.39,1208.42,1151.63,1219.01,1237.28,1217.79,1180.98,1258.1,741.594,0,0,0,0,0,0,0,0,0,0,0,0,0,0,0,0,0,0,0,0,0,0,0,0,0,0,0,0,0,0,0,0,0
0,0,0,0,0,0,0,0,0,0,0,0,0,0,0,0,0,0,0,0,0,0,0,0,0,0,0,0,0,0,0,0,0,714.741,1174.8,1190.91,1182.25,1110.69,1105.97,1190.37,1252.17,1129.78,1182.02,1224.49,1290.5,1203.09,1123.6,1201.15,1138.11,1181.24,1097.03,1210.97,1102.51,1198.35,1250.69,1168.73,1211.67,1111.27,1074.16,1125.37,1140.98,1228.43,1184.6,1256.33,1135.89,1163.57,775.657,0,0,0,0,0,0,0,0,0,0,0,0,0,0,0,0,0,0,0,0,0,0,0,0,0,0,0,0,0,0,0,0,0
0,0,0,0,0,0,0,0,0,0,0,0,0,0,0,0,0,0,0,0,0,0,0,0,0,0,0,0,0,0,0,0,0,758.424,1113.26,1176.61,1112.57,1270.72,1223.97,1102.99,1143.05,1121.37,1121.01,1012.39,1081.84,1118.02,1165.34,1090.7,1155.11,1176.92,1066.73,1066.03,1188.37,1088.64,1190,1200.03,992.516,1157.43,1175.39,1171.68,1161.4,1126.67,1112.37,1118.11,1103.29,1201.31,727.662,0,0,0,0,0,0,0,0,0,0,0,0,0,0,0,0,0,0,0,0,0,0,0,0,0,0,0,0,0,0,0,0,0
0,0,0,0,0,0,0,0,0,0,0,0,0,0,0,0,0,0,0,0,0,0,0,0,0,0,0,0,0,0,0,0,0,724.611,1069.47,1085.79,1112.18,1116.16,1170.62,1121.64,1131.57,1109.64,1137.82,1089.18,1099.01,1087.95,1042.33,1126.92,1091.5,1115.77,1105.08,1154.86,1095.99,1070.91,1078.5,1061.08,1134.87,1149.59,1077.98,1126.68,1138.44,1211.18,1155.02,1095.4,1094.7,1157.12,689.32,0,0,0,0,0,0,0,0,0,0,0,0,0,0,0,0,0,0,0,0,0,0,0,0,0,0,0,0,0,0,0,0,0
0,0,0,0,0,0,0,0,0,0,0,0,0,0,0,0,0,0,0,0,0,0,0,0,0,0,0,0,0,0,0,0,0,744.201,1117.16,1127.52,1032.49,1116.74,1133.77,1112.2,1188,1083.55,1126.96,1062.09,1061.02,1177.94,1182.43,1109.64,1074.89,1110.75,1114.5,1070.93,1176.17,1048.82,1115,1113.56,1056.85,1022.96,1158.52,1066.83,1145.21,1098.06,1145.94,1159.99,1016.33,1088.72,706.269,0,0,0,0,0,0,0,0,0,0,0,0,0,0,0,0,0,0,0,0,0,0,0,0,0,0,0,0,0,0,0,0,0
0,0,0,0,0,0,0,0,0,0,0,0,0,0,0,0,0,0,0,0,0,0,0,0,0,0,0,0,0,0,0,0,0,714.578,1110.51,1159.32,1082.82,941.233,1107,1147.35,1172.75,1092.83,1112.86,1160.1,986.764,1134.93,1117.27,1102.65,1112.88,1037.67,1151.6,1144.71,1071.88,1056.34,1115.37,1081.63,1140.04,1038.34,1051.22,1030.92,1081.67,1068.29,1017.01,1067.33,1077.77,1068.99,728.644,0,0,0,0,0,0,0,0,0,0,0,0,0,0,0,0,0,0,0,0,0,0,0,0,0,0,0,0,0,0,0,0,0
0,0,0,0,0,0,0,0,0,0,0,0,0,0,0,0,0,0,0,0,0,0,0,0,0,0,0,0,0,0,0,0,0,683.248,1104.34,1078.59,1124.18,1035.84,991.475,1068.79,1049.48,1013.27,1075.78,1075.89,1131.53,1145.06,1094.07,1062.19,1148.68,1052.41,1088.86,1155.2,1110.33,1110.63,1057.4,1044.72,1042.89,1012.3,968.72,1086.2,987.392,999.132,1099.99,985.945,1091.46,1141.51,730.066,0,0,0,0,0,0,0,0,0,0,0,0,0,0,0,0,0,0,0,0,0,0,0,0,0,0,0,0,0,0,0,0,0
0,0,0,0,0,0,0,0,0,0,0,0,0,0,0,0,0,0,0,0,0,0,0,0,0,0,0,0,0,0,0,0,0,691.387,1146.09,1061.69,1104.34,1051.45,1067.46,1045.57,1005.53,1052.14,1042.81,1003.9,1067.45,1001.36,1022.82,1064.13,1093.58,1042.78,1017.82,1063.79,1110.26,1063.9,1079.22,1018.7,1074.73,1091.25,1019.74,1009.41,1031.76,1012.93,964.762,1149.51,1095.54,1034.02,656.932,0,0,0,0,0,0,0,0,0,0,0,0,0,0,0,0,0,0,0,0,0,0,0,0,0,0,0,0,0,0,0,0,0
0,0,0,0,0,0,0,0,0,0,0,0,0,0,0,0,0,0,0,0,0,0,0,0,0,0,0,0,0,0,0,0,0,679.764,1019.16,1050.61,1020.98,1074.35,1068.1,1083.57,1054.14,939.93,1021.08,987.632,983.288,1027.03,1138.9,1131.92,1074.94,1112.73,1064.18,1019.81,1007.62,987.964,1021.79,1066.12,1003.5,1074.3,1177.01,1045.3,1040.44,1102.06,1076.69,1045.94,1020.19,1049.73,740.689,0,0,0,0,0,0,0,0,0,0,0,0,0,0,0,0,0,0,0,0,0,0,0,0,0,0,0,0,0,0,0,0,0
0,0,0,0,0,0,0,0,0,0,0,0,0,0,0,0,0,0,0,0,0,0,0,0,0,0,0,0,0,0,0,0,0,656.111,1043.61,1035.59,1061.81,1028.91,1091.63,917.967,1040.99,965.484,977.422,1011.09,1009.51,1052.57,1049.39,1028.05,1039.17,1022.4,1060.53,1037.83,1038.69,1078.28,1063.29,1087.78,915.648,1087.74,987.527,1022.35,934.694,1031.11,972.894,1028.86,1036.56,986.565,658.496,0,0,0,0,0,0,0,0,0,0,0,0,0,0,0,0,0,0,0,0,0,0,0,0,0,0,0,0,0,0,0,0,0
0,0,0,0,0,0,0,0,0,0,0,0,0,0,0,0,0,0,0,0,0,0,0,0,0,0,0,0,0,0,0,0,0,737.819,987.834,973.432,1096.85,1011.03,979.425,1035.25,1016.14,1062.09,999.524,1080.47,943.111,1021.64,1110.2,1078.57,959.117,1009.45,1022.28,1019.54,965.003,984.487,1045.35,948.772,976.522,981.341,990.912,924.158,991.636,1003.26,1093.34,1013.75,1100.78,1005.94,740.56,0,0,0,0,0,0,0,0,0,0,0,0,0,0,0,0,0,0,0,0,0,0,0,0,0,0,0,0,0,0,0,0,0
0,0,0,0,0,0,0,0,0,0,0,0,0,0,0,0,0,0,0,0,0,0,0,0,0,0,0,0,0,0,0,0,0,614.177,952.082,1011.63,942.746,1050.87,1087.67,974.824,1040.41,902.974,876.998,1037.98,993.434,1157.68,938.475,966.184,1048.99,1011.35,984.995,993.307,1029.6,947.845,985.396,1012.27,998.406,936.039,981.688,961.735,994.463,1030.39,980.167,1023.58,990.287,971.315,680.232,0,0,0,0,0,0,0,0,0,0,0,0,0,0,0,0,0,0,0,0,0,0,0,0,0,0,0,0,0,0,0,0,0
0,0,0,0,0,0,0,0,0,0,0,0,0,0,0,0,0,0,0,0,0,0,0,0,0,0,0,0,0,0,0,0,0,639.574,1094.15,1032.25,966.684,964.868,969.966,1022.43,1043.83,1026.12,1006.53,994.163,945.457,964.572,959.636,947.35,957.664,929.054,1033.66,982.812,979.318,888.166,961.945,1038.29,1002.82,958.719,984.16,1021.82,953.659,939.771,883.888,1046.28,994.831,912.031,686.673,0,0,0,0,0,0,0,0,0,0,0,0,0,0,0,0,0,0,0,0,0,0,0,0,0,0,0,0,0,0,0,0,0
0,0,0,0,0,0,0,0,0,0,0,0,0,0,0,0,0,0,0,0,0,0,0,0,0,0,0,0,0,0,0,0,0,637.511,955.307,995.205,951.874,963.501,1003.9,913.772,1036.12,942.052,994.884,945.784,951.011,1030.18,962.958,891.604,998.537,980.288,957.721,991.209,955.959,965.879,943.955,940.379,929.454,1010.87,968.352,946.747,1060.2,1031.41,922.529,978.666,981.189,1027.53,679.819,0,0,0,0,0,0,0,0,0,0,0,0,0,0,0,0,0,0,0,0,0,0,0,0,0,0,0,0,0,0,0,0,0
0,0,0,0,0,0,0,0,0,0,0,0,0,0,0,0,0,0,0,0,0,0,0,0,0,0,0,0,0,0,0,0,0,649.897,909.217,985.799,965.204,913.873,947.698,1008.48,951.457,921.796,906.096,1055.8,1052.92,944.618,888.793,953.549,920.997,1001.45,979.982,942.394,913.104,962.447,999.134,1034.3,971.829,942.493,901.488,942.224,889.217,903.932,1004.77,1004.73,961.313,960.474,616.291,0,0,0,0,0,0,0,0,0,0,0,0,0,0,0,0,0,0,0,0,0,0,0,0,0,0,0,0,0,0,0,0,0
0,0,0,0,0,0,0,0,0,0,0,0,0,0,0,0,0,0,0,0,0,0,0,0,0,0,0,0,0,0,0,0,0,604.389,878.378,907.457,875.581,991.082,935.288,887.984,924.271,890.762,885.96,929.822,900.231,951.22,909.679,910.532,1029.25,932.664,913.648,1004.67,961.616,903.898,926.235,912.095,978.127,954.43,939.941,971.863,953.551,870.625,940.942,914.642,894.23,816.946,562.912,0,0,0,0,0,0,0,0,0,0,0,0,0,0,0,0,0,0,0,0,0,0,0,0,0,0,0,0,0,0,0,0,0
0,0,0,0,0,0,0,0,0,0,0,0,0,0,0,0,0,0,0,0,0,0,0,0,0,0,0,0,0,0,0,0,0,603.988,903.302,971.841,903.21,860.18,875.115,930.992,908.311,899.444,1055.03,913.604,878.333,876.115,853.252,968.032,916.483,819.694,881.948,935.063,938.178,919.001,1003.8,918.372,858.211,888.582,927.046,963.636,800.705,915.663,858.093,965.05,996.126,852.339,592.235,0,0,0,0,0,0,0,0,0,0,0,0,0,0,0,0,0,0,0,0,0,0,0,0,0,0,0,0,0,0,0,0,0
0,0,0,0,0,0,0,0,0,0,0,0,0,0,0,0,0,0,0,0,0,0,0,0,0,0,0,0,0,0,0,0,0,571.348,856.576,889.757,864.555,881.695,880.264,857.673,982.253,930.518,889.787,902.45,880.932,877.938,903.084,913.733,826.969,886.537,936.841,979.452,908.184,869.661,940.658,886.384,888.066,954.436,976.665,827.131,966.636,930.036,808.163,929.938,913.203,884.585,543.849,0,0,0,0,0,0,0,0,0,0,0,0,0,0,0,0,0,0,0,0,0,0,0,0,0,0,0,0,0,0,0,0,0
0,0,0,0,0,0,0,0,0,0,0,0,0,0,0,0,0,0,0,0,0,0,0,0,0,0,0,0,0,0,0,0,0,567.181,889.942,869.44,905.066,766.463,886,915.814,896.1,802.652,889.037,850.773,893.78,902.666,935.573,937.329,896.184,920.804,865.752,914.17,874.922,811.777,963.764,971.707,935.317,959.884,880.047,863.377,1004.47,844.777,937.148,801.37,837.705,819.501,590.266,0,0,0,0,0,0,0,0,0,0,0,0,0,0,0,0,0,0,0,0,0,0,0,0,0,0,0,0,0,0,0,0,0
0,0,0,0,0,0,0,0,0,0,0,0,0,0,0,0,0,0,0,0,0,0,0,0,0,0,0,0,0,0,0,0,0,671.67,835.792,841.084,857.999,838.815,897.245,924.85,867.389,901.291,838.541,919.344,899.655,873.309,833.03,907.923,880.908,930.945,847.774,801.572,939.765,868.955,873.388,852.769,836.078,841.646,901.235,894.449,934.828,835.482,800.321,834.118,873.461,814.54,612.195,0,0,0,0,0,0,0,0,0,0,0,0,0,0,0,0,0,0,0,0,0,0,0,0,0,0,0,0,0,0,0,0,0
0,0,0,0,0,0,0,0,0,0,0,0,0,0,0,0,0,0,0,0,0,0,0,0,0,0,0,0,0,0,0,0,0,592.212,940.852,923.767,868.606,791.129,893.637,932.824,823.731,929.736,906.208,795.586,948.524,869.327,853.046,846.15,814.627,860.445,875.57,835.423,829.838,896.88,836.691,884.52,869.492,879.86,974.624,852.061,958.917,905.364,954.782,820.572,921.457,865.203,564.247,0,0,0,0,0,0,0,0,0,0,0,0,0,0,0,0,0,0,0,0,0,0,0,0,0,0,0,0,0,0,0,0,0
0,0,0,0,0,0,0,0,0,0,0,0,0,0,0,0,0,0,0,0,0,0,0,0,0,0,0,0,0,0,0,0,0,532.443,794.823,883.578,847.497,823.481,891.335,858.319,840.432,819.4,841.678,889.327,811.472,840.969,838.941,904.584,758.616,829.591,833.248,876.581,830.981,863.191,870.491,901.932,864.007,843.464,828.609,846.945,856.508,828.978,948.292,837.449,927.811,841.613,585.29,0,0,0,0,0,0,0,0,0,0,0,0,0,0,0,0,0,0,0,0,0,0,0,0,0,0,0,0,0,0,0,0,0
0,0,0,0,0,0,0,0,0,0,0,0,0,0,0,0,0,0,0,0,0,0,0,0,0,0,0,0,0,0,0,0,0,506.905,877.77,820.083,852.237,864.924,869.625,844.43,818.811,882.93,770.95,902.159,894.145,839.864,820.519,872.121,831.734,801.107,768.451,844.85,897.269,818.052,847.258,748.317,805.597,832.751,787.958,809.631,825.136,771.959,785.231,932.715,915.042,869.33,563.076,0,0,0,0,0,0,0,0,0,0,0,0,0,0,0,0,0,0,0,0,0,0,0,0,0,0,0,0,0,0,0,0,0
0,0,0,0,0,0,0,0,0,0,0,0,0,0,0,0,0,0,0,0,0,0,0,0,0,0,0,0,0,0,0,0,0,570.679,796.048,812.112,836.26,811.161,811.515,852.939,818.237,768.129,860.15,858.868,796.919,928.537,802.67,854.229,787.04,775.6,784.399,827.058,844.569,813.466,820.819,818.785,775.001,778.239,855.635,761.408,809.237,924.866,799.449,748.302,769.054,917.555,610.376,0,0,0,0,0,0,0,0,0,0,0,0,0,0,0,0,0,0,0,0,0,0,0,0,0,0,0,0,0,0,0,0,0
0,0,0,0,0,0,0,0,0,0,0,0,0,0,0,0,0,0,0,0,0,0,0,0,0,0,0,0,0,0,0,0,0,570.73,799.096,801.523,791.828,815.897,786.06,820.724,821.772,754.543,868.063,881.506,792.021,900.28,874.997,759.4,769.793,741.652,837.558,800.694,806.21,736.498,799.573,872.455,810.507,850.564,747.444,733.627,769.482,790.82,826.384,831.675,790.987,796.935,560.187,0,0,0,0,0,0,0,0,0,0,0,0,0,0,0,0,0,0,0,0,0,0,0,0,0,0,0,0,0,0,0,0,0
0,0,0,0,0,0,0,0,0,0,0,0,0,0,0,0,0,0,0,0,0,0,0,0,0,0,0,0,0,0,0,0,0,521.586,839.107,799.763,802.12,787.874,756.131,837.94,750.706,663.097,824.418,753.126,806.736,762.438,874.931,853.439,800.095,909.608,780.171,802.273,745.983,799.238,825.7,747.158,786.748,820.36,790.534,808.031,823.673,778.448,750.341,717.471,763.643,828.337,522.437,0,0,0,0,0,0,0,0,0,0,0,0,0,0,0,0,0,0,0,0,0,0,0,0,0,0,0,0,0,0,0,0,0
0,0,0,0,0,0,0,0,0,0,0,0,0,0,0,0,0,0,0,0,0,0,0,0,0,0,0,0,0,0,0,0,0,531.2,805.777,805.275,794.424,784.723,789.827,828.872,791.634,748.18,751.567,811.101,769.016,827.44,813.082,750.692,812.217,815.78,859.802,791.266,822.202,795.614,787.992,788.324,716.871,847.216,764.097,851.329,834.413,856.99,739.265,802.29,799.34,788.553,516.739,0,0,0,0,0,0,0,0,0,0,0,0,0,0,0,0,0,0,0,0,0,0,0,0,0,0,0,0,0,0,0,0,0
0,0,0,0,0,0,0,0,0,0,0,0,0,0,0,0,0,0,0,0,0,0,0,0,0,0,0,0,0,0,0,0,0,485.686,793.157,756.479,799.693,807.733,727.708,732.087,705.159,806.494,808.28,748.604,723.888,805.846,765.81,789.364,802.367,730.24,810.183,725.611,799.13,806.149,767.541,808.214,771.878,742.724,735.715,764.805,830.232,709.795,761.408,774.47,757.977,850.309,511.304,0,0,0,0,0,0,0,0,0,0,0,0,0,0,0,0,0,0,0,0,0,0,0,0,0,0,0,0,0,0,0,0,0
0,0,0,0,0,0,0,0,0,0,0,0,0,0,0,0,0,0,0,0,0,0,0,0,0,0,0,0,0,0,0,0,0,493.303,789.793,692.162,798.303,703.807,744.026,696.539,724.487,845.338,810.176,756.439,781.83,768.332,839.278,749.2,745.91,808.577,725.626,722.928,765.322,724.131,682.287,812.864,762.407,796.023,819.556,794.541,824.192,693.046,798.095,774.59,810.73,776.214,555.796,0,0,0,0,0,0,0,0,0,0,0,0,0,0,0,0,0,0,0,0,0,0,0,0,0,0,0,0,0,0,0,0,0
0,0,0,0,0,0,0,0,0,0,0,0,0,0,0,0,0,0,0,0,0,0,0,0,0,0,0,0,0,0,0,0,0,547.982,747.776,677.796,723.772,752.281,722.149,710.51,708.569,812.962,735.538,704.136,787.551,755.627,663.316,726.933,705.512,753.133,765.47,680.572,702.787,760.891,768.879,744.239,795.79,839.038,763.73,754.405,721.186,757.201,744.287,773.466,704.176,777.214,560.408,0,0,0,0,0,0,0,0,0,0,0,0,0,0,0,0,0,0,0,0,0,0,0,0,0,0,0,0,0,0,0,0,0
0,0,0,0,0,0,0,0,0,0,0,0,0,0,0,0,0,0,0,0,0,0,0,0,0,0,0,0,0,0,0,0,0,503.34,766.392,808.504,796.904,758.117,723.418,695.879,778.152,732.39,735.092,705.806,752.715,749.887,732.83,786.221,715.731,798.095,706.499,801.405,742.287,730.025,671.859,748.307,711.937,726.901,767.046,709.282,796.827,687.129,699.804,746.14,735.68,718.347,466.362,0,0,0,0,0,0,0,0,0,0,0,0,0,0,0,0,0,0,0,0,0,0,0,0,0,0,0,0,0,0,0,0,0
0,0,0,0,0,0,0,0,0,0,0,0,0,0,0,0,0,0,0,0,0,0,0,0,0,0,0,0,0,0,0,0,0,478.735,781.004,716.026,698.125,799.579,783.662,679.95,730.27,642.678,793.689,679.535,778.968,774.117,694.461,774.815,692.193,727.987,735.23,689.71,731.433,668.385,666.445,746.585,734.088,769.636,770.112,687.82,778.681,639.336,765.841,791.569,761.777,808.53,449.536,0,0,0,0,0,0,0,0,0,0,0,0,0,0,0,0,0,0,0,0,0,0,0,0,0,0,0,0,0,0,0,0,0
0,0,0,0,0,0,0,0,0,0,0,0,0,0,0,0,0,0,0,0,0,0,0,0,0,0,0,0,0,0,0,0,0,452.962,744.543,704.796,764.756,626.444,735.896,749.398,704.731,678.941,676.072,697.077,691.218,648.937,687.992,634.126,777.149,806.918,714.349,822.028,685.681,725.126,762.963,679.175,637.76,624.24,756.323,704.551,708.601,740.372,721.158,713.438,691.861,713.854,448.014,0,0,0,0,0,0,0,0,0,0,0,0,0,0,0,0,0,0,0,0,0,0,0,0,0,0,0,0,0,0,0,0,0
0,0,0,0,0,0,0,0,0,0,0,0,0,0,0,0,0,0,0,0,0,0,0,0,0,0,0,0,0,0,0,0,0,480.418,720.718,753.563,681.183,674.843,657.577,731.633,732.286,750.437,668.24,720.578,726.163,728.19,792.287,670.508,699.216,747.212,657.606,697.333,717.369,774.811,801.777,685.43,680.367,710.038,650.251,759.585,689.505,762.859,683.324,651.761,720.243,740.3,437.741,0,0,0,0,0,0,0,0,0,0,0,0,0,0,0,0,0,0,0,0,0,0,0,0,0,0,0,0,0,0,0,0,0
0,0,0,0,0,0,0,0,0,0,0,0,0,0,0,0,0,0,0,0,0,0,0,0,0,0,0,0,0,0,0,0,0,411.246,722.254,763.521,713.791,722.514,701.96,653.901,692.707,726.464,689.367,660.003,667.338,636.661,700.591,739.789,701.438,708.438,686.363,707.083,676.778,650.765,722.729,647.692,715.778,641.141,763.336,732.784,667.51,655.244,667.776,651.808,632.352,746.539,400.504,0,0,0,0,0,0,0,0,0,0,0,0,0,0,0,0,0,0,0,0,0,0,0,0,0,0,0,0,0,0,0,0,0
0,0,0,0,0,0,0,0,0,0,0,0,0,0,0,0,0,0,0,0,0,0,0,0,0,0,0,0,0,0,0,0,0,448.246,641.14,667.777,704.185,726.121,622.164,680.437,612.641,690.982,633.334,711.779,702.45,705.664,728.478,695.914,714.086,662.809,682.669,601.723,685.336,637.929,708.436,754.36,647.512,583.733,770.117,660.996,613.369,698.675,715.451,658.526,690.152,726.803,463.267,0,0,0,0,0,0,0,0,0,0,0,0,0,0,0,0,0,0,0,0,0,0,0,0,0,0,0,0,0,0,0,0,0
0,0,0,0,0,0,0,0,0,0,0,0,0,0,0,0,0,0,0,0,0,0,0,0,0,0,0,0,0,0,0,0,0,407.18,699.599,700.78,681.974,641.007,648.52,647.778,683.13,714.353,637.238,627.818,676.055,666.325,653.798,680.053,713.978,673.509,781.616,668.278,666.743,661.718,637.002,714.664,713.054,757.498,718.962,693.036,624.837,703.256,686.477,728.225,579.528,700.253,421.345,0,0,0,0,0,0,0,0,0,0,0,0,0,0,0,0,0,0,0,0,0,0,0,0,0,0,0,0,0,0,0,0,0
0,0,0,0,0,0,0,0,0,0,0,0,0,0,0,0,0,0,0,0,0,0,0,0,0,0,0,0,0,0,0,0,0,418.173,710.665,741.124,732.472,617.441,608.129,681.908,610.269,711.385,668.072,705.068,686.08,666.256,723.119,678.427,647.58,631.301,675.998,705.447,687.406,647.417,695.465,606.296,690.067,761.216,656.303,643.724,683.708,645.189,683.969,699.813,659.262,712.98,449.824,0,0,0,0,0,0,0,0,0,0,0,0,0,0,0,0,0,0,0,0,0,0,0,0,0,0,0,0,0,0,0,0,0
0,0,0,0,0,0,0,0,0,0,0,0,0,0,0,0,0,0,0,0,0,0,0,0,0,0,0,0,0,0,0,0,0,468.388,681.833,699.437,652.391,633.42,612.371,654.532,663.244,568.43,680.644,620.472,659.04,712.432,636.951,671.511,611.129,661.418,659.133,660.612,598.956,727.515,622.069,628.344,642.075,672.551,660.961,644.049,655.273,648.686,707.124,651.593,642.521,603.837,443.774,0,0,0,0,0,0,0,0,0,0,0,0,0,0,0,0,0,0,0,0,0,0,0,0,0,0,0,0,0,0,0,0,0
0,0,0,0,0,0,0,0,0,0,0,0,0,0,0,0,0,0,0,0,0,0,0,0,0,0,0,0,0,0,0,0,0,415.809,706.664,731.09,585.359,663.364,630.386,698.072,639.052,643.753,688.266,624.771,654.629,647.434,649.794,658.769,601.291,660.276,629.278,604.169,641.902,634.3,659.96,584.162,725.418,661.326,629.651,607.986,688.158,645.223,594.536,624.788,600.016,587.465,436.338,0,0,0,0,0,0,0,0,0,0,0,0,0,0,0,0,0,0,0,0,0,0,0,0,0,0,0,0,0,0,0,0,0
0,0,0,0,0,0,0,0,0,0,0,0,0,0,0,0,0,0,0,0,0,0,0,0,0,0,0,0,0,0,0,0,0,430.161,622.912,636.439,661.959,555.014,684.485,623.283,622.021,667.158,597.015,560.139,614.008,622.074,649.34,684.075,659.901,596.313,677.282,691.865,689.534,644.85,634.503,676.612,657.131,612.949,604.089,619.178,684.811,615.035,600.497,644.708,673.49,661.825,356.602,0,0,0,0,0,0,0,0,0,0,0,0,0,0,0,0,0,0,0,0,0,0,0,0,0,0,0,0,0,0,0,0,0
0,0,0,0,0,0,0,0,0,0,0,0,0,0,0,0,0,0,0,0,0,0,0,0,0,0,0,0,0,0,0,0,0,396.847,685.513,620.212,635.451,605.029,649.43,659.644,708.472,686.886,707.894,654.909,686.91,626.058,661.149,698.029,617.284,648.639,666.174,608.439,707.642,668.065,632.054,637.22,678.193,572.356,618.569,670.7,627.419,603.711,593.87,609.522,625.314,615.965,381.053,0,0,0,0,0,0,0,0,0,0,0,0,0,0,0,0,0,0,0,0,0,0,0,0,0,0,0,0,0,0,0,0,0
0,0,0,0,0,0,0,0,0,0,0,0,0,0,0,0,0,0,0,0,0,0,0,0,0,0,0,0,0,0,0,0,0,434.474,680.702,567.244,597.116,649.046,597.717,599.315,624.824,623.14,629.309,610.337,628.898,561.491,655.268,551.164,577.214,544.967,672.511,568.664,621.586,642.052,599.766,604.829,628.899,619.189,696.083,637.477,643.656,607.056,663.137,701.375,607.339,590.783,396.077,0,0,0,0,0,0,0,0,0,0,0,0,0,0,0,0,0,0,0,0,0,0,0,0,0,0,0,0,0,0,0,0,0
0,0,0,0,0,0,0,0,0,0,0,0,0,0,0,0,0,0,0,0,0,0,0,0,0,0,0,0,0,0,0,0,0,433.908,663.016,645.594,619.894,611.441,643.544,613.094,522.869,597.288,582.269,615.116,574.454,665.711,622.086,613.03,606.125,556.727,658.676,543.441,641.377,595.315,603.149,602.838,645.031,628.007,611.472,708.711,630.355,632.593,586.143,636.813,515.754,609.743,420.162,0,0,0,0,0,0,0,0,0,0,0,0,0,0,0,0,0,0,0,0,0,0,0,0,0,0,0,0,0,0,0,0,0
0,0,0,0,0,0,0,0,0,0,0,0,0,0,0,0,0,0,0,0,0,0,0,0,0,0,0,0,0,0,0,0,0,440.824,522.942,627.859,611.875,615.714,616.667,672.904,552.818,590.634,550.639,586.691,581.648,568.62,631.1,617.888,612.151,547.573,662.514,602.434,570.359,669.282,567.609,604.611,635.752,597.23,595.48,599.543,588.926,557.675,630.462,611.665,627.774,616.658,413.354,0,0,0,0,0,0,0,0,0,0,0,0,0,0,0,0,0,0,0,0,0,0,0,0,0,0,0,0,0,0,0,0,0
0,0,0,0,0,0,0,0,0,0,0,0,0,0,0,0,0,0,0,0,0,0,0,0,0,0,0,0,0,0,0,0,0,391.46,677.45,636.008,594.091,602.336,562.608,528.818,624.715,551.947,606.072,647.93,538.186,616.352,577.635,549.246,539.503,617.494,561.814,573.767,527.175,602.927,686.309,590.445,594.412,573.111,563.881,567.102,608.682,545.665,566.188,543.847,601.564,653.26,376.661,0,0,0,0,0,0,0,0,0,0,0,0,0,0,0,0,0,0,0,0,0,0,0,0,0,0,0,0,0,0,0,0,0
0,0,0,0,0,0,0,0,0,0,0,0,0,0,0,0,0,0,0,0,0,0,0,0,0,0,0,0,0,0,0,0,0,386.229,604.304,546.466,590.129,604.259,571.173,575.609,582.565,615.02,600.237,639.322,660.521,640.994,596.038,611.783,658.433,532.921,583.842,632.643,607.308,632.406,536.82,614.622,590.483,599.062,626.035,562.322,629.431,590.825,594.011,539.922,642.015,621.096,405.64,0,0,0,0,0,0,0,0,0,0,0,0,0,0,0,0,0,0,0,0,0,0,0,0,0,0,0,0,0,0,0,0,0
0,0,0,0,0,0,0,0,0,0,0,0,0,0,0,0,0,0,0,0,0,0,0,0,0,0,0,0,0,0,0,0,0,420.297,627.719,589.843,599.263,547.123,610.594,614.815,590.123,565.163,526.218,557.939,583.055,587.843,539.534,557.621,589.52,630.835,553.023,555.17,579.272,612.668,500.754,601.731,546.372,594.736,554.508,587.82,654.984,591.482,550.703,570.469,574.234,590.391,362.134,0,0,0,0,0,0,0,0,0,0,0,0,0,0,0,0,0,0,0,0,0,0,0,0,0,0,0,0,0,0,0,0,0
0,0,0,0,0,0,0,0,0,0,0,0,0,0,0,0,0,0,0,0,0,0,0,0,0,0,0,0,0,0,0,0,0,421.274,540.41,519.602,558.567,518.69,575.308,558.361,599.612,536.787,515.501,573.751,564.292,622.764,608.326,589.011,551.472,569.321,539.429,561.211,568.899,558.506,531.172,564.093,543.269,590.055,642.651,578.765,545.997,581.28,593.52,567.339,625.822,583.634,411.916,0,0,0,0,0,0,0,0,0,0,0,0,0,0,0,0,0,0,0,0,0,0,0,0,0,0,0,0,0,0,0,0,0
0,0,0,0,0,0,0,0,0,0,0,0,0,0,0,0,0,0,0,0,0,0,0,0,0,0,0,0,0,0,0,0,0,344.48,591.08,538.127,562.805,476.577,553.761,564.928,589.061,528.686,616.3,605.923,570.588,525.959,565.559,556.964,556.278,550.97,545.317,597.185,579.249,600.773,508.71,615.356,625.373,572.232,578.697,586.226,518.125,505.657,575.547,471.93,541.087,562.973,347.885,0,0,0,0,0,0,0,0,0,0,0,0,0,0,0,0,0,0,0,0,0,0,0,0,0,0,0,0,0,0,0,0,0
0,0,0,0,0,0,0,0,0,0,0,0,0,0,0,0,0,0,0,0,0,0,0,0,0,0,0,0,0,0,0,0,0,358.516,575.821,531.172,648.543,575.647,627.744,621.253,504.473,508.945,472.069,544.751,493.663,523.975,544.61,572.933,622.816,566.375,530.11,559.85,596.526,557.039,498.186,544.623,559.722,543.36,589.635,584.686,613.074,571.847,516.82,525.489,568.707,547.264,328.564,0,0,0,0,0,0,0,0,0,0,0,0,0,0,0,0,0,0,0,0,0,0,0,0,0,0,0,0,0,0,0,0,0
0,0,0,0,0,0,0,0,0,0,0,0,0,0,0,0,0,0,0,0,0,0,0,0,0,0,0,0,0,0,0,0,0,367.003,559.705,502.475,533.191,570.796,534.941,559.892,577.681,499.796,505.942,583.084,548.551,521.113,538.196,548.472,538.928,563.616,550.68,607.326,564.472,545.026,534.668,527.015,561.666,533.753,521.466,505.124,563.341,560.487,517.946,543.716,562.965,529.763,319.305,0,0,0,0,0,0,0,0,0,0,0,0,0,0,0,0,0,0,0,0,0,0,0,0,0,0,0,0,0,0,0,0,0
0,0,0,0,0,0,0,0,0,0,0,0,0,0,0,0,0,0,0,0,0,0,0,0,0,0,0,0,0,0,0,0,0,365.048,576.684,537.795,601.722,537.517,562.012,533.52,573.145,605.937,515.141,525.732,532.202,582.185,472.697,556.845,517.131,496.678,514.913,579.579,552.206,575.233,571.866,578.746,560.193,582.549,540.423,512.314,514.213,581.695,545.099,537.683,590.032,519.318,341.304,0,0,0,0,0,0,0,0,0,0,0,0,0,0,0,0,0,0,0,0,0,0,0,0,0,0,0,0,0,0,0,0,0
0,0,0,0,0,0,0,0,0,0,0,0,0,0,0,0,0,0,0,0,0,0,0,0,0,0,0,0,0,0,0,0,0,345.362,548.747,464.423,542.526,474.16,479.543,535.83,507.351,524.768,442.954,518.272,577.302,577.032,512.22,541.939,559.058,544.551,594.348,550.502,537.423,476.537,536.4,548.589,542.073,618.337,568.084,534.851,517.032,509.709,526.237,533.202,552.164,510.365,364.361,0,0,0,0,0,0,0,0,0,0,0,0,0,0,0,0,0,0,0,0,0,0,0,0,0,0,0,0,0,0,0,0,0
0,0,0,0,0,0,0,0,0,0,0,0,0,0,0,0,0,0,0,0,0,0,0,0,0,0,0,0,0,0,0,0,0,385.993,530.912,438.252,557.424,536.555,562.053,515.008,497.973,454.253,578.011,504.775,522.717,487.753,526.899,447.063,565.899,501.479,537.001,558.9,557.45,486.235,529.742,552.83,521.782,517.829,484.385,605.823,568.057,496.222,564.665,564.818,512.733,551.095,361.528,0,0,0,0,0,0,0,0,0,0,0,0,0,0,0,0,0,0,0,0,0,0,0,0,0,0,0,0,0,0,0,0,0
0,0,0,0,0,0,0,0,0,0,0,0,0,0,0,0,0,0,0,0,0,0,0,0,0,0,0,0,0,0,0,0,0,389.08,536.559,564.679,542.64,435.668,530.869,505.688,559.844,533.058,532.958,453.644,426.055,525.103,531.129,551.643,525.361,515.832,484.202,529.406,517.992,512.664,465.202,523.007,482.754,482.195,452.006,493.853,535.081,436.077,485.749,450.847,532.899,508.675,359.816,0,0,0,0,0,0,0,0,0,0,0,0,0,0,0,0,0,0,0,0,0,0,0,0,0,0,0,0,0,0,0,0,0
0,0,0,0,0,0,0,0,0,0,0,0,0,0,0,0,0,0,0,0,0,0,0,0,0,0,0,0,0,0,0,0,0,301.323,537.356,465.622,473.966,479.527,490.488,516.915,575.077,586.063,538.309,527.647,458.496,493.528,557.7,559.626,524.34,523.717,521.919,494.529,407.755,496.823,492.715,504.765,443.294,513.438,511.422,514.78,447.9,549.574,555.964,469.031,515.962,493.405,363.597,0,0,0,0,0,0,0,0,0,0,0,0,0,0,0,0,0,0,0,0,0,0,0,0,0,0,0,0,0,0,0,0,0
0,0,0,0,0,0,0,0,0,0,0,0,0,0,0,0,0,0,0,0,0,0,0,0,0,0,0,0,0,0,0,0,0,313.183,506.427,462.671,516.17,494.07,449.178,527.159,567.485,435.412,419.894,532.671,485.059,520.592,518.287,493.185,492.488,487.792,458.588,519.377,493.207,518.917,469.372,481.107,499.435,458.426,522.941,488.863,463.986,402.441,520.631,520.82,448.291,484.431,340.574,0,0,0,0,0,0,0,0,0,0,0,0,0,0,0,0,0,0,0,0,0,0,0,0,0,0,0,0,0,0,0,0,0
0,0,0,0,0,0,0,0,0,0,0,0,0,0,0,0,0,0,0,0,0,0,0,0,0,0,0,0,0,0,0,0,0,340.782,512.393,477.352,502.848,481.63,489.178,500.74,491.144,504.763,554.231,476,468.961,531.246,494.205,494.183,563.954,482.235,490.098,523.155,456.015,553.599,437.242,445.645,450.314,546.257,477.792,464.261,510.525,569.911,508.76,478.507,511.073,527.234,346.197,0,0,0,0,0,0,0,0,0,0,0,0,0,0,0,0,0,0,0,0,0,0,0,0,0,0,0,0,0,0,0,0,0
0,0,0,0,0,0,0,0,0,0,0,0,0,0,0,0,0,0,0,0,0,0,0,0,0,0,0,0,0,0,0,0,0,337.846,486.915,490.92,556.381,510.24,485.439,555.432,457.531,520.869,421.64,445.44,481.339,446.931,535.015,547.289,526.948,457.692,501.619,514.512,567.08,463.376,487.358,464.499,469.901,528.887,499.672,472.343,448.571,520.765,456.148,468.413,481.413,456.681,365.228,0,0,0,0,0,0,0,0,0,0,0,0,0,0,0,0,0,0,0,0,0,0,0,0,0,0,0,0,0,0,0,0,0
0,0,0,0,0,0,0,0,0,0,0,0,0,0,0,0,0,0,0,0,0,0,0,0,0,0,0,0,0,0,0,0,0,340.893,492.107,527.913,450.288,480.15,473.417,457.871,462.703,534.167,541.238,467.906,509.184,448.529,465.099,489.134,507.966,500.446,492.908,516.669,484.454,463.375,454.893,509.394,505.746,421.884,528.506,483.452,512.384,443.046,480.22,526.357,480.478,382.837,324.6,0,0,0,0,0,0,0,0,0,0,0,0,0,0,0,0,0,0,0,0,0,0,0,0,0,0,0,0,0,0,0,0,0
0,0,0,0,0,0,0,0,0,0,0,0,0,0,0,0,0,0,0,0,0,0,0,0,0,0,0,0,0,0,0,0,0,263.676,427.532,416.77,477.313,465.437,523.787,418.445,555.018,479.557,487.049,439.724,478.929,465.735,471.704,457.233,542.095,443.991,428.962,432.304,450.793,508.708,455.414,494.683,507.993,478.472,478.34,479.244,487.323,466.679,526.159,447.256,573.852,497.12,263.989,0,0,0,0,0,0,0,0,0,0,0,0,0,0,0,0,0,0,0,0,0,0,0,0,0,0,0,0,0,0,0,0,0
0,0,0,0,0,0,0,0,0,0,0,0,0,0,0,0,0,0,0,0,0,0,0,0,0,0,0,0,0,0,0,0,0,378.658,519.984,479.168,459.883,511.826,459.998,469.739,449.52,426.029,462.543,537.436,423.31,520.944,443.831,422.514,479.391,447.462,452.022,447.145,500.28,446.968,457.35,383.436,550.024,456.894,469.113,387.209,501.79,417.677,465.301,409.611,495.262,459.95,260.743,0,0,0,0,0,0,0,0,0,0,0,0,0,0,0,0,0,0,0,0,0,0,0,0,0,0,0,0,0,0,0,0,0
0,0,0,0,0,0,0,0,0,0,0,0,0,0,0,0,0,0,0,0,0,0,0,0,0,0,0,0,0,0,0,0,0,317.331,441.337,492.554,456.405,439.656,468.539,427.142,439.693,448.34,414.522,470.277,430.722,452.203,448.338,473.346,451.027,424.476,442.523,451.518,500.159,434.317,394.168,457.314,416.368,427.881,464.573,497.162,426.724,435.495,482.5,431.147,400.473,402.954,315.747,0,0,0,0,0,0,0,0,0,0,0,0,0,0,0,0,0,0,0,0,0,0,0,0,0,0,0,0,0,0,0,0,0
0,0,0,0,0,0,0,0,0,0,0,0,0,0,0,0,0,0,0,0,0,0,0,0,0,0,0,0,0,0,0,0,0,304.482,469.886,494.195,405.858,410.496,461.743,481.07,433.013,441.338,407.752,402.695,431.177,452.385,402.851,464.548,428.939,481.378,424.148,507.803,454.528,420.442,427.543,464.154,423.153,474.983,432.652,497.649,434.243,417.581,516.139,457.301,470.714,485.43,263.645,0,0,0,0,0,0,0,0,0,0,0,0,0,0,0,0,0,0,0,0,0,0,0,0,0,0,0,0,0,0,0,0,0
0,0,0,0,0,0,0,0,0,0,0,0,0,0,0,0,0,0,0,0,0,0,0,0,0,0,0,0,0,0,0,0,0,308.006,472.406,416.021,402.43,457.551,453.799,417.319,411.78,405.81,465.791,433.737,457.51,479.191,377.661,413.847,406.436,443.927,471.679,470.918,391.013,417.536,461.76,433.919,401.501,440.855,516.466,366.854,445.579,410.091,473.19,474.479,455.237,419.284,251.053,0,0,0,0,0,0,0,0,0,0,0,0,0,0,0,0,0,0,0,0,0,0,0,0,0,0,0,0,0,0,0,0,0
0,0,0,0,0,0,0,0,0,0,0,0,0,0,0,0,0,0,0,0,0,0,0,0,0,0,0,0,0,0,0,0,0,264.908,420.519,437.473,424.382,462.616,408.54,517.944,439.023,394.035,434.423,412.679,400.14,422.631,418.778,397.152,420.828,472.487,442.942,468.257,432.028,413.915,432.445,447.141,417.215,416.759,404.455,484.89,449.752,410.732,470.96,436.384,477.138,449.596,384.907,0,0,0,0,0,0,0,0,0,0,0,0,0,0,0,0,0,0,0,0,0,0,0,0,0,0,0,0,0,0,0,0,0
0,0,0,0,0,0,0,0,0,0,0,0,0,0,0,0,0,0,0,0,0,0,0,0,0,0,0,0,0,0,0,0,0,296.929,446.854,434.156,461.584,434.819,473.839,468.169,445.994,411.928,410.527,453.232,398.998,420.333,411.025,446.459,400.474,443.128,469.403,390.636,377.87,471.504,403.469,405.111,501.699,459.839,387.763,427.112,486.66,429.461,394.744,412.982,416.711,453.484,249.787,0,0,0,0,0,0,0,0,0,0,0,0,0,0,0,0,0,0,0,0,0,0,0,0,0,0,0,0,0,0,0,0,0
0,0,0,0,0,0,0,0,0,0,0,0,0,0,0,0,0,0,0,0,0,0,0,0,0,0,0,0,0,0,0,0,0,271.05,403.801,450.134,452.174,480.284,471.476,434.061,438.019,410.204,471.653,448.756,479.42,418.198,353.683,403.419,437.551,395.199,453.828,465.243,380.689,432.845,414.448,417.204,409.913,411.75,445.567,405.231,406.998,420.475,439.4,401.56,356.098,448.767,309.768,0,0,0,0,0,0,0,0,0,0,0,0,0,0,0,0,0,0,0,0,0,0,0,0,0,0,0,0,0,0,0,0,0
0,0,0,0,0,0,0,0,0,0,0,0,0,0,0,0,0,0,0,0,0,0,0,0,0,0,0,0,0,0,0,0,0,279.736,425.199,418.281,447.399,389.376,390.872,454.86,485.155,412.477,397.133,426.647,390.083,390.752,372.85,395.054,413.097,383.942,393.082,410.357,411.37,432.054,375.983,461.99,416.639,419.957,438.849,395.939,428.469,406.072,408.699,397.076,440.67,462.482,286.707,0,0,0,0,0,0,0,0,0,0,0,0,0,0,0,0,0,0,0,0,0,0,0,0,0,0,0,0,0,0,0,0,0
0,0,0,0,0,0,0,0,0,0,0,0,0,0,0,0,0,0,0,0,0,0,0,0,0,0,0,0,0,0,0,0,0,299.814,368.831,431.644,400.94,414.52,423.15,390.891,381.13,429.154,428.074,430.246,368.236,440.249,390.849,491.433,407.088,412.917,397.007,389.041,450.584,410.024,432.082,358.134,436.469,455.012,467.757,405.951,440.527,362.177,415.014,443.99,377.958,425.517,264.977,0,0,0,0,0,0,0,0,0,0,0,0,0,0,0,0,0,0,0,0,0,0,0,0,0,0,0,0,0,0,0,0,0
0,0,0,0,0,0,0,0,0,0,0,0,0,0,0,0,0,0,0,0,0,0,0,0,0,0,0,0,0,0,0,0,0,244.118,430.669,379.017,441.528,445.072,347.413,400.983,429.569,373.997,406.502,375.473,384.403,399.764,460.738,409.414,422.242,442.676,325.808,443.152,417.553,382.12,440.297,429.066,455.836,427.4,434.682,383.554,423.525,402.251,368.92,422.199,352.874,406.931,260.584,0,0,0,0,0,0,0,0,0,0,0,0,0,0,0,0,0,0,0,0,0,0,0,0,0,0,0,0,0,0,0,0,0
0,0,0,0,0,0,0,0,0,0,0,0,0,0,0,0,0,0,0,0,0,0,0,0,0,0,0,0,0,0,0,0,0,213.407,378.58,441.512,380.585,450.557,440.253,415.312,456.213,388.137,375.022,399.695,371.295,365.19,384.641,461.844,440.783,388.061,423.879,462.832,452.731,367.979,373.907,378.154,407.283,322.525,423.136,395.261,396.657,407.641,376.078,364.109,361.894,423.464,243.96,0,0,0,0,0,0,0,0,0,0,0,0,0,0,0,0,0,0,0,0,0,0,0,0,0,0,0,0,0,0,0,0,0
0,0,0,0,0,0,0,0,0,0,0,0,0,0,0,0,0,0,0,0,0,0,0,0,0,0,0,0,0,0,0,0,0,273.56,404.513,390.593,360.658,448.483,379.06,312.162,421.631,391.266,389.103,416.97,374.348,394.652,390.172,385.828,355.304,355.905,384.631,312.238,452.099,403.451,417.884,406.615,419.906,442.909,358.266,442.177,453.595,447.502,376.021,501.696,378.524,379.976,253.068,0,0,0,0,0,0,0,0,0,0,0,0,0,0,0,0,0,0,0,0,0,0,0,0,0,0,0,0,0,0,0,0,0
0,0,0,0,0,0,0,0,0,0,0,0,0,0,0,0,0,0,0,0,0,0,0,0,0,0,0,0,0,0,0,0,0,245.626,414.93,362.444,465.562,375.56,381.469,369.49,415.162,363.635,398.733,383.14,326.901,441.266,350.502,441.927,342.608,409.421,421.527,408.326,368.437,358.18,336.673,366.052,416.425,412.356,340.359,408.336,386.531,410.147,388.897,395.111,395.496,411.655,235.088,0,0,0,0,0,0,0,0,0,0,0,0,0,0,0,0,0,0,0,0,0,0,0,0,0,0,0,0,0,0,0,0,0
0,0,0,0,0,0,0,0,0,0,0,0,0,0,0,0,0,0,0,0,0,0,0,0,0,0,0,0,0,0,0,0,0,285.847,393.822,352.609,370.143,388.244,389.339,345.643,390.913,343.257,391.183,382.602,374.89,397.717,374.886,414.095,361.083,389.823,335.337,381.994,345.39,406.484,381.436,410.135,441.269,311.102,428.013,351.294,360.559,334.334,447.375,352.548,411.083,379.469,250.142,0,0,0,0,0,0,0,0,0,0,0,0,0,0,0,0,0,0,0,0,0,0,0,0,0,0,0,0,0,0,0,0,0
0,0,0,0,0,0,0,0,0,0,0,0,0,0,0,0,0,0,0,0,0,0,0,0,0,0,0,0,0,0,0,0,0,307.328,369.845,341.533,357.226,388.327,381.01,334.615,389.006,316.146,359.406,368.678,363.287,393.191,367.194,401.597,346.047,388.929,385.259,361.864,378.14,378.699,367.835,400.906,338.829,330.16,412.118,391.979,334.804,387.856,364.142,348.495,360.669,392.994,210.759,0,0,0,0,0,0,0,0,0,0,0,0,0,0,0,0,0,0,0,0,0,0,0,0,0,0,0,0,0,0,0,0,0
0,0,0,0,0,0,0,0,0,0,0,0,0,0,0,0,0,0,0,0,0,0,0,0,0,0,0,0,0,0,0,0,0,221.858,373.541,337.017,354.001,354.473,359.796,432.194,388.095,351.591,360.606,422.746,412.561,370.116,313.596,392.588,357.155,396.111,379.171,293.168,425.341,296.515,393.965,411.71,372.563,370.848,393.28,361.712,407.304,357.686,365.22,354.472,352.42,331.739,223.444,0,0,0,0,0,0,0,0,0,0,0,0,0,0,0,0,0,0,0,0,0,0,0,0,0,0,0,0,0,0,0,0,0
0,0,0,0,0,0,0,0,0,0,0,0,0,0,0,0,0,0,0,0,0,0,0,0,0,0,0,0,0,0,0,0,0,229.666,360.815,376.782,391.533,381.836,367.315,385.945,407.246,339.906,429.03,375.482,379.802,417.483,374.99,400.229,354.278,371.287,391.977,337.976,326.618,332.93,346.561,346.62,346.844,361.846,353.989,323.387,374.169,302.366,338.416,381.653,369.425,354.057,234.534,0,0,0,0,0,0,0,0,0,0,0,0,0,0,0,0,0,0,0,0,0,0,0,0,0,0,0,0,0,0,0,0,0
0,0,0,0,0,0,0,0,0,0,0,0,0,0,0,0,0,0,0,0,0,0,0,0,0,0,0,0,0,0,0,0,0,216.792,381.297,320.638,342.832,335.929,397.712,341.272,330.791,382.145,381.746,341.108,361.328,347.57,393.224,360.965,415.173,334.104,397.973,342.47,359.048,357.818,340.506,373.821,288.668,394.7,367.865,333.893,401.246,394.248,372.322,413.326,328,401.974,229.77,0,0,0,0,0,0,0,0,0,0,0,0,0,0,0,0,0,0,0,0,0,0,0,0,0,0,0,0,0,0,0,0,0
0,0,0,0,0,0,0,0,0,0,0,0,0,0,0,0,0,0,0,0,0,0,0,0,0,0,0,0,0,0,0,0,0,230.914,355.133,336.175,331.603,342.347,354.303,374.59,350.565,393.235,352.387,336.797,356.653,394.075,360.077,396.512,333.485,334.193,321.872,348.168,374.892,322.935,385.535,351.491,334.329,321.232,396.036,378.081,389.427,325.899,372.715,328.043,344.445,339.043,204.886,0,0,0,0,0,0,0,0,0,0,0,0,0,0,0,0,0,0,0,0,0,0,0,0,0,0,0,0,0,0,0,0,0
0,0,0,0,0,0,0,0,0,0,0,0,0,0,0,0,0,0,0,0,0,0,0,0,0,0,0,0,0,0,0,0,0,226.133,346.096,344.416,351.675,355.676,299.969,347.977,318.672,324.96,409.516,347.371,316.384,409.046,321.388,346.792,348.211,395.172,369.971,337.299,403.979,326.856,362.824,332.158,355.256,392.912,323.852,319.256,352.908,319.489,392.983,329.132,358.671,335.263,207.579,0,0,0,0,0,0,0,0,0,0,0,0,0,0,0,0,0,0,0,0,0,0,0,0,0,0,0,0,0,0,0,0,0
0,0,0,0,0,0,0,0,0,0,0,0,0,0,0,0,0,0,0,0,0,0,0,0,0,0,0,0,0,0,0,0,0,220.814,331.17,325.768,391,343.543,307.6,366.382,293.659,268.896,330.487,338.973,349.9,350.879,358.468,365.018,388.976,336.083,347.808,330.095,326.237,369.423,340.175,350.683,350.684,337.937,323.514,336.204,362.493,422.661,351.758,319.887,328.828,336.572,244.115,0,0,0,0,0,0,0,0,0,0,0,0,0,0,0,0,0,0,0,0,0,0,0,0,0,0,0,0,0,0,0,0,0
0,0,0,0,0,0,0,0,0,0,0,0,0,0,0,0,0,0,0,0,0,0,0,0,0,0,0,0,0,0,0,0,0,207.746,340.836,319.465,357.69,354.206,398.411,329.148,347.446,329.596,319.489,340.406,361.735,324.539,326.877,312.493,402.266,317.02,350.455,346.398,433.59,332.725,377.565,375.836,391.49,339.777,326.38,270.303,342.444,375.272,324.743,305.291,331.789,365.564,197.853,0,0,0,0,0,0,0,0,0,0,0,0,0,0,0,0,0,0,0,0,0,0,0,0,0,0,0,0,0,0,0,0,0
0,0,0,0,0,0,0,0,0,0,0,0,0,0,0,0,0,0,0,0,0,0,0,0,0,0,0,0,0,0,0,0,0,208.171,328.462,393.555,344.458,293.176,343.255,321.362,319.057,343.023,340.972,310.395,319.558,322.144,358.975,354.449,349.428,321.148,372.448,310.294,318.626,329.349,316.261,270.595,384.276,345.092,331.766,341.727,359.399,317.605,272.191,331.653,325.971,335.006,182.734,0,0,0,0,0,0,0,0,0,0,0,0,0,0,0,0,0,0,0,0,0,0,0,0,0,0,0,0,0,0,0,0,0
0,0,0,0,0,0,0,0,0,0,0,0,0,0,0,0,0,0,0,0,0,0,0,0,0,0,0,0,0,0,0,0,0,224.352,315.015,320.625,360.268,339.591,399.651,316.884,342.494,307.752,322.147,349.384,342.815,295.635,322.599,348.553,348.91,349.562,322.411,360.443,339.079,280.116,332.802,304.604,322.003,337.806,354.189,293.754,358.221,354.594,353.311,316.629,373.467,287.899,243.985,0,0,0,0,0,0,0,0,0,0,0,0,0,0,0,0,0,0,0,0,0,0,0,0,0,0,0,0,0,0,0,0,0
0,0,0,0,0,0,0,0,0,0,0,0,0,0,0,0,0,0,0,0,0,0,0,0,0,0,0,0,0,0,0,0,0,206.911,270.828,326.152,327.765,336.89,323.153,339.574,374.463,344.537,348.912,326.031,308.316,263.966,382.561,312.648,359.089,308.459,321.656,380.425,320.388,322.033,308.07,324.197,306.677,338.211,330.801,335.973,320.229,320.388,339.701,318.094,353.906,363.272,244.436,0,0,0,0,0,0,0,0,0,0,0,0,0,0,0,0,0,0,0,0,0,0,0,0,0,0,0,0,0,0,0,0,0
0,0,0,0,0,0,0,0,0,0,0,0,0,0,0,0,0,0,0,0,0,0,0,0,0,0,0,0,0,0,0,0,0,214.441,335.466,310.941,308.606,274.167,298.388,321.199,326.581,310.677,322.931,384.196,330.919,363.843,321.271,337.179,362.982,352.224,309.123,328.617,319.943,330.9,317.887,363.595,286.353,352.016,289.756,324.503,294.68,340.155,309.284,331.319,319.046,354.052,237.168,0,0,0,0,0,0,0,0,0,0,0,0,0,0,0,0,0,0,0,0,0,0,0,0,0,0,0,0,0,0,0,0,0
0,0,0,0,0,0,0,0,0,0,0,0,0,0,0,0,0,0,0,0,0,0,0,0,0,0,0,0,0,0,0,0,0,228.034,364.731,345.479,322.519,299.949,295.987,300.04,319.054,343.519,314.15,315.556,340.664,298.268,313.84,334.374,291.522,313.492,385.154,325.558,303.859,279.734,269.087,340.728,309.261,365.368,321.033,346.111,316.908,354.409,367.765,330.74,378.888,321.759,240.985,0,0,0,0,0,0,0,0,0,0,0,0,0,0,0,0,0,0,0,0,0,0,0,0,0,0,0,0,0,0,0,0,0
0,0,0,0,0,0,0,0,0,0,0,0,0,0,0,0,0,0,0,0,0,0,0,0,0,0,0,0,0,0,0,0,0,232.029,331.596,302.039,349.737,331.907,321.808,332.196,256.611,325.187,379.896,342.722,295.845,315.923,280.877,312.734,346.091,340.691,288.282,337.642,316.008,313.232,328.479,282.236,300.547,371.716,300.803,398.256,311.226,298.248,260.749,325.064,375.805,314.883,201.304,0,0,0,0,0,0,0,0,0,0,0,0,0,0,0,0,0,0,0,0,0,0,0,0,0,0,0,0,0,0,0,0,0
0,0,0,0,0,0,0,0,0,0,0,0,0,0,0,0,0,0,0,0,0,0,0,0,0,0,0,0,0,0,0,0,0,171.117,299.899,279.849,282.943,338.409,308.797,287.74,355.161,349.757,322.035,262.452,387.78,343.287,317.339,287.799,301.851,325.458,281.143,346.402,299.575,295.592,297.093,269.71,310.908,300.755,325.348,271.612,310.621,281.02,315.059,264.838,303.125,281.174,142.753,0,0,0,0,0,0,0,0,0,0,0,0,0,0,0,0,0,0,0,0,0,0,0,0,0,0,0,0,0,0,0,0,0
0,0,0,0,0,0,0,0,0,0,0,0,0,0,0,0,0,0,0,0,0,0,0,0,0,0,0,0,0,0,0,0,0,179.4,300.539,300.911,335.794,263.669,280.728,343.904,329.095,334.721,331.263,282.954,302.473,275.531,375.128,298.216,309.483,327.66,306.854,288.051,312.483,293.128,323.092,309.161,335.198,292.958,280.841,314.556,322.007,340.942,298.334,302.759,296.313,280.463,166.467,0,0,0,0,0,0,0,0,0,0,0,0,0,0,0,0,0,0,0,0,0,0,0,0,0,0,0,0,0,0,0,0,0
0,0,0,0,0,0,0,0,0,0,0,0,0,0,0,0,0,0,0,0,0,0,0,0,0,0,0,0,0,0,0,0,0,236.284,296.147,311.883,317.815,283.819,303.295,317.424,303.03,302.152,313.16,324.167,262.236,335.862,294.872,331.155,325.468,298.152,285.571,270.767,333.582,294.403,338.392,247.298,265.259,314.973,310.352,366.734,281.028,291.616,307.729,339.658,269.459,256.393,244.446,0,0,0,0,0,0,0,0,0,0,0,0,0,0,0,0,0,0,0,0,0,0,0,0,0,0,0,0,0,0,0,0,0
0,0,0,0,0,0,0,0,0,0,0,0,0,0,0,0,0,0,0,0,0,0,0,0,0,0,0,0,0,0,0,0,0,200.19,288.624,296.376,259.544,273.811,298.183,263.521,345.742,267.467,264.028,324.138,341.081,255.8,325.307,309.499,303.49,287.895,294.427,262.913,311.565,315.618,311.67,340.017,299.621,283.536,303.201,257.291,316.23,294.821,315.16,310.183,357.451,297.957,227.414,0,0,0,0,0,0,0,0,0,0,0,0,0,0,0,0,0,0,0,0,0,0,0,0,0,0,0,0,0,0,0,0,0
0,0,0,0,0,0,0,0,0,0,0,0,0,0,0,0,0,0,0,0,0,0,0,0,0,0,0,0,0,0,0,0,0,221.317,331.757,315.721,294.265,313.279,270.711,242.365,248.406,329.097,368.974,280.926,285.135,332.018,316.478,286.969,282.313,269.877,245.016,325.403,283.397,320.739,373.509,296.272,328.039,304.576,264.428,304.881,324.45,304.923,280.175,309.612,275.359,238.301,218.864,0,0,0,0,0,0,0,0,0,0,0,0,0,0,0,0,0,0,0,0,0,0,0,0,0,0,0,0,0,0,0,0,0
0,0,0,0,0,0,0,0,0,0,0,0,0,0,0,0,0,0,0,0,0,0,0,0,0,0,0,0,0,0,0,0,0,164.688,310.258,272.626,273.239,320.538,295.4,333.783,323.47,274.751,303.524,267.571,260.022,334.385,321.157,307.044,366.172,271.31,290.531,268.199,277.553,266.544,345.646,296.903,306.002,301.316,313.815,276.919,255.915,278.765,282.447,252.861,334.627,330.674,205.889,0,0,0,0,0,0,0,0,0,0,0,0,0,0,0,0,0,0,0,0,0,0,0,0,0,0,0,0,0,0,0,0,0
0,0,0,0,0,0,0,0,0,0,0,0,0,0,0,0,0,0,0,0,0,0,0,0,0,0,0,0,0,0,0,0,0,166.025,270.035,301.903,325.244,278.131,319.546,306.143,249.344,333.936,270.075,269.529,270.609,300.137,289.877,276.853,310.513,298.641,288.805,282.447,369.597,293.932,352.518,310.242,286.095,298.682,307.216,240.22,289.115,313.414,296.25,260.069,259.311,247.735,185.689,0,0,0,0,0,0,0,0,0,0,0,0,0,0,0,0,0,0,0,0,0,0,0,0,0,0,0,0,0,0,0,0,0
