0.445766,0.719579,1.32203,0.789031,1.55817,0.905446,0.792786,1.50761,0.812865,1.91729,2.00872,1.45366,1.73768,1.7313,2.15971,2.32471,2.36943,2.67362,2.80149,2.62048,2.8946,3.17152,2.73018,2.97156,2.77387,4.97527,3.88375,5.49082,4.66092,4.82343,5.53719,5.64209,7.93903,400.089,663.469,630.795,652.136,618.777,659.594,675.039,651.636,644.962,597.075,658.672,607.433,643.226,689.229,675.206,684.456,659.056,689.614,702.186,651.994,720.751,660.68,654.922,630.507,716.636,644.164,670.877,669.757,673.13,668.588,575.214,747.783,612.231,452.405,7.91671,6.56432,4.87253,4.7452,4.29093,4.73419,4.16861,3.74943,3.02347,3.71192,2.83082,2.60919,3.42348,3.29813,3.12111,2.18181,2.12003,1.8714,2.20799,2.05269,2.37381,0.879036,1.56956,1.51308,0.843748,1.06937,1.01736,0.87404,1.09342,0.9425,0.709994,1.29229,1.14573
0.59682,0.637769,0.997454,1.20937,1.48119,1.27553,1.62858,1.63156,1.13619,1.48599,1.65578,2.27303,1.71849,2.04794,1.93531,2.348,2.54605,2.06631,1.78052,2.7825,3.24268,3.53209,2.75427,3.42121,2.8823,4.69589,3.53273,4.42081,5.28761,6.45617,5.96517,6.97106,9.8722,427.726,610.974,643.827,651.612,682.898,704.357,589.121,694.394,668.122,711.518,638.232,645.143,654.872,649.05,596.656,682.831,639.037,623.154,725.336,646.679,649.462,662.759,590.807,657.003,677.876,661.415,644.854,680.579,610.738,672.888,662.522,596.411,698.945,468.708,8.05886,8.46658,5.74063,6.02718,5.64035,5.5549,3.91966,3.16049,4.14291,4.22199,2.8687,4.25232,2.76115,3.03808,2.04287,2.57713,1.67214,2.67944,2.31463,1.72776,1.86195,1.48199,1.58425,1.11312,1.19973,1.56118,1.32373,1.94079,1.23186,1.12031,1.28725,0.941632,0.634228
0.715257,1.41438,1.21946,1.33535,1.32511,0.770384,2.051,0.881034,1.97258,1.32905,1.84458,1.49797,1.40166,2.18151,2.64864,2.4504,2.98658,3.72344,2.96358,2.17058,3.44926,3.18891,3.44979,4.83394,3.91772,4.72835,4.0564,5.0158,6.76669,7.0658,7.81629,7.33843,10.3215,451.212,634.62,657.978,679.927,584.395,677.775,655.781,587.673,699.626,657.994,650.899,701.714,632.123,637.581,658.358,645.4,611.585,646.65,631.559,637.078,736.36,704.625,652.662,665.503,632.874,642.805,602.283,674.908,610.897,679.674,600.391,608.186,672.325,451.741,13.4963,10.2625,7.3373,6.57223,5.69064,6.10951,4.6083,4.15367,3.88351,4.3488,3.23748,3.45377,3.92193,2.615,3.92923,2.72189,2.46208,1.85825,1.6776,2.64044,2.21468,2.23399,1.78178,2.008,1.05649,1.52264,1.17828,1.54766,1.25841,0.938457,1.35169,1.19809,0.644469
1.59836,0.83032,0.781464,1.38098,2.29972,1.67791,1.60284,1.21922,1.69173,1.83571,1.16623,1.07738,2.75448,2.28434,2.25627,2.75084,3.33964,2.78856,3.66271,3.21564,4.43444,4.08108,3.74996,4.11767,3.26911,5.11431,5.96901,6.69103,6.48375,7.86591,8.98857,9.72416,12.1304,451.114,649.475,609.178,634.195,634.856,628.419,613.513,638.716,604.129,707.285,668.313,642.271,670.595,651.972,645.803,644.805,692.029,651.532,641.41,636.527,648.821,633.916,605.432,665.717,686.308,661.503,622.025,640.969,596.787,661.222,635.812,641.706,686.071,427.975,11.3915,10.7014,8.96406,7.14866,7.93627,7.35573,5.72394,4.96665,3.92523,4.88179,5.19289,3.39907,2.97677,2.85505,2.6748,3.16249,2.36373,2.67981,1.97606,2.32416,1.03497,1.72905,1.70572,1.74831,1.52742,2.46966,1.85858,1.59086,1.08578,1.76946,1.41314,1.42802,0.267515
1.37638,1.12045,1.1572,1.16402,1.29871,2.1359,1.23216,1.77947,1.80949,2.26411,2.08802,2.21794,2.2499,2.38576,2.10698,2.4666,2.84531,2.85796,2.44062,3.91027,2.99914,2.66757,4.12842,3.84916,4.75915,7.05605,5.44149,6.34056,7.94872,9.03212,7.62671,9.70203,16.8168,497.422,631.689,592.883,628.965,669.353,645.101,673.182,648.428,665.555,644.226,639.555,652.717,674.225,685.212,714.854,680.762,687.242,656.637,648.303,702.632,618.256,672.272,647.442,641.373,603.654,623.517,675.104,693.411,628.78,577.309,589.801,699.692,597.886,338.535,17.5212,12.7808,8.30913,7.79508,7.491,6.47689,4.83655,5.73719,3.83676,3.31903,4.88979,4.54122,3.65968,3.65236,2.94294,3.39983,3.36854,1.93881,2.82088,2.3102,3.1648,2.64544,1.45504,2.22806,1.45123,2.24456,1.43571,1.20484,1.41725,0.815998,1.45773,1.35166,0.746424
1.6394,0.836639,1.15218,1.19075,1.55178,1.52958,2.21245,0.884785,2.76367,1.50242,2.61631,2.16222,2.81519,3.44165,2.20892,3.18148,3.04221,3.47583,4.30035,3.48032,4.181,4.01806,4.40966,5.7502,5.1372,5.75606,6.25151,7.50833,7.83918,9.07556,9.68076,13.2216,17.554,406.033,622.754,590.836,613.248,614.437,643.953,642.588,664.51,677.305,646.374,616.675,617.86,698.728,659.179,650.47,627.989,659.243,688.92,680.368,620.52,650.53,657.555,658.518,641.445,611.112,642.088,599.277,621.693,661.808,666.844,594.368,618.879,610.143,451.878,17.9403,12.596,10.0983,9.39689,7.66701,9.72471,5.98273,5.5138,5.48084,6.08404,5.15778,4.40965,2.89221,4.14266,3.07847,2.28875,2.83694,2.58624,3.33635,3.13731,2.42104,2.79401,3.02532,2.0303,1.79584,1.58003,2.1175,1.93806,1.19038,1.24227,1.66602,1.34789,1.06366
1.044,1.29175,1.71892,1.18332,2.71343,2.24845,3.04342,1.83452,1.9796,2.20782,2.4098,1.67353,3.01729,3.18897,2.42502,3.32236,3.5908,2.44405,4.35876,4.67312,4.76007,6.15441,5.62695,6.98331,5.75384,5.59859,10.2357,8.88442,9.86921,8.67712,13.5802,13.2953,15.8796,463.062,644.263,619.135,659.18,683.423,616.62,609.948,577.99,633.203,617.632,648.987,637.835,687.756,624.132,674.518,622.105,593.211,688.308,645.556,586.156,615.79,607.262,696.426,632.809,650.949,621.273,618.872,649.138,628.579,563.969,621.619,663.675,580.297,444.389,19.3228,12.5693,11.9825,8.72528,10.5538,7.12339,7.48641,7.26462,6.26577,5.81478,5.31202,4.71039,3.16252,2.47097,3.59814,4.02526,3.62678,2.96963,2.88005,2.52055,2.9185,2.71041,2.57488,1.79842,2.14905,1.95144,2.4162,1.27884,1.59875,0.815088,0.865451,0.980156,0.906204
1.54733,0.953937,1.82827,1.64864,2.0166,2.06682,2.25727,1.34325,2.20315,1.56085,2.97688,2.74231,2.53841,2.8177,3.67784,3.8021,2.28499,3.35489,5.2893,3.96133,5.76264,4.4624,6.81756,7.57828,6.20938,7.31358,6.8239,7.768,9.75724,7.77939,13.4637,14.1902,16.3186,384.146,616.049,642.498,628.467,610.595,647.296,639.971,622.701,612.319,629.021,674.724,628.74,638.199,650.931,623.897,588.161,644.431,655.354,688.436,652.598,655.069,625.001,568.195,635.229,588.591,644.262,638.162,707.3,623.418,635.515,569.247,630.227,629.757,466.69,18.6865,15.5785,11.9686,10.9375,10.739,8.48347,7.26246,7.14367,5.87307,5.35484,5.88106,5.94358,4.01085,4.64115,4.84754,2.95597,3.38277,3.60302,2.99723,2.46476,2.54086,3.70758,2.11042,1.59038,1.66135,2.29175,2.0247,1.79949,1.61716,1.99622,1.85724,1.58964,0.686325
1.47188,1.60392,1.92237,1.93039,1.542,2.25872,1.80005,1.27094,2.9256,1.92186,1.7097,3.66414,2.56824,3.59793,3.54303,4.34994,3.51433,3.71586,4.31935,3.55219,4.70751,4.91467,6.06683,6.00647,5.61521,8.12703,7.89641,9.82501,15.407,9.05819,9.7605,16.6128,21.3319,396.274,594.099,587.565,625.251,640.72,626.851,679.397,614.534,653.446,628.137,656.862,631.583,633.713,627.883,637.948,651.4,641.483,728.168,708.041,671.089,676.854,639.069,653.774,656.652,625.121,594.493,645.661,581.585,649.415,608.484,688.63,637.621,615.664,398.297,25.2722,20.8664,16.5852,12.3041,11.186,6.36926,7.9935,8.2676,6.60767,7.39043,4.58778,5.20478,5.34187,3.012,5.90916,3.50635,4.41654,4.36901,3.45181,3.39091,2.25255,3.34288,2.10174,2.33612,3.54951,2.34217,1.77462,1.98399,1.71842,1.61225,1.45305,1.41242,1.09622
1.06576,1.89419,0.911858,1.98417,2.63164,1.70133,1.99294,1.70959,2.90816,1.73765,3.04036,3.08016,2.77578,3.34813,4.07658,3.08515,4.90642,3.81001,4.49835,5.35644,4.87132,6.58165,6.45326,6.46143,7.1798,7.97,8.22433,8.83737,11.1091,12.0709,14.6184,18.5017,23.5221,419.7,652.485,618.35,660.878,586.644,659.91,605.159,655.237,616.624,590.122,575.525,577.502,600.906,638.541,636.177,647.483,607.832,677.596,589.867,621.023,668.318,591.453,605.616,598.636,611.949,702.421,619.587,668.545,648.155,609.021,641.634,566.142,616.9,399.962,22.6855,23.2185,15.4361,10.7592,14.3657,12.1075,9.04479,7.65073,6.82566,7.85721,5.57775,6.90946,5.6137,3.55359,5.81519,4.7756,3.63326,3.2461,3.26743,3.96007,3.42411,3.81796,3.23399,2.05095,3.33645,1.59095,2.49718,1.31511,1.89909,1.39681,1.17318,1.12219,1.08
1.42101,2.45105,1.26506,1.29105,2.03755,2.05495,2.17531,1.66911,3.16256,2.62103,2.82296,1.88043,3.72278,3.09754,4.15214,3.53047,3.87291,4.70831,3.83506,6.14962,5.79357,7.58689,7.47185,7.16174,7.16488,8.60963,7.72389,11.8965,13.761,14.6854,17.1906,19.5631,23.8623,428.044,600.147,658.752,590.196,576.786,638.613,605.12,546.893,617.793,601.063,577.528,674.135,615.065,649.353,647.73,690.82,632.71,651.966,664.927,642.82,609.027,626.431,590.482,619.47,588.231,600.746,596.818,636.94,598.239,639.597,609.207,587.23,645.116,399.214,23.7869,19.8036,14.8467,20.0358,11.4557,10.4008,11.11,8.92985,8.01027,8.24795,5.25243,4.66469,4.22553,5.77134,4.73903,4.46413,3.4277,3.92132,4.25649,3.99227,2.98874,3.09522,3.16774,2.85551,1.52741,3.12672,2.50549,1.96092,2.0027,2.01895,1.43322,1.41872,1.50717
2.11721,3.26066,1.58276,1.38826,1.63901,2.44811,2.24061,2.81797,2.68516,2.93615,2.17046,3.05953,3.74387,4.14224,2.38556,4.12721,3.43034,3.52173,4.78816,5.3126,4.26363,6.75187,7.24622,6.83487,8.49571,10.2936,12.909,10.4967,11.1197,13.58,19.4391,21.1488,31.2481,389.202,561.413,589.029,654.061,609.876,567.215,594.208,631.783,621.399,579.338,619.657,572.861,649.519,593.074,628.568,599.413,610.45,617.999,668.105,584.351,652.468,622.664,692.035,667.445,618.944,668.281,590.913,611.043,667.83,563.784,622.946,623.618,632.071,391.451,28.7096,21.9964,18.6703,14.6606,11.0339,12.4954,9.93582,8.02723,8.9,7.1307,6.58588,7.32245,6.25708,5.11216,5.27515,4.64646,4.85894,3.74131,3.50907,3.59311,3.641,2.61016,1.70398,2.88988,2.65666,1.94249,2.08841,1.46569,1.59375,2.22445,2.83088,1.26777,1.47288
1.24866,1.0297,1.92735,1.18869,2.86075,3.03546,1.92606,2.86904,3.37082,2.66888,3.45505,2.65686,3.91971,4.22336,2.76279,3.42107,3.42286,4.47017,4.76655,6.1275,8.23363,5.7536,7.77002,8.11858,10.5625,8.70877,11.16,15.1707,12.3687,15.212,22.1624,25.4147,26.263,391.441,590.767,590.351,579.45,588.3,635.31,593.017,625.793,637.096,604.42,634.214,622.401,595.309,627.04,642.633,613.611,593.628,579.549,619.866,603.122,635.923,621.928,556.187,594.884,675.896,583.047,582.017,607.224,591.111,564.843,596.371,652.146,568.568,444.832,30.4941,22.541,19.6734,21.2584,18.2289,10.9711,9.61014,9.31722,8.00481,6.47421,8.14084,7.18382,3.70261,5.88334,4.96704,3.73406,4.51779,3.87921,4.22749,4.01055,3.49815,4.45911,2.98154,1.78248,3.16907,2.1128,2.61774,1.56843,2.3557,1.76866,1.43206,2.11887,0.999439
1.0956,0.997784,1.99804,2.95577,1.74958,2.78106,3.04028,2.1142,3.76865,2.6257,2.78187,4.28162,2.92506,3.93891,3.04847,4.53474,3.41945,4.61868,6.16534,6.55023,6.37416,7.45034,6.32473,6.52411,9.38814,11.8605,9.94748,12.6187,17.0348,21.4759,19.2427,28.4808,34.9923,445.382,605.89,633.214,583.114,556.057,574.222,591.436,636.173,638.393,630.389,556.833,627.617,613.467,586.072,564.3,699.782,580.493,598.07,599.841,602.043,568.573,616.88,632.568,552.167,624.114,591.233,605.812,573.779,571.127,597.225,649.739,606.4,611.197,397.062,31.6266,20.7379,17.689,13.3713,18.3277,11.1846,10.1526,9.77201,9.52713,7.99857,6.37852,7.9332,7.18575,5.25138,4.13837,4.73358,3.89067,3.75792,4.06199,4.15305,4.25791,4.52369,3.30917,3.36396,2.62861,2.0311,1.79522,2.71522,2.32431,1.91159,2.07479,2.15715,2.05413
1.28996,2.04024,1.26197,1.81378,2.76205,2.10988,2.07906,1.60149,3.32792,3.1176,2.75231,4.13242,3.54452,4.30973,4.18576,4.11196,4.63663,3.80956,5.83752,7.12381,8.26595,7.68212,8.4844,8.87133,8.96993,12.0133,10.0922,17.2694,16.3692,16.2107,23.4543,36.5096,29.5831,405.242,560.157,561.323,628.483,566.962,570.43,612.286,571.739,538.209,627.736,624.979,603.456,636.532,570.769,556.682,620.248,603.613,589.11,584.388,594.276,588.372,611.273,645.034,631.811,625.515,612.315,605.638,633.764,542.98,624.117,616.031,572.719,595.59,376.925,36.893,27.6896,19.0507,17.8849,17.9328,10.8873,10.5725,10.6259,10.1068,8.94803,7.34638,9.88028,6.49169,5.90035,5.89555,4.78205,3.94739,3.9787,5.35761,3.50657,4.45285,5.29523,3.7041,2.5049,2.75811,2.37364,2.31797,2.45343,1.9247,1.71357,2.82889,1.81417,3.01178
1.74495,1.63503,1.13093,2.96914,1.62119,2.06192,2.28362,3.18042,3.07327,2.55478,3.22402,3.16402,3.49956,2.98272,5.09339,4.8197,4.1135,4.04688,4.98964,7.89833,7.09982,6.00066,8.44546,6.2672,11.1222,11.4391,13.5379,13.7086,14.7161,19.81,22.5813,29.5094,35.3125,388.404,523.9,619.624,617.969,566.744,602.191,575.482,564.798,575.803,599.757,618.197,616.532,575.322,523.761,619.314,594.206,603.844,566.298,599.697,596.675,588.475,587.295,662.231,583.72,589.898,596.073,543.644,636.554,592.422,581.202,534.877,559.999,575.582,371.959,36.9953,19.5095,21.1434,20.9613,15.1479,16.9186,11.5422,12.1142,12.2544,6.23861,8.78779,6.93131,6.46612,6.90641,5.53586,5.05299,4.37629,6.50259,5.45706,3.57301,4.26316,3.28655,2.79326,2.82703,3.63129,2.61215,2.35256,3.40917,1.27985,1.8445,1.47775,1.22293,2.077
2.88943,1.93477,1.80067,4.28123,2.84659,1.62068,2.24697,2.19652,2.53034,2.41802,3.7718,4.1835,4.32781,2.80149,5.10334,4.83743,6.13998,7.88999,6.2935,6.10689,5.11311,8.56284,9.3793,8.95851,11.1573,11.3868,13.7805,14.8425,15.8548,20.2543,22.2261,32.0282,40.2927,371.45,538.192,528.503,597.317,540.421,618.447,560.026,627.761,575.88,606.015,577.802,632.022,636.795,588.793,590.108,584.231,613.579,599.059,608.871,600.89,609.322,581.399,582.399,547.089,558.78,572.972,609.802,626.838,522.281,556.352,554.688,659.729,569.315,351.648,36.5428,29.6962,29.5561,25.2646,16.9284,9.4277,13.6469,10.9896,9.50889,9.86066,8.41309,7.81671,7.07036,7.09113,5.24378,5.57446,4.68333,3.74976,4.84631,3.88399,5.72658,2.91092,3.335,3.75544,2.63751,1.60283,3.7184,2.01014,2.45296,1.82157,1.39749,1.63628,2.1109
2.76095,1.35399,2.31107,2.47663,1.82142,3.24998,3.12409,3.26753,3.30842,2.77271,4.22507,3.6328,5.11602,6.20998,4.89178,7.80651,4.73995,6.2743,6.4614,6.6809,7.90937,7.7313,7.48,11.3885,11.5727,13.9703,10.408,13.9162,13.9855,19.2031,18.3999,33.6615,38.4112,393.934,571.206,594.448,503.09,594.098,576.941,606.222,538.855,590.037,596.814,556.202,577.994,561.422,590.396,576.251,554.771,618.024,552.203,624.893,575.976,554.158,580.702,539.206,557.74,587.503,563.458,562.815,590.364,532.41,604.274,573.674,511.431,602.601,385.615,41.3674,38.4924,22.2702,21.0534,16.2659,20.9106,13.7415,10.2755,10.0156,11.0534,6.94297,10.3079,6.22276,6.77537,5.88348,7.81879,3.62658,4.97146,4.32483,6.35996,4.40343,4.42438,3.95042,3.13433,3.4738,2.23444,2.32379,3.3176,1.92106,2.11196,2.22646,1.47155,2.08395
1.71975,1.33127,2.16746,1.98685,1.26695,2.90834,2.36608,3.41278,2.71257,2.89005,4.13029,4.16291,4.55133,4.97481,4.40633,5.60984,6.79937,5.9597,4.4185,8.05078,7.72657,10.8339,11.6387,15.4469,16.654,13.571,15.7229,11.9533,21.018,26.6029,30.9508,35.4236,43.336,361.925,519.498,537.012,604.957,580.517,595.699,557.853,585.449,552.276,611.152,584.373,575.764,509.145,523.021,580.038,613.263,584.558,619.236,620.872,590.074,586.5,568.5,596.662,628.189,629.955,582.808,565.597,553.963,572.6,561.902,502.551,523.3,561.904,359.754,34.7967,35.0824,25.9373,19.0711,18.9633,18.1215,11.0246,11.936,10.9567,9.84239,9.45097,7.61054,6.69783,7.74423,4.25199,6.42943,4.76883,3.82304,3.0992,4.02143,3.92311,3.52681,3.33521,4.27634,3.82095,2.09974,2.96837,2.73317,1.77063,1.59028,1.76597,1.53604,2.10254
2.34958,1.7741,1.40732,1.92524,2.03621,2.51117,2.6691,2.26437,2.73607,3.35444,4.07135,3.2281,4.96945,5.14343,3.45768,6.16534,6.79648,6.96355,6.08266,6.12858,9.53959,8.0764,9.78636,10.5813,10.3014,12.097,11.5604,19.1894,21.0858,18.2208,24.2659,26.9231,38.9997,351.645,565.053,505.234,546.814,568.569,549.434,580.195,553.368,569.022,584.961,608.18,574.635,611.467,608.646,551.241,557.295,578.519,631.906,610.511,581.848,627.229,560.445,499.536,578.428,581.688,579.948,576.04,551.671,558.408,527.982,525.565,571.701,549.882,370.006,43.6509,34.4953,22.9879,17.0839,20.179,19.585,15.2341,10.8526,9.62236,11.4312,11.1442,8.74882,7.08147,9.95455,8.04244,6.05465,4.802,4.72762,4.87794,4.18933,6.37842,3.00578,2.34243,4.08067,3.42534,3.41192,2.53867,3.42977,2.61793,1.97317,2.93459,2.48433,1.24535
3.08456,1.20956,1.6688,2.27891,4.28592,2.44385,3.19841,3.90052,2.45227,2.68783,3.87444,3.73122,3.73959,4.48595,5.50974,4.39365,4.24542,5.55641,7.27858,8.2766,7.90395,9.7626,9.74891,9.34934,12.2131,11.2409,15.7296,16.2077,19.9134,23.4763,26.6353,33.2909,39.7436,358.834,561.891,530.4,562.914,558.044,598.096,517.89,583.286,590.809,562.535,613.777,566.117,595.771,588.569,545.928,555.251,576.217,577.423,599.076,601.041,554.068,539.484,548.193,631.736,576.714,554.294,473.024,600.79,528.477,569.667,561.488,543.28,568.551,414.522,41.2818,27.6974,30.565,21.9071,23.78,13.9063,16.3385,15.8225,9.89809,8.23979,8.73318,8.05041,7.19831,7.45562,5.31096,5.47809,7.1977,3.77653,6.26922,4.68563,3.79255,2.70964,3.60805,3.46975,3.34292,2.52898,3.09673,2.51796,1.81401,3.66487,1.93716,2.76757,1.46953
1.7477,2.4399,2.57319,2.94842,3.91795,2.89424,2.36083,3.72362,2.90287,3.70719,4.42593,5.20428,5.22004,4.11774,4.69543,4.53082,5.38617,7.72946,5.81837,7.42435,9.20209,7.63806,11.0393,10.7865,12.3683,14.3073,17.2322,16.5088,19.1533,22.1574,27.6937,32.9711,38.1965,354.833,533.929,551.096,503.493,560.613,548.549,568.929,572.778,552.678,571.132,569.119,581.189,530.154,578.596,580.078,603.002,546.93,565.17,519.718,568.571,577.063,571.208,567.166,575.583,556.924,626.275,550.461,555.703,612.443,581.149,576.365,553.729,528.345,396.86,43.4745,33.7524,26.0391,18.6717,25.8257,16.4762,16.5195,16.2861,13.374,10.5854,11.1975,9.28347,8.09556,7.7347,8.58986,6.21879,5.71574,5.25254,4.66005,6.04399,3.63153,3.95985,2.79061,5.00351,4.27427,3.2455,3.75424,3.04264,2.39502,2.32398,2.52605,2.80782,1.87439
1.67223,1.44703,2.32123,2.39498,2.52017,2.06093,3.18958,1.89487,4.50596,3.87472,3.73734,2.75149,4.09444,4.36866,4.34223,5.17298,5.10928,6.08169,7.75317,8.17923,9.57254,9.98982,12.4329,10.1714,14.6219,10.903,14.7907,16.2062,28.8539,23.0925,25.9599,40.6962,45.6459,384.748,516.282,537.035,553.989,568.163,583.937,587.315,518.292,558.077,537.558,582.202,571.4,544.108,528.859,523.711,541.414,561.134,581.152,587.616,549.091,550.622,591.559,576.262,562.282,494.234,564.048,564.999,518.438,505.644,555.907,523.756,565.692,591.383,384.12,36.1745,42.8744,23.5749,21.1855,24.7974,17.6389,18.7275,12.6524,12.0797,10.1634,11.0387,9.71706,8.68766,6.9039,7.21185,6.38434,6.88182,5.55753,5.0059,5.15143,3.99144,3.58912,3.94444,3.5024,4.36432,4.19819,2.34049,2.04643,3.3522,3.76408,2.03641,2.54832,1.89617
2.18194,3.07882,1.95297,3.29861,1.30249,3.01329,2.21022,3.9879,3.70671,4.09196,5.01052,3.91786,5.27061,4.95934,5.26423,4.56347,7.26272,6.93517,7.12807,9.76323,9.54396,9.60808,12.9662,12.1021,15.6158,14.5928,16.6947,15.2017,16.2112,33.2283,35.7689,37.61,39.4707,350.802,553.244,560.588,485.982,575.96,536.091,535.954,541.216,539.528,517.491,530.676,561.576,531.855,485.07,580.399,551.821,594.823,531.887,529.378,577.489,535.433,584.723,521.821,518.59,566.453,543.89,588.987,562.119,558.891,522.706,513.289,552.091,519.229,398.904,47.4463,32.2827,36.1499,19.5914,23.4043,19.5437,18.1909,12.8707,9.9005,13.5984,13.1949,8.28609,8.43648,10.2507,7.45157,8.25223,6.65871,5.35226,5.29778,5.32452,5.17673,3.18375,4.11282,5.21931,4.09369,4.26923,4.6234,2.56792,2.83654,2.26335,2.52543,3.22399,2.27069
1.77895,2.9823,3.36603,2.77383,1.91626,4.10868,5.86365,4.02492,3.6917,3.77833,5.08877,3.83779,6.70374,6.20019,5.71953,6.13409,5.70193,9.98646,7.01727,7.92461,8.76583,9.07945,10.8046,19.1803,10.9747,14.5269,16.1736,21.2234,32.2687,25.5191,28.0716,44.5279,31.8624,392.958,527.767,551.205,539.095,497.122,541.102,543.097,532.353,545.338,536.438,562.161,539.527,568.962,561.98,560.983,543.223,485.314,594.627,563.919,565.492,543.286,561.263,514.748,496.875,473.499,567.722,594.357,530.946,507.333,483.509,525.086,571.468,492.315,359.092,36.9088,39.4046,30.2927,25.9701,27.6589,17.4851,17.4383,10.4309,15.2425,12.4684,10.0268,8.00315,7.66833,8.06569,6.35664,7.81065,5.92349,5.72724,4.3224,6.19318,5.65617,5.11988,4.86239,3.3007,3.87359,3.7135,1.8545,2.919,3.51587,2.08548,2.91171,2.92563,2.40292
1.31117,3.15146,2.90803,2.71575,3.00979,4.12401,3.12705,3.80759,4.40502,4.80374,4.07933,3.24087,5.90366,4.40113,6.02493,5.27819,5.49254,7.86049,9.11202,10.2103,9.96004,10.6325,11.1588,17.1583,14.4865,16.1679,15.6611,22.9893,26.3725,23.8405,37.4419,31.1835,49.66,331.703,529.957,556.39,517.728,549.093,506.357,547.732,537.169,507.095,601.396,530.392,589.079,564.974,546.538,558.814,523.023,477.325,577.859,534.752,537.464,507.433,528.544,553.985,519.692,558.51,596.558,577.553,530.391,543.839,597.258,515.035,512.584,455.439,349.613,37.0454,31.2369,33.3594,25.1109,20.8648,17.6429,17.8011,15.9838,14.3277,11.8236,11.0819,8.10727,11.2043,7.83617,9.51573,7.7589,7.11336,6.31894,3.97907,7.05942,5.4548,3.54046,3.92657,4.16534,3.11811,5.58177,3.52491,1.80961,2.5969,3.0122,2.00397,1.56933,3.04153
2.48627,2.78126,2.88253,2.03683,3.99107,3.08843,4.12685,2.85011,4.58075,3.18663,3.82461,5.64613,4.58998,6.21216,5.96804,7.40666,6.61254,10.1073,9.26699,7.28954,9.40897,12.4208,15.6606,12.1537,12.2165,19.2501,17.1571,19.7235,17.8992,21.9201,31.4499,35.8647,44.6204,333.854,443.453,543.383,527.639,489.277,571.279,493.185,543.697,527.638,544.904,496.728,522.662,545.099,535.251,522.434,594.113,588.795,562.238,462.165,516.844,536.352,564.755,562.905,509.582,578.936,579.615,482.682,503.912,600.295,511.313,513.946,507.029,509.244,332.148,56.096,38.8587,35.2659,25.8786,18.9479,17.7172,19.4241,20.5652,14.5559,15.3554,13.644,7.43394,12.2051,8.55605,6.97371,8.7288,5.7243,7.60127,4.40418,8.32715,4.06127,5.23597,5.56562,4.43018,4.26355,3.85676,3.1102,2.26169,4.71915,2.90786,1.98328,2.47072,2.65656
1.97861,1.97509,2.82724,4.67499,1.66744,3.2942,3.78242,3.58341,4.92055,3.1633,5.53043,6.73112,6.17614,6.52401,5.55556,7.16033,7.97195,11.2368,6.98956,7.62405,13.1604,10.5687,15.2187,12.118,16.2619,15.2829,22.5404,23.9032,27.1806,27.7885,37.968,32.7024,49.2902,342.909,478.941,454.623,500.716,503.143,541.729,523.093,540.839,525.413,499.326,555.873,495.515,550.03,503.543,547.567,480.823,560.138,571,567.957,508.125,545,531.917,576.744,517.556,542.903,479.68,536.938,506.156,562.549,504.627,479.893,473.607,541.736,338.758,36.2704,37.2315,29.3439,30.9252,23.0699,22.0154,16.6636,18.0231,16.5211,15.8762,14.4992,13.1991,8.01928,8.59317,7.35063,7.00764,7.1528,5.7893,6.11522,6.94805,5.65105,5.87184,6.71987,3.78403,3.66714,3.95347,3.36953,4.35757,3.82988,2.2964,3.34003,2.77666,3.8941
1.5968,2.99144,2.77048,2.12049,3.34252,3.07585,3.25213,3.5127,3.3043,4.28001,4.8894,6.28381,5.19736,3.52585,8.57993,7.56457,5.41065,8.54433,9.99731,9.22962,10.932,11.2455,14.1749,10.3774,17.5065,20.1872,19.1231,19.8636,20.884,26.0619,39.6239,37.7657,43.5506,365.363,463.96,481.794,532.056,505.758,510.875,540.545,497.687,519.532,512.823,493.044,521.972,476.343,495.703,552.649,487.748,462.109,530.694,504.137,516.754,524.316,508.252,505.293,581.366,540.483,529.72,532.49,458.137,532.546,513.398,532.482,500.825,455.372,373.278,48.8193,38.1006,27.6625,30.331,28.7983,21.284,24.0356,16.748,13.7854,17.3572,15.9759,12.9651,14.4456,8.86295,10.3467,8.4582,5.67217,5.32914,7.67324,7.07217,5.83716,5.27356,6.25212,4.60379,5.25547,2.55835,2.9676,2.84798,5.48049,3.20676,3.43677,3.25009,1.98879
1.96483,2.04825,2.18168,4.44321,2.54862,3.50816,3.12462,3.2332,3.58325,5.47976,5.57776,4.72799,6.55996,8.23359,6.37881,5.27445,7.49611,8.49773,7.87624,8.84387,9.8951,14.0126,13.1876,11.9082,13.1746,21.8905,21.0784,28.7588,26.8424,30.3926,37.2687,40.5401,47.4804,339.425,460.826,501.285,534.59,519.922,466.74,524.855,489.031,504.816,564.246,508.978,488.424,566.34,484.576,500.989,535.544,451.845,534.171,551.989,518.411,527.019,536.478,492.858,530.602,519.556,562.357,567.219,516.201,533.075,470.428,509.511,510.97,513.638,354.529,44.2798,45.606,42.7957,32.8188,23.8282,28.472,18.4601,17.2155,11.4516,19.9987,13.2104,9.53079,14.5557,6.87214,8.75583,6.56759,8.24905,6.11366,5.40101,7.04448,5.8714,3.24266,4.61313,4.96779,4.04049,3.57933,4.5311,2.74895,2.96826,2.66182,2.2899,4.11155,1.99517
2.36422,3.07178,2.86,5.14685,2.27447,3.19139,2.10294,4.61648,3.36057,5.17941,5.04025,4.52478,5.15305,6.73292,4.57173,8.09863,8.78203,6.98135,10.0255,10.0432,9.64133,11.7012,12.1306,14.7658,18.0803,20.4071,19.1423,21.1231,24.5693,24.9078,35.5104,32.2107,47.4153,362.366,506.735,514.803,451.675,488.409,521.082,508.432,485.74,485.384,513.346,505.409,526.044,494.981,548.58,530.613,526.591,496.755,525.484,486.986,514.558,551.798,541.992,527.416,508.719,465.106,507.513,538.616,533.616,452.064,459.084,469.286,435.158,483.414,374.078,45.6834,32.5086,36.3023,28.0626,24.6658,23.9095,24.2078,17.5508,14.2808,14.6125,11.14,13.229,9.73951,8.28899,8.90638,8.68024,8.20175,10.1058,7.0412,6.7014,7.17465,5.94229,5.62021,5.96705,4.80676,3.85452,3.98665,2.95498,3.25327,1.67948,2.87738,2.70811,2.49641
2.42595,3.70963,3.18796,3.36645,4.31269,3.77206,2.81694,4.0892,4.33636,5.11295,4.62098,6.73489,3.8786,7.32931,5.99901,7.14606,6.01168,6.77436,8.77415,10.1409,10.1801,9.66382,10.6182,13.9331,17.0277,19.446,21.4171,22.8901,23.9203,26.9541,39.1307,36.4574,45.2027,328.385,497.967,486.392,520.603,507.083,504.031,484.318,494.357,482.658,516.303,506.087,549.63,486.362,554.334,522.001,535.75,482.716,526.342,566.783,529.293,466.554,452.71,516.478,508.029,544.844,509.288,457.682,467.805,472.608,511.918,499.265,497.422,498.805,322.626,42.8591,38.3491,24.0064,37.6798,29.7689,25.1199,20.6297,18.9327,14.7533,17.9992,14.7675,14.0431,8.11448,7.26279,11.8655,9.04749,8.23362,8.86219,8.98268,5.7299,7.02247,5.57686,4.86718,4.88803,3.92778,5.96659,4.19048,3.35153,1.87761,2.77525,2.67639,3.60517,2.88346
2.81234,2.71455,3.10204,2.88576,2.65346,2.55753,3.97816,3.86885,4.34426,5.81395,6.72316,6.5256,4.38311,6.22572,10.6244,6.40938,6.68928,9.38434,6.73837,13.5233,9.89724,15.3058,12.4327,18.7954,17.9709,16.9356,23.0191,24.3033,25.235,34.4441,34.6946,39.0458,45.869,297.376,460.472,494.451,499.889,505.709,456.611,494.392,562.743,529.089,545.3,520.889,558.643,543.299,492.685,544.025,536.656,537.055,513.602,499.617,479.235,487.487,553.26,484.376,534.712,528.561,503.918,500.242,456.122,519.919,509.714,506.748,448.255,416.456,330.77,43.9239,43.2395,44.1103,28.303,29.1036,26.1695,17.9334,21.2175,16.7224,17.726,13.6853,15.456,10.4872,10.0205,11.5219,9.82628,7.80402,5.37492,9.3171,7.24827,6.66918,6.04847,4.61068,4.97747,4.79905,3.15242,4.62715,4.01637,2.13625,2.02832,1.94818,2.16293,2.00709
3.40288,2.70443,3.60457,3.3632,3.49865,2.86855,5.07915,4.30173,5.25461,4.01802,6.55312,6.05971,6.48295,7.05296,5.70391,6.22429,9.20907,9.46122,9.73165,11.5364,11.274,10.7953,14.252,15.0783,19.276,22.0033,21.3765,27.0742,27.7954,28.2521,35.6519,42.315,47.0521,375.022,499.327,427.455,467.153,496.414,519.623,506.669,492.729,446.201,520.5,515.657,489.157,532.493,449.645,468.321,447.482,500.946,481.964,497.769,522.502,520.047,481.29,481.076,480.173,495.873,528.038,484.99,522.902,474.434,451.998,443.684,486.615,465.617,311.594,54.2357,42.0916,29.7024,34.1897,28.3812,24.5532,25.8137,20.0601,19.9404,18.3572,15.7467,13.0385,11.3481,7.92499,8.72087,9.79135,6.93058,8.15719,7.31745,6.44608,7.21554,6.26909,5.6205,4.02791,4.78339,3.50701,5.07836,4.37764,4.09774,3.30009,3.01676,2.25978,2.80769
3.01819,2.54377,2.63083,2.11913,2.52769,4.05834,3.33889,4.22258,6.09033,4.76882,5.25086,7.11723,6.33239,7.46789,5.49808,7.74354,5.75216,10.0877,9.5662,11.5079,12.901,12.0002,10.9234,16.8688,19.1232,22.6335,22.898,24.598,23.6125,27.5372,30.6057,39.4915,45.4095,327.062,439.043,497.169,490.244,438.867,465.692,515.986,499.585,421.479,487.16,468.743,483.544,509.218,513.164,479.248,438.927,511.067,478.553,484.364,484.722,513.037,492.159,427.881,486.496,506.189,505.071,481.488,508.252,438.722,488.464,490.875,488.432,454.963,326.403,48.1849,39.4705,38.0727,30.8996,31.2685,26.5714,16.5766,17.8819,14.1317,19.6686,14.1406,10.8188,11.4155,8.90929,7.87322,10.3098,10.4849,8.39367,6.50883,7.09865,6.98954,6.7254,4.74532,7.59434,3.27494,2.41324,4.91523,4.67823,3.97829,2.66917,2.98111,2.72359,3.538
2.28896,3.77399,4.09645,2.81085,4.01206,3.20507,1.75411,4.56055,5.58422,4.04091,7.57225,4.08218,5.76284,5.31615,8.67247,8.50557,12.5234,6.28809,10.6934,10.8545,11.5668,12.2697,16.9156,20.1431,17.3836,15.7867,22.6862,25.9684,24.0157,34.5439,36.1306,46.8988,49.9131,287.327,471.631,466.086,458.685,488.745,505.32,496.073,480.767,432.143,457.516,511.704,446.192,454.052,515.475,472.616,473.558,492.602,481.356,479.663,503.234,451.12,517.632,490.399,531.906,465.619,477.327,458.202,480.431,455.243,469.242,493.894,494.111,455.064,305.702,53.8909,35.4874,39.0856,31.3102,23.6753,23.0662,18.4098,24.1923,19.3833,12.9567,17.7403,13.2384,9.80888,9.7289,12.6857,13.4265,7.92161,11.9545,10.9943,5.61901,6.43063,5.72576,5.4136,6.58821,4.17058,3.53943,5.1321,4.60106,3.95371,3.78604,3.18521,2.46753,2.48496
2.14876,3.12938,3.87605,2.79673,4.20863,3.52131,3.99655,2.35493,2.95945,4.60278,4.81335,8.23392,4.46944,4.97556,8.26399,8.39429,9.38744,7.88095,11.1563,9.86869,15.2576,15.483,15.6044,21.4113,18.2945,16.0117,17.2667,25.692,29.299,26.8836,31.5776,31.5267,44.8886,296.122,454.82,452.56,489.901,550.672,452.642,476.091,517.948,452.111,480.549,451.292,489.469,445.301,476.273,461.456,473.747,487.576,479.469,471.65,487.948,489.232,437.306,480.767,437.53,490.294,511.351,452.909,481.6,466.332,421.381,413.561,482.385,435.511,352.512,45.4343,39.9027,32.025,35.0393,23.6488,22.8476,25.6692,20.625,20.5758,15.3915,20.0088,12.71,9.4047,10.719,8.46543,12.202,9.60617,9.87606,10.0198,7.57836,9.23207,5.26672,4.47452,5.0307,5.28987,3.15142,1.95859,4.41966,1.7864,2.87146,2.82064,3.50233,5.78094
3.55037,3.2613,3.00055,2.26107,2.28293,4.71482,5.22821,4.50958,3.70453,4.23084,6.08406,4.93951,7.67117,10.7718,7.33854,11.1604,13.703,9.00106,10.1724,11.2965,14.312,14.2641,14.8988,15.2909,23.5467,19.7422,31.7268,26.718,34.3042,37.925,37.7492,42.7913,63.8133,313.893,418.456,441.43,443.411,482.399,453.019,438.31,434.435,453.231,470.051,478.374,458.946,480.766,523.206,441.15,467.434,400.665,445.954,457.668,471.777,455.867,474.164,436.051,428.83,470.164,456.834,470.707,464.765,431.291,439.879,483.824,452.483,454.783,333.116,43.9174,38.9729,45.1939,24.278,29.3416,28.7271,31.1849,23.493,20.5502,15.2297,16.7489,14.3696,9.24573,12.7134,14.2551,8.32295,7.54578,7.849,6.52762,6.78819,4.19033,5.53159,4.13166,3.28188,5.37688,3.89643,5.19466,4.45751,4.08232,6.12189,3.75586,6.36169,2.252
3.15741,3.40193,4.4979,3.37764,3.6592,3.45629,4.63123,3.99987,4.30515,5.27584,6.80276,7.66278,8.08107,5.80873,9.5913,10.2354,11.738,7.54767,8.85957,10.4405,11.3204,14.9449,14.3858,17.687,22.0976,20.9261,17.8668,27.7966,32.0322,31.2448,27.2052,48.711,57.7866,299.259,479.805,440.552,449.806,427.319,450.191,458.804,450.38,433.094,441.447,454.186,450.526,488.692,453.754,508.736,446.28,503.838,457.413,474.914,459.593,420.119,369.065,419.323,427.101,484.607,494.523,448.436,423.388,468.775,461.625,469.216,437.463,532.538,308.96,49.8687,37.4729,43.0989,31.7505,27.7586,22.7393,17.2431,21.0801,18.3284,15.7347,15.9328,11.6822,17.0496,13.0047,11.184,10.4349,10.5661,9.53337,7.0059,8.11444,5.42083,5.26252,5.42898,5.93584,5.76655,5.10692,4.96183,4.29888,3.77006,3.96584,4.08727,2.57168,2.79874
2.46258,2.00627,2.68567,2.43233,2.65255,4.06211,4.19222,5.88979,4.62113,4.61586,4.86951,4.8194,6.59103,7.98828,8.89599,7.33257,7.65974,11.9298,8.27052,8.41341,14.8795,12.27,16.1107,17.0225,21.2389,21.2958,22.4816,28.9265,28.968,36.9144,42.2269,42.056,46.6541,323.914,460.949,421.932,469.115,461.016,385.941,446.11,439.754,474.651,439.997,427.257,407.831,446.258,498.221,451.985,499.218,500.815,420.296,490.77,464.883,465.657,534.663,471.641,435.158,481.92,489.069,416.4,475.628,435.652,439.31,471.639,438.719,439.879,343.012,61.8393,48.8614,34.6608,30.0377,21.9729,21.7045,22.4239,25.5152,19.1294,17.5683,13.7906,13.4495,9.88475,11.7427,11.2697,6.47221,6.92104,9.87435,8.49859,5.8093,5.74383,5.64969,6.48425,4.18641,4.94598,4.68647,5.17682,2.2313,3.09971,3.11237,2.44376,2.50936,2.46685
1.83476,4.01905,2.96889,3.58077,4.20986,4.21628,4.60255,5.0622,4.65611,7.52452,5.47131,7.07685,9.32741,8.53977,4.65189,8.69119,10.4917,10.1351,11.8207,11.2826,15.2226,18.2035,15.6257,17.5011,17.4643,16.5005,21.6763,23.3857,31.295,43.2457,30.1644,44.3318,64.7076,276.536,414.631,402.786,470.774,464.45,422.108,436.749,458.628,457.999,474.432,458.376,485.792,475.854,436.435,452.143,473.652,460.533,464.478,460.039,498.929,417.531,409.241,475.276,413.737,486.806,463.84,459.548,477.437,426.611,387.175,410.18,414.118,394.482,267.562,47.9826,35.6685,35.837,26.9761,35.3994,23.312,24.3175,21.0913,18.0841,18.6492,19.7594,11.4713,15.6774,16.4212,9.12536,12.0187,9.81413,8.87943,7.28469,7.43995,7.30839,7.0025,4.9042,6.10389,5.35409,4.74415,5.60881,3.24483,4.10705,4.48782,3.27473,2.89374,2.61935
2.52617,2.94118,4.55503,4.22399,3.22112,4.44663,3.03276,4.00673,6.22875,6.72233,7.28058,8.46683,7.68043,7.72058,7.1263,9.94584,6.49265,9.93296,9.15093,9.78817,13.6422,15.9918,17.6421,17.8807,21.5558,21.4352,18.2798,26.7897,25.4556,35.6491,34.228,38.1639,48.4656,322.669,394.112,430.363,452.915,446.07,459.215,409.002,438.31,466.081,482.105,454.048,447.533,457.408,460.136,415.181,420.87,391.553,498.839,475.17,490.376,445.778,438.677,485.222,483.412,461.729,410.968,475.129,460.819,440.721,409.976,450.051,382.596,382.313,305.982,47.8218,42.8017,39.972,37.9183,31.6834,31.2843,26.3648,29.9209,20.5474,24.256,9.78674,15.8056,11.5957,10.0524,10.6265,7.40272,10.3324,8.55741,4.5734,4.70351,9.53446,5.77593,8.2707,6.6835,6.0907,4.68162,7.49243,5.35804,4.48236,3.46908,2.74942,4.63659,3.11877
2.40348,4.51614,3.97194,5.95235,5.51258,4.23854,5.77771,4.12591,3.05135,5.04635,5.86408,4.53205,9.92791,9.39491,7.26727,8.0809,7.91164,10.3857,10.6959,10.2902,10.1845,13.4695,18.8781,20.4798,26.0482,20.9614,18.4147,27.8553,33.6896,27.5768,47.1777,41.5489,61.0172,264.863,382.069,439.257,462.927,375.427,453.341,438.8,505.161,432.478,440.946,463.833,456.01,471.758,456.752,410.816,435.609,457.819,482.43,443.741,478.438,408.779,474.679,424.968,442.09,410.156,535.048,429.957,448.442,494.236,425.987,448.758,397.437,433.933,268.086,42.0668,30.9599,44.7738,30.8116,33.9835,27.1291,22.1242,20.6914,17.7813,9.5524,13.1763,13.6278,9.28564,11.5587,11.4084,12.7539,10.6441,7.87506,10.3962,7.29482,8.46533,7.38894,5.85684,5.19156,6.02146,5.64594,4.80733,6.25438,6.5768,2.63603,2.82547,3.40657,3.56975
2.09881,2.82546,4.14437,3.98875,4.42789,2.71816,6.27878,5.23531,6.78317,5.81439,7.08677,5.8725,8.16195,8.15019,6.12674,6.73228,11.7691,13.2884,12.3016,9.90441,11.8416,14.1145,13.953,16.1335,19.6245,22.3133,27.9873,25.0644,22.9916,42.3586,36.4795,37.7414,39.3185,306.635,427.155,415.757,452.427,422.899,419.146,453.391,443.403,419.515,410.376,394.457,452.141,430.109,417.908,451.465,425.765,385.805,492.558,448.431,422.021,467.917,513.507,446.712,403.166,409.212,429.494,485.266,461.778,476.671,406.617,413.454,405.12,443.049,277.891,45.022,53.0543,29.2939,38.635,32.7705,23.152,26.326,24.2398,19.908,15.0384,17.4338,12.4486,14.3102,10.249,13.4495,9.37306,8.13356,7.76284,9.1984,10.0009,4.91326,6.68015,6.55167,6.69472,8.68786,4.88006,5.75729,5.05091,2.73029,5.1995,2.86909,2.92208,2.85685
3.06615,3.66913,2.76209,5.14979,4.66545,3.96129,3.88022,5.78382,6.07619,5.60461,5.98818,7.86329,6.80086,9.26842,9.63596,8.76022,8.93958,9.72737,10.0238,11.1991,10.2865,14.044,15.2451,22.8376,20.9369,21.5153,23.2651,22.9755,28.6826,32.2164,32.3998,48.796,43.7988,291.677,426.905,423.414,438.389,419.223,437.661,448.816,435.879,418.962,463.148,407.798,436.606,425.027,447.277,422.624,396.429,501.882,436.059,474.587,457.914,462.549,438.269,449.406,431.465,451.818,476.096,416.1,452.141,405.664,429.497,398.772,405.849,420.167,283.96,50.4556,41.1511,39.4757,34.4692,26.7392,24.3737,21.8891,27.4419,15.922,17.8377,18.1441,12.2833,9.59061,13.1556,13.3425,11.065,11.849,10.5137,7.69559,10.2681,5.56105,4.21127,5.03531,6.61162,4.86282,4.79743,4.0721,5.07847,2.84757,3.83817,5.23532,3.22454,2.7583
3.8154,3.38904,3.55643,3.15698,3.95169,2.94939,4.57517,4.00731,5.36347,6.39226,6.41763,8.12898,6.36039,10.0857,5.95627,8.73125,12.2219,9.89055,12.2771,16.9342,10.726,14.2176,19.0727,24.3983,22.7163,23.8956,24.3794,25.8084,29.2469,28.5196,44.7074,30.2881,58.7764,243.887,398.05,401.383,386.395,382.594,440.249,400.303,438.255,432.926,410.757,426.421,422.289,423.252,419.079,391.786,425.633,420.044,458.651,418.914,453.888,415.457,438.779,412.71,458.417,431.61,425.73,376.489,427.082,411.604,425.075,428.327,414.42,387.683,314.232,54.0564,33.3612,44.5507,34.5691,32.6632,31.5075,22.668,20.1565,19.0191,23.159,15.4287,10.9391,15.3334,13.7892,9.77427,9.11126,12.1305,5.44635,11.6724,6.22102,5.8927,6.92853,7.27441,3.68207,5.52412,5.2974,5.20939,6.81418,4.74842,3.87677,4.49515,3.49503,2.85855
3.65774,3.6867,4.38747,3.32093,5.98635,4.1337,4.0478,3.86625,4.34286,10.6129,8.38214,5.1585,10.2579,6.18081,8.20344,10.4463,9.25456,15.1355,14.857,8.98221,13.1002,13.9311,14.5347,17.9482,20.991,24.8226,19.521,25.5508,32.0662,34.2873,26.4678,42.6392,55.2203,287.002,390.273,367.476,392.304,429.902,389.923,438.078,399.015,425.997,425.142,427.22,431.956,396.59,400.098,462.241,393.542,404.82,404.001,378.61,390.79,435.026,423.427,415.978,447.606,367.59,412.131,414.047,374.012,428.225,463.627,382.235,385.637,376.275,293.079,50.1295,46.6431,42.1204,45.4019,30.3057,20.3556,30.0375,20.9638,18.1367,15.4397,20.8764,14.3861,12.5994,14.8722,15.243,10.1991,11.3995,14.6058,11.2375,6.02498,6.87621,7.46614,6.30729,6.10331,3.89,5.37882,6.09442,5.76599,5.04707,6.16409,4.96199,3.03927,4.90759
2.48276,3.30899,2.3218,3.29714,3.75018,4.55221,7.53802,2.88959,6.67306,6.1751,9.54212,8.10182,10.2355,8.72342,13.7018,8.9367,8.15032,8.58013,11.6976,15.5889,13.4857,17.0831,23.8902,19.1146,23.2041,25.3268,20.8774,32.3364,36.7003,26.2905,37.3129,53.7499,46.8935,268.215,408.135,364.6,423.714,436.267,413.88,417.882,408.729,431.584,454.379,399.713,429.137,445.902,421.509,405.364,393.702,459.571,417.29,391.404,462.153,426.239,431.57,406.537,445.562,366.648,389.698,402.214,441.811,355.757,425.089,395.867,401.108,417.552,288.463,55.5129,45.7041,43.0377,31.7337,26.1438,17.1903,23.1032,23.7162,18.9807,13.9753,18.3948,14.98,13.8147,9.589,15.4086,12.6575,9.78339,8.31592,5.74169,6.0265,5.831,4.00663,7.88018,5.7837,5.04887,5.86984,4.80281,3.80158,4.7059,5.65629,2.11692,3.24867,3.4423
2.54698,4.35545,4.03252,3.73842,4.28834,6.05243,5.14459,4.4807,4.75956,6.79293,6.27446,8.5138,7.17291,9.43397,9.05324,9.89615,9.81296,11.3759,10.0167,10.0221,17.5282,18.7195,20.0923,14.2429,18.7692,26.1872,29.6669,24.1569,27.8554,38.7517,31.4151,46.1052,63.4954,292.443,411.372,339.694,417.791,433.509,385.972,376.601,468.181,376.677,396.996,368.812,401.953,403.09,423.757,409.189,411.483,456.413,376.616,456.077,475.344,446.009,424.432,381.208,449.397,471.689,426.106,386.168,411.202,408.797,410.112,403.95,452.523,379.869,254.31,50.2083,38.9888,33.8889,29.4228,31.725,27.5963,20.3401,19.968,13.8707,14.3027,20.1157,13.8897,17.6993,9.30307,14.9088,8.23624,11.7863,10.1143,7.86124,6.94586,8.30901,5.49902,8.16428,5.71182,5.2302,7.57953,6.12296,6.78024,5.22868,3.33266,4.4927,4.64222,4.3829
4.05984,4.66735,3.01307,2.87519,4.5028,6.07919,6.37802,7.76691,7.78017,5.95095,6.26785,8.88354,8.33346,7.98071,9.17092,10.8043,15.1266,11.5766,13.3429,16.1751,14.8739,12.8387,16.206,19.5314,18.9348,18.4884,20.9301,21.936,33.4776,37.6608,39.7271,41.5377,59.8259,267.388,366.723,351.848,411.503,422.802,420.503,446.879,442.386,406.347,415.123,413.532,404.243,435.365,423.128,412.51,428.075,437.514,409.372,383.48,423.923,381.594,432.964,422.989,453.373,426.048,412.5,404.399,405.654,435.11,405.754,362.401,403.656,380.237,273.52,49.1535,37.4948,34.7326,34.9946,28.9054,29.367,23.2129,20.6971,19.7395,17.0162,17.1099,11.5711,16.0964,16.2607,6.66389,8.87994,9.77559,10.22,8.77526,9.65703,6.89441,9.49484,8.17225,4.78073,5.44605,6.46402,4.99731,5.17781,4.22374,4.33476,5.02635,5.13116,2.54375
3.88628,2.91666,3.79772,2.75004,4.76735,4.1956,4.92163,4.97676,5.72257,4.98049,9.60137,6.08661,8.12417,8.57199,14.356,7.44067,7.57318,13.6514,9.92354,12.8022,13.1932,15.3771,19.1697,15.504,25.6466,19.8997,24.45,35.118,33.828,33.9322,36.1871,35.9023,58.3331,254.752,388.238,400.563,399.567,392.966,407.447,411.224,439.351,398.38,395.385,394.709,405.407,416.266,356.5,385.255,422.103,420.308,436.454,468.345,414.41,392.003,384.852,410.291,449.847,428.636,454.451,380.254,380.056,400.934,460.19,382.433,377.66,370.284,244.094,56.684,56.9274,36.4655,34.1367,26.5938,25.6184,32.0149,23.0698,15.2563,21.0386,16.2461,14.3088,17.035,9.7802,10.3425,12.0424,13.1041,9.88612,8.70121,6.79491,7.86308,6.52619,8.77203,6.2931,8.12121,4.39667,5.1924,5.74981,4.52926,6.45767,2.866,3.5417,5.48413
2.0613,3.04023,4.40836,4.32784,4.65323,5.19682,6.0935,7.05518,7.33433,8.3657,8.06777,7.77432,9.55118,7.79706,8.90573,9.42681,11.5774,14.0388,12.8775,17.2503,10.7316,12.5127,13.7101,22.859,19.4374,24.9318,21.9273,26.8755,29.7292,31.1947,43.5595,34.0688,43.5341,293.86,392.804,407.18,360.298,370.555,386.248,389.098,422.571,436.439,438.671,366.186,412.287,392.87,379.021,410.426,409.164,370.564,425.889,420.96,402.145,433.525,377.301,405.715,449.386,434.491,432.025,380.238,392.379,393.888,370.059,377.121,399.888,351.184,235.566,45.3601,43.9005,32.5226,21.6439,35.0108,36.6518,34.2814,21.6511,24.6017,18.1837,18.2604,17.04,11.5734,16.0191,13.2139,11.8717,8.65499,5.06569,6.38316,9.87073,5.8577,7.87656,5.55054,8.65265,5.99091,6.32226,4.51588,5.6375,6.49006,3.37925,3.63279,4.27426,4.43438
4.89755,4.74666,4.34628,4.68583,5.32025,3.83939,4.79134,5.02917,5.43206,6.56123,8.15227,7.62493,6.34538,11.6494,7.42644,10.7968,11.0719,16.8053,14.5156,16.795,9.00782,17.7889,23.002,18.0245,19.9143,21.8908,22.4822,26.0423,28.4967,33.0863,39.2094,39.8029,49.1022,265.862,339.239,386.122,371.983,384.973,388.331,388.718,363.857,362.471,372.052,423.992,413.569,398.209,366.962,411.703,410.716,374.038,377.75,425.937,412.004,397.144,391.64,429.83,357.422,383.675,366.474,406.422,366.494,419.069,417.126,343.663,340.531,387.917,249.218,48.2652,39.6289,30.8355,30.4282,39.0215,30.293,20.1098,25.6981,25.109,16.3385,14.1247,12.888,13.8568,16.1584,9.51723,12.059,14.1374,13.9722,8.15883,9.66877,10.5096,7.5666,8.31905,7.80477,3.81684,4.75182,6.5531,3.7878,5.46402,4.1148,3.61021,4.93614,2.8654
3.26156,3.81753,3.60293,4.09369,4.35848,4.24816,6.61585,5.69284,7.63879,6.57583,6.91692,6.014,5.85327,7.30452,10.1963,8.15855,6.60622,12.8622,16.9442,9.83936,11.4729,18.1952,17.8696,17.3614,26.3404,22.2712,26.6722,28.9392,25.2542,32.4296,33.2701,47.5291,47.7535,264.906,363.058,348.107,395.809,374.181,372.871,391.672,453.244,422.052,388.311,419.171,343.662,411.632,424.593,371.459,397.545,361.87,410.665,399.92,416.236,422.818,402.564,400.144,425.467,356.437,318.065,377.857,367.15,407.176,403.118,362.803,361.732,375.266,240.349,50.0772,58.886,41.257,47.0488,30.2997,21.4371,24.4842,22.9449,19.8868,21.9521,21.1501,16.8193,12.2854,10.0033,14.7404,10.4814,8.53846,11.7493,11.8734,8.85852,6.83236,11.2462,5.36068,7.56446,5.87506,9.11596,4.5592,2.8598,5.68204,5.25209,4.2648,4.43945,3.42082
4.25178,3.38566,5.11918,2.76604,3.78722,5.15005,4.66675,3.95003,4.64996,6.59745,8.4666,5.01833,6.46555,5.7116,8.63155,8.28576,8.64229,16.1366,9.91024,14.0037,13.911,18.9906,18.6021,11.2173,27.7921,19.8311,20.2167,32.6796,37.4003,28.6974,42.0681,42.1022,49.2573,257.719,388.852,364.462,354.195,363.683,393.313,368.766,377.209,379.881,386.534,369.521,391.338,418.12,365.222,362.308,415.206,379.545,390.726,406.61,382.028,400.851,413.035,357.656,380.92,369.289,366.926,377.322,398.607,397.959,364.29,372.947,362.274,349.741,278.897,40.7927,43.3168,39.6242,39.9783,30.9687,23.8688,28.0895,19.2862,21.098,18.7875,12.6084,20.3918,9.47012,11.2708,8.7327,10.1238,11.6549,9.7651,9.33967,5.52264,5.07731,7.74424,7.72231,8.14224,7.47277,3.09827,2.65052,4.93584,3.92043,5.01064,3.56087,3.37518,3.88928
4.70806,3.8819,4.03913,3.89697,5.30878,6.66159,5.04138,3.41566,4.36035,5.47513,6.69098,7.5397,9.49771,9.64194,8.52861,11.8274,12.9864,12.2986,12.0792,15.0019,15.4007,22.5493,17.6871,14.8982,22.8541,18.3684,23.1384,29.9146,35.8076,36.6623,44.5867,49.5511,48.3769,240.535,364.023,334.193,365.043,373.798,393.992,381.461,370.888,400.067,369.57,402.348,396.87,343.884,416.092,401.399,410.077,357.853,369.047,379.849,345.212,380.592,362.634,368.512,420.25,388.68,378.107,387.292,365.695,359.13,339.035,360.333,384.001,411.641,270.993,53.4116,46.3283,34.185,28.9706,33.0217,31.8779,20.3045,25.9762,19.5856,16.0828,18.6182,9.78871,14.2515,12.4857,11.4406,9.4878,11.8685,13.2199,10.7116,8.08174,11.2365,7.3463,5.91541,6.27511,6.24984,4.75582,5.63906,4.45591,5.06913,5.35812,3.10549,3.2001,2.52418
3.62078,3.44254,1.86555,5.75073,3.08195,4.97794,5.4831,4.1469,7.31509,7.16245,7.6401,10.9953,6.256,11.3822,10.4744,9.50235,10.0629,9.69789,16.2504,10.7368,19.6267,23.9641,18.4113,16.7675,16.7206,24.8145,24.0063,35.125,29.1359,36.2177,37.6399,45.6343,43.5677,246.78,334.635,346.771,362.406,384.292,329.795,342.507,330.607,346.287,383.24,356.109,378.866,349.168,337.691,380.299,399.843,395.343,403.824,361.184,355.961,415.368,373.955,407.404,371.582,359.838,407.325,393.498,398.496,370.811,368.336,331.706,375.214,346.142,290.291,41.018,34.8652,37.526,25.3529,30.0332,28.8187,19.148,22.9401,19.2551,19.6869,14.5369,20.2993,15.2806,12.7079,19.3278,13.164,12.1526,8.97653,8.55552,9.94399,6.04877,6.73778,5.23204,6.11435,6.12442,7.1191,6.73057,3.03177,5.09658,2.46782,4.09051,4.00895,3.29772
4.22107,3.5037,3.0548,6.88351,4.61326,4.50644,5.93953,6.19169,5.274,5.83091,8.20845,5.02382,11.6158,9.0968,10.3376,6.29334,14.5419,9.48326,12.4582,15.09,14.1375,15.2931,19.7019,16.7993,18.3776,26.9668,19.5048,24.6517,34.3694,33.6422,32.2956,47.4033,44.2979,233.013,354.112,333.456,291.062,349.958,379.629,338.807,347.29,362.733,352.551,377.286,370.861,418.205,389.329,378.877,337.342,361.488,345.993,403.158,350.631,408.974,355.022,350.354,374.545,362.268,397.602,385.605,351.037,371.06,356.276,340.168,379.09,331.035,214.558,59.2391,34.5732,46.4914,30.5672,32.987,28.0872,31.8466,33.3218,27.2907,21.6351,20.8882,26.9007,15.7431,19.8627,11.2612,9.23187,12.2994,12.5339,8.98174,10.1656,9.51941,5.17745,9.50205,7.07275,6.39611,6.86859,4.94565,4.48263,4.19122,4.35712,2.82631,5.53312,3.49513
6.70006,4.58248,5.079,6.82134,5.9336,6.02947,4.4649,8.02647,8.58383,7.36168,4.47979,6.59807,9.11981,6.25862,12.1305,12.0052,9.12486,11.9362,10.107,13.2113,13.684,18.3426,17.1465,17.0142,31.9178,22.0331,28.7416,24.5771,31.9823,34.9608,38.324,52.0075,44.7953,273.657,346.228,372.364,314.114,334.081,372.39,387.57,368.033,331.811,369.376,327.514,377.099,359.474,393.746,349.236,424.213,381.45,349.357,404.321,381.494,409.879,362.256,369.752,341.929,382.769,367.312,352,376.331,355.235,355.049,389.687,386.267,391.546,228.934,42.1782,51.9085,50.2488,31.0403,31.7917,24.8167,26.9391,27.4412,22.2625,13.4063,13.2963,11.8012,14.4979,12.4169,20.2059,11.4196,13.5432,9.88545,8.78997,10.6926,7.80348,8.25054,7.55406,7.13242,5.81428,5.22195,5.87624,9.99539,5.76432,3.93916,3.47465,3.78581,3.93249
2.39767,3.62913,3.57459,3.87386,4.33187,7.0249,4.07471,5.82468,6.06003,7.0585,8.22256,8.9267,6.18925,8.68813,10.711,9.57846,8.78074,10.99,13.9027,16.8322,11.238,13.6484,19.7026,19.7275,16.6818,24.5194,25.9084,22.9375,31.0183,35.1108,37.8332,44.9691,44.601,227.944,344.911,314.205,372.69,331.004,354.433,355.22,340.762,379.126,352.573,373.696,399.654,362.364,346.733,308.732,364.635,400.794,354.133,368.488,363.899,354.978,364.825,367.971,371.552,402.758,377.432,325.86,358.382,400.239,323.964,363.345,398.972,365.821,194.471,46.882,41.1571,37.5013,31.696,36.6096,34.0415,23.4052,23.8152,19.6841,21.5818,20.3566,13.3673,10.7451,16.7293,17.4259,8.46281,8.31864,11.1218,12.4917,7.48842,5.29748,7.42152,6.22959,7.55136,6.7788,5.10128,6.40059,5.32323,5.21335,4.62831,7.08061,3.72007,4.11838
2.68181,5.5488,3.10354,3.95916,3.44609,4.6533,3.98127,4.01045,4.46973,7.09034,6.57567,8.19506,10.2384,8.03042,9.13945,14.3703,5.39752,13.3969,15.8372,16.2776,16.3462,20.4247,23.8285,24.4605,19.8183,19.8061,24.4948,38.7125,31.2076,24.4168,48.2783,35.7134,43.4053,233.473,323.798,342.734,338.322,356.775,364.072,307.517,367.675,365.505,408.31,334.606,358.564,308.684,353.246,416.161,377.13,330.299,321.975,288.195,379.578,341.674,361.165,377.35,352.999,340.913,352.74,349.857,337.782,369.665,341.841,333.773,331.724,328.278,240.645,46.7285,44.1032,32.741,39.2549,24.4968,24.0421,21.9675,19.2118,18.6368,22.4401,21.9984,21.7245,14.0839,12.2773,15.6871,14.0743,11.8912,10.1772,10.2619,11.8875,9.60517,8.52609,7.96849,6.89102,4.41745,8.28664,5.12539,3.67637,4.96298,6.50853,4.64336,2.57361,6.37281
3.60158,6.18379,4.83054,4.69621,3.92455,2.5515,5.21587,6.32529,6.95437,7.7831,6.70316,10.3678,8.85051,11.2721,8.48805,9.06046,10.5495,14.6217,13.2502,13.4059,12.8109,15.949,20.9279,16.3706,16.9151,22.8633,21.8171,24.3413,23.1589,32.76,40.3481,34.2096,47.0703,219.395,305.332,343.772,351.975,340.904,324.707,357.155,350.566,333.129,339.247,343.322,380.984,330.79,320.443,382.373,346.462,328.339,355.15,322.007,352.523,364.024,377.354,380.857,326.092,344.577,401.462,357.474,353.26,346.799,339.443,303.341,328.306,342.276,226.814,58.8995,43.2719,37.3072,33.1,32.0363,30.1766,23.4838,28.7007,23.966,16.7524,18.9644,14.5091,12.0671,8.14595,14.7297,18.6332,8.58428,10.1383,13.2146,6.4015,8.56329,9.56484,9.62015,7.62941,4.96082,6.50769,7.37944,4.79682,4.52058,3.08051,3.19336,3.47734,4.39023
3.15875,5.09739,3.74939,5.6218,3.94927,6.14543,4.29516,6.60208,9.04609,6.64827,7.43842,7.75916,9.42022,9.20103,5.67417,10.0328,10.481,14.285,17.2538,17.9096,13.4073,15.604,13.0944,21.4854,23.1077,22.9495,26.1284,23.1274,41.4547,30.1604,41.4203,39.6681,49.8653,205.605,290.472,330.822,310.196,309.195,342.329,308.814,323.199,361.553,335.498,382.393,360.658,311.601,350.075,377.994,331.999,325.241,357.612,353.163,350.781,370.561,380.371,341.527,348.211,367.997,362.821,327.598,300.526,332.028,316.505,325.663,340.989,327.644,201.404,46.9897,44.4153,41.1154,37.4954,25.1414,26.0999,26.2715,21.1131,23.5116,19.3236,20.4745,14.5151,13.9449,11.6692,10.8943,15.3773,13.8905,8.74941,6.58632,7.83858,8.62004,9.14691,9.7315,7.74116,6.60672,6.79368,5.9743,4.93554,5.20412,4.50326,2.52895,6.20689,3.33973
5.49166,2.5845,5.09553,5.40504,4.8342,5.26443,6.22029,5.7695,4.06779,9.66121,8.46156,9.24791,14.257,6.57457,16.1267,13.3443,8.69055,10.0719,15.8817,15.6277,15.7204,18.9608,20.0021,20.2025,12.3641,17.2255,23.2265,41.5132,35.9573,37.9272,45.4759,39.1967,45.4568,202.478,284.319,343.471,336.413,379.825,366.207,336.374,289.978,347.631,336.951,356.978,354.355,334.42,354.33,377.587,349.92,379.495,356.719,313.012,351.847,335.743,345.751,386.207,360.689,365.505,303.288,354.466,326.967,317.414,321.463,315.818,267.678,340.654,205.567,46.0769,39.741,35.1547,36.3027,29.4761,29.6395,22.4521,20.8408,19.441,19.1315,19.4336,16.0364,14.9539,20.4045,10.5637,13.7137,13.0358,9.4081,11.4306,7.79735,10.4012,10.0269,7.10308,9.77014,5.5371,3.61115,5.03066,4.40939,5.30516,2.36475,6.51461,4.85827,2.49266
3.44709,4.05454,6.12001,4.96913,7.85256,4.91521,4.00431,3.97462,7.411,9.71625,6.41375,6.26459,7.40498,12.4926,9.89494,7.44669,13.7682,18.2146,16.7879,11.2151,12.8988,15.7443,13.5266,22.6612,15.9283,26.4471,23.913,22.1185,43.7331,25.4896,30.5656,36.261,43.5986,252.136,312.715,345.742,317.06,298.692,320.742,339.956,329.488,343.92,295.954,360.378,309.324,322.058,315.03,376.421,331.566,340.966,411.688,323.323,337.081,316.554,353.608,365.213,323.668,323.467,336.622,317.835,348.186,337.077,330.507,308.188,313.957,284.301,234.707,38.9133,40.1776,36.7326,38.2932,23.886,26.8443,35.1774,17.7504,20.8019,22.1017,16.9973,14.9556,14.459,11.1272,14.7881,13.1264,12.7065,11.8638,8.85429,11.668,8.97611,7.19777,6.56221,9.66588,7.90464,3.75041,6.73873,5.80059,2.97514,3.14416,3.24934,3.40025,7.08086
3.53245,4.20108,5.07634,6.36436,7.26624,4.79942,7.14159,5.32978,9.09547,11.9264,5.84737,7.47022,7.05631,7.72935,10.6829,9.04521,12.1639,9.57548,15.976,15.8359,15.5386,14.7236,20.7801,21.5701,17.5758,25.6859,26.306,25.5836,31.3869,42.6047,30.7808,31.3216,45.9743,213.194,282.742,297.876,302.653,355.652,272.062,339.301,300.402,313.238,354.484,306.275,362.791,332.74,318.726,348.099,324.502,330.292,324.506,331.584,372.586,296.979,350.157,326.844,327.047,333.011,316.014,361.98,368.996,331.941,304.376,323.136,305.453,320.577,205.168,41.6764,49.0373,35.4106,29.6256,28.0963,32.8806,24.07,26.4275,16.9276,18.3972,25.5052,17.7403,13.8851,17.844,14.1932,13.03,11.5322,9.64898,11.6297,6.60775,5.83271,6.47024,9.7732,4.48563,6.3728,5.00655,5.51229,4.46142,5.54916,4.3821,4.59965,5.06748,4.68972
2.47046,4.76932,4.67224,4.70842,4.5968,5.12362,5.66933,7.37543,7.19741,7.28905,7.06921,7.09578,12.5886,11.9028,8.30697,10.0056,11.5444,13.8533,15.3624,15.2752,12.9862,14.571,22.8028,23.9604,17.6237,25.7278,17.6547,25.1758,25.1636,48.228,32.7072,36.2617,42.4124,212.101,322.307,329.391,303.561,303.664,294.52,322.735,360.256,333.068,317.894,301.73,326.746,359.683,315.665,358.24,314.021,318.326,323.154,306.466,367.382,332.557,318.416,364.729,340.953,335.72,285.399,347.629,328.521,316.013,331.245,317.113,312.517,316.986,232.197,47.5174,35.5931,33.4615,30.8254,37.8563,33.7969,20.7319,23.3701,28.5447,13.4847,22.6493,20.5853,16.3623,14.8787,16.3313,12.6884,9.95097,8.71452,9.07737,8.49448,7.43334,9.02342,6.11856,6.22294,4.59588,5.85002,4.29414,5.56048,6.5694,2.7909,6.44208,3.6844,4.24017
2.53979,4.63952,3.72326,4.68347,4.7807,6.0444,4.92528,4.78745,6.07623,5.30707,7.26981,7.55811,11.0787,10.6796,9.46871,9.79722,11.1536,11.462,9.66349,12.4253,22.0422,19.7682,19.6364,13.6145,17.6314,23.9376,20.428,36.967,27.4365,37.5309,27.7192,36.2328,51.0027,180.888,304.675,310.785,311.267,335.993,295.315,292.63,302.07,278.133,348.31,355.441,258.061,330.109,299.285,345.553,308.65,360.61,393.649,365.167,316.091,338.492,324.827,294.159,315.532,373.015,300.873,358.017,330.01,315.189,314.528,325.781,304.456,326.936,174.134,35.8986,34.8149,34.5262,42.1581,33.3315,28.9054,16.8944,26.2175,22.8463,18.8456,25.6367,17.5038,18.0701,18.3005,13.6753,13.0172,12.8288,12.0601,8.88804,5.35738,8.88289,7.71383,6.67206,3.42918,7.06118,5.55723,6.34089,3.24888,2.73557,4.17673,3.29543,3.95472,2.54992
3.36478,4.75532,7.64266,5.61353,9.59228,4.98023,9.18541,4.46604,6.78194,6.75213,6.28269,11.3689,7.44503,18.1705,14.1516,10.9428,10.982,13.7787,7.12524,13.7969,16.6319,15.6472,17.4585,16.6898,22.8189,13.1744,21.8366,27.5219,29.9272,36.5955,39.5484,44.3372,42.6819,202.258,282.556,328.759,278.328,260.17,287.484,308.918,299.733,307.488,331.995,306.623,287.113,291.711,319.344,371.32,326.168,336.491,326.983,331.174,357.466,299.771,323.424,322.402,351.66,307.014,371.339,318.048,304.441,294.794,287.242,324.937,346.39,286.865,209.328,42.63,30.8458,34.2217,37.469,39.9077,23.9465,19.421,21.1628,16.9386,23.3013,15.7102,20.132,11.0355,13.6532,14.9201,12.3892,12.5828,9.52795,5.36397,9.81504,13.8977,8.71425,3.56483,8.60826,7.84512,8.11452,4.23115,5.59765,6.8291,3.83152,4.05882,4.9534,5.27798
5.41938,4.04565,4.6728,4.32061,5.04719,3.2946,7.07547,6.00009,4.45284,10.7255,5.37014,9.0972,7.75422,7.16215,12.5435,18.0043,11.8148,12.0621,11.8863,12.2779,15.3263,21.2912,12.2941,18.1704,18.1007,25.5077,25.847,30.5367,26.9437,41.3526,34.9832,28.108,44.7535,231.242,313.928,326.106,280.26,328.156,308.264,333.234,322.273,335.1,345.402,305.661,356.216,306.368,300.72,304.217,287.978,297.065,343.836,323.716,331.123,289.744,322.891,355.18,340.741,321.077,325.547,304.731,307.354,316.98,336.27,312.875,327.406,281.637,217.33,30.2196,35.1327,31.5944,38.6874,41.1555,21.9502,20.3455,27.9922,19.3871,17.3426,16.5557,14.3192,24.125,14.7982,12.7572,11.1866,15.5835,8.17534,9.22679,8.24954,7.39747,10.3009,8.44117,10.5768,5.27819,5.09492,7.35571,4.79636,3.15222,4.0916,10.192,4.20794,3.68846
4.06513,4.66068,6.61587,5.89269,4.60818,5.42812,9.15089,7.09566,4.74057,10.0413,10.1133,10.5876,6.40904,7.83934,7.02537,10.2833,7.85849,14.9804,13.2145,17.8013,16.5459,17.4967,10.2129,19.3216,17.3645,16.6946,32.6397,32.33,24.7123,26.431,27.6293,48.6861,41.5088,184.751,322.225,343.994,336.206,330.754,309.668,306.023,346.283,322.772,303.971,321.11,353.194,277.371,343.932,323.395,313.059,345.85,312.415,344.549,336.016,331.146,320.032,308.421,324.254,298.961,324.067,296.558,312.905,297.053,344.64,256.714,296.428,280.807,173.277,49.5923,36.2748,36.4084,27.933,46.2665,34.8081,18.5618,28.291,18.67,17.5702,12.5767,21.3674,15.7374,10.1482,14.6281,14.7357,9.29592,12.2434,9.49315,6.61672,9.53098,9.20603,10.7205,8.59974,5.3487,5.04099,5.96125,5.33712,6.09238,3.85368,4.62529,3.01144,6.02818
6.14873,5.50214,4.21831,4.11374,5.24667,3.4481,6.85747,6.12114,5.88275,6.88834,3.48438,8.01056,10.7533,7.49807,9.29701,15.07,10.3721,13.6107,10.0479,14.9567,14.1221,14.836,14.4671,14.7976,20.236,14.3313,27.3158,16.8901,24.9087,29.0245,37.8709,40.0182,39.1152,195.773,290.799,286.711,281.097,315.749,315.293,275.929,339.823,313.047,320.888,303.802,306.369,330.051,288.79,275.151,262.791,299.937,349.377,365.92,297.015,303.172,320.32,305.992,292.875,298.85,307.459,301.326,291.701,276.493,281.35,313.124,328.029,305.843,199.985,48.9944,45.1463,36.097,29.6835,33.1611,26.1571,25.5104,29.0147,19.5489,17.836,12.3663,17.9928,19.3925,11.6707,12.2252,9.36436,15.2588,8.89935,10.5655,12.7942,10.1488,7.96584,7.87726,7.15247,5.75947,7.47436,7.37922,2.88939,4.95583,5.44561,5.49568,3.27684,3.00521
1.9427,3.63632,2.48092,4.92434,6.19676,4.63968,5.17407,4.82308,7.16638,8.70665,7.75204,10.2078,6.48297,6.16443,7.87006,8.47184,8.63466,17.8544,10.3122,10.4194,10.8599,17.051,16.6279,18.1391,22.7576,25.2926,26.0245,24.1147,31.4386,38.417,32.0062,37.3281,56.5473,205.018,289.573,291.028,295.003,275.169,314.035,301.457,323.54,318.253,316.273,260.999,297.234,314.242,316.021,335.912,327.163,313.188,338.294,310.307,329.891,313.959,322.646,341.673,315.608,311.798,315.006,312.282,276.44,314.386,291.299,262.489,285.168,315.234,178.327,44.9794,41.4966,27.7185,28.9649,31.4738,26.0444,25.2959,23.8052,21.0741,16.531,17.6557,22.1673,17.5222,12.7965,13.8436,6.27923,19.0276,7.48145,8.31103,11.7152,9.012,8.01197,5.85278,9.83164,5.12895,3.92318,7.11673,2.88717,3.10076,3.29134,7.78942,3.46491,2.59397
1.90587,2.98779,5.23676,6.71354,3.6235,5.93184,6.88862,6.98807,6.40805,10.6908,6.95441,5.25484,8.24927,12.1352,7.6965,16.2819,11.6665,10.4934,12.0984,13.231,17.6778,18.7864,21.3549,18.4207,17.4641,20.7893,16.2893,27.1548,29.7621,31.8625,29.7956,39.1227,55.5476,237.382,299.022,269.9,292.001,351.458,312.424,267.891,301.959,265.449,334.533,260.061,301.303,282.462,319.185,311.865,349.311,310.353,312.489,282.621,286.259,309.343,343.302,274.758,299.498,320.104,259.179,284.012,284.441,344.632,254.366,306.163,284.367,341.43,189.885,46.4354,39.2945,34.4968,31.833,25.0472,33.9344,24.2371,22.9836,17.6462,15.5231,18.1627,17.9807,14.4491,14.9924,13.3977,12.3553,15.3357,14.5035,11.6975,6.62992,6.81775,7.92398,6.56075,8.78786,9.15272,4.2762,7.1689,4.45087,5.28075,3.95012,3.38442,4.82711,4.92544
4.34998,2.18286,5.54096,5.1019,3.88599,6.70881,7.60511,9.24908,7.02509,10.8798,5.54178,9.96168,8.13155,11.2046,7.21437,11.4753,11.2715,11.0037,11.6316,11.3545,15.0763,17.4315,15.1587,17.552,15.3115,17.2746,19.202,26.0859,30.7991,32.265,35.5762,33.9013,37.0945,191.57,315.009,270.211,283.422,283.094,316.712,307.395,317.276,261.055,270.895,293.783,317.723,279.874,301.731,291.943,262.045,301.386,318.767,324.853,318.191,278.291,273.175,313.365,338.275,281.753,272.321,288.611,256.16,263.83,268.372,294.794,298.147,302.24,180.546,54.8102,37.6977,32.4073,25.8259,32.7444,28.4623,20.4274,19.6634,24.362,21.6386,22.7162,16.0775,16.5719,15.06,10.3069,16.9938,11.7258,10.1087,17.7195,9.59527,8.25319,11.9472,5.95756,7.01705,8.52448,5.12061,8.17337,5.43701,5.87913,4.77305,6.87512,3.08378,5.54016
3.53004,3.31565,4.73546,6.59206,4.20881,4.02279,9.20341,4.05764,7.09746,7.4615,7.14024,9.19032,6.40656,8.9971,11.494,14.0194,14.6631,10.1561,16.5932,13.8898,19.9459,8.89459,17.5499,22.6167,20.1153,22.9476,25.4443,22.7192,28.8625,26.323,20.9582,39.9676,37.585,197.185,277.394,285.798,289.94,303.002,259.846,291.859,316.761,319.224,318.864,285.314,310.632,310.366,321.159,271.511,286.734,285.984,337.725,309.341,303.809,281.938,286.335,313.349,273.298,306.799,294.018,305.771,293.603,302.398,259.345,311.793,278.237,256.134,214.029,45.6722,25.8952,26.1229,22.7715,24.9909,26.3548,30.2353,22.0188,20.9703,16.7231,21.8496,11.6973,12.3566,15.5266,15.9392,8.939,12.65,16.1014,10.1771,6.80944,7.18879,3.41713,11.0634,6.08373,9.60802,6.2199,6.14177,5.50876,2.26023,6.04808,2.15671,2.85191,4.19486
4.63712,2.98482,6.13636,7.12633,4.01642,4.90604,7.82379,8.11943,9.01458,7.29822,7.50531,8.30456,6.78388,11.9636,16.0507,11.167,10.3376,9.73595,18.3818,14.3612,13.5935,18.7928,11.4771,19.4212,20.0045,20.1878,24.1924,23.537,30.6716,43.5329,32.7682,34.8494,39.7821,198.509,329.593,256.039,312.809,325.337,303.974,295.908,291.367,300.129,264.254,295.581,298.501,321.655,289.27,334.026,248.729,274.361,346.01,295.788,287.136,269.469,296.088,314.244,255.419,286.243,259.559,286.588,288.649,274.088,240.269,264.943,298.987,270.806,169.567,48.6598,33.4624,31.4632,22.8868,27.6503,26.961,20.8313,19.8416,16.5489,19.5101,13.242,13.2702,13.4038,16.536,9.82185,15.9124,9.0102,16.2709,12.8973,11.3977,11.5959,7.78316,5.07906,5.57903,7.33555,3.48035,4.94259,4.97931,7.58722,7.13941,3.11244,4.58778,3.40638
2.6475,5.15737,4.34595,2.52417,3.58821,5.04666,5.4285,4.94856,4.54765,8.41018,4.87979,6.82962,9.06477,11.4179,8.87244,14.9867,8.80112,13.1369,14.9962,13.9079,19.48,15.8798,10.8423,16.3618,16.1338,17.51,18.6485,33.321,21.5068,27.0349,35.0721,43.3252,34.8076,186.974,238.687,286.416,295.409,291.998,264.537,286.813,329.072,270.97,275.253,301.895,311.224,305.611,243.358,274.899,273.729,269.161,264.946,272.795,337.31,285.821,298.253,330.478,304.068,300.044,274.078,288.687,294.461,291.369,267.391,278.55,272.382,223.342,190.412,42.2203,36.4609,34.2897,28.1164,27.9018,30.6841,22.2229,19.0564,16.8731,19.8212,16.3485,13.6556,19.0658,15.2205,13.6721,12.8111,11.2754,9.46136,8.35472,11.5579,6.49614,6.71133,6.38174,11.0538,6.48188,8.2093,6.56284,4.66156,3.31653,2.98317,5.01643,2.85495,5.79933
2.60721,4.38819,4.26235,5.1302,5.03505,6.30424,8.21214,5.2912,3.7228,4.74367,11.5292,12.9159,6.15799,11.1917,8.78097,9.58619,8.22987,8.22663,11.0576,13.1644,14.8349,15.9877,9.99313,21.8644,14.4512,29.8626,28.1999,21.507,34.1857,28.4941,30.8762,40.5912,39.6493,200.394,269.669,285.268,274.402,258.444,256.013,303.068,286.22,270.277,279.83,289.271,274.257,245.826,332.778,275.829,250.059,275.896,248.203,294.363,291.75,280.081,288.3,225.71,294.725,308.082,316.881,264.895,280.047,285.303,271.904,260.799,264.07,235.951,217.105,36.8952,38.151,27.0517,25.6949,26.4141,38.7682,35.5452,16.7156,22.7219,19.8645,10.9301,17.6898,13.1706,12.4474,14.9839,17.1959,13.3439,9.26097,9.5405,13.6336,12.0965,7.69733,11.8508,8.36826,5.21061,4.78118,7.14938,5.21659,6.26931,3.20093,5.61545,4.76274,5.04823
5.28,5.69749,7.20714,3.52256,6.47147,5.21589,5.72192,7.38787,8.73482,8.40947,10.2232,10.8097,9.54304,8.30763,8.59847,11.8092,12.3051,14.7352,22.5524,15.7162,13.206,13.3614,18.426,17.1209,22.1786,22.6373,27.0079,23.1802,33.5033,44.6101,30.513,41.5488,48.0897,209.613,246.225,262.749,248.252,291.946,310.003,278.128,283.651,264.132,247.851,317.806,249.852,293.031,311.673,287.05,253.222,273.994,311.505,272.21,268.44,253.073,281.673,276.994,297.289,292.951,275.043,320.591,250.085,296.097,293.116,234.222,234.379,268.216,214.81,31.3073,41.2403,22.9286,24.3569,24.0531,26.5903,30.2509,18.2858,20.971,17.1579,17.8914,14.205,13.9325,14.3497,12.2942,11.6723,8.24936,11.7912,10.8001,9.00696,12.5744,8.71817,9.31892,8.35129,5.75584,6.0585,3.91858,3.5806,4.61406,4.57628,7.73386,4.67382,4.51759
5.99557,5.69238,3.8598,3.66819,6.29193,6.67532,8.2816,6.86949,6.79773,6.43762,8.42316,9.04318,10.878,8.07446,14.1694,7.59329,11.3983,7.24597,14.5609,18.2674,14.6423,19.8381,23.1979,20.3928,25.4317,14.7118,26.0674,31.4149,23.3924,24.5557,20.9765,37.3054,41.311,180.991,259.764,221.762,220.266,278.767,238.368,264.152,284.037,281.542,288.085,296.059,321.044,275.188,290.145,274.969,260.46,263.304,274.217,301.854,232.912,257.687,278.121,291.404,261.799,287.338,273.523,287.347,271.766,279.228,298.789,250.1,228.101,265.577,182.839,43.6215,38.478,41.701,31.2313,19.8074,20.7741,22.1093,19.094,15.8813,14.1357,23.1956,16.9833,19.1248,13.0214,12.1859,12.3218,11.1857,13.4153,9.38636,11.8645,12.0054,6.69478,13.5606,10.535,5.53068,7.85874,6.28878,7.61795,6.46378,4.50171,2.88244,3.26208,4.35249
2.34565,3.07456,4.25551,4.97618,3.10512,6.00136,7.80562,6.9576,8.29442,4.59695,9.87927,9.0165,6.79031,9.51303,9.84592,10.8342,12.0859,13.1441,12.0624,10.4858,12.2318,11.6131,24.4092,12.7139,22.7775,23.2973,25.6894,28.5829,16.9188,31.94,32.8616,24.844,39.0471,202.402,246.589,256.358,254.013,238.705,257.674,257.921,247.773,274.443,305.018,303.027,254.118,249.22,284.337,277.853,303.28,300.702,274.154,292.045,262.527,249.772,302.653,309.989,272.39,283.68,294.755,247.836,243.346,266.687,286.152,288.78,301.09,261.948,192.398,38.0062,39.9146,22.8703,27.7691,27.355,21.1529,30.5167,14.757,24.9856,17.4694,14.0768,12.0557,9.787,9.64039,13.6322,11.7455,16.0753,11.1892,13.7752,4.84863,4.07463,6.91496,6.48241,5.13619,4.12769,4.45404,7.89726,5.56969,5.70992,5.18609,4.31492,2.05543,4.30054
4.7868,3.3347,5.1323,3.2425,4.23499,5.94488,5.22542,3.31593,4.46793,8.31775,6.31597,6.58316,8.16565,12.3704,5.82573,6.4619,12.2754,14.78,13.3794,16.7492,12.585,19.1636,11.0368,20.731,19.6341,22.7614,17.3052,24.5021,25.4293,21.4742,24.1001,22.215,52.6547,201.788,253.397,235.888,266.815,246.443,249.742,265.799,259.962,270.796,273.789,289.687,281.98,277.06,272.847,317.162,277.335,283.448,259.75,303.264,322.332,284.698,246.833,261.924,281.145,243.815,254.835,280.427,320.75,299.222,273.111,264.803,256.52,276.556,170.005,36.9526,25.3659,34.643,26.3454,20.3497,16.9706,19.3711,17.0905,17.2404,10.353,19.1412,16.7088,16.1443,18.3503,16.6642,13.4722,8.95164,12.0732,9.33925,7.09536,7.68143,10.8744,8.80556,6.21993,6.83846,7.3729,4.61655,5.97023,3.39707,3.74155,6.34387,4.07599,5.37211
2.61801,3.20999,3.26794,4.30512,5.68852,2.74841,9.58619,8.5796,8.63019,5.42338,8.94232,6.5012,7.79072,9.98903,9.95544,11.9226,14.8596,12.1356,13.9796,13.4295,10.2782,10.3761,21.3343,14.8079,20.6271,22.1155,23.7843,31.6879,23.3616,36.048,29.9345,30.7374,42.3948,185.299,226.351,255.755,276.804,255.595,262.543,288.044,269.309,238.433,251.796,263.765,256.391,283.703,265.381,287.002,248.614,300.365,276.662,286.783,269.515,266.427,283.466,270.034,238.515,313.489,264.6,298.34,291.153,263.915,231.137,237.081,259.094,241.798,181.902,37.3432,34.1014,30.2356,25.9462,26.4264,21.3477,25.0313,19.9308,24.1055,17.7119,14.5694,13.9348,15.6607,9.72423,16.3234,15.0859,9.37591,9.23989,9.49667,6.48012,9.2124,5.30065,9.60484,6.46749,4.98089,3.81401,4.9408,4.133,6.92778,4.60188,4.28056,4.88267,4.21478
3.53391,2.55882,5.31353,4.80345,4.66796,3.91903,5.43546,3.36224,6.15697,8.19253,6.19083,7.35319,9.79246,11.142,13.889,5.31284,9.13742,10.161,11.9807,13.9104,16.3477,14.8905,21.3661,20.9928,24.2478,22.5099,24.207,18.1241,31.2897,23.105,32.1881,31.0289,28.3249,185.03,249.516,233.079,219.145,251.981,282.752,235.955,262.775,254.463,216.985,263.228,237.069,287.668,284.396,318.632,239.369,254.607,267.07,261.924,250.618,255.913,254.993,296.373,267.545,267.871,297.522,270.369,259.674,241.134,278.147,277.981,302.88,295.3,161.037,45.006,32.913,27.9648,26.926,28.0108,25.5533,20.7784,36.1311,25.8427,17.4883,13.6151,17.0406,15.6581,10.6045,13.7651,18.1894,17.9309,7.34519,10.3469,6.9669,9.80157,7.59265,6.81858,6.4869,5.57023,4.39403,4.75737,7.09957,7.06547,4.2495,5.00972,6.26288,2.97445
4.0746,2.77324,3.83359,2.84464,6.55306,3.51069,4.38554,6.23303,8.35609,6.09318,9.4062,6.15832,7.23752,6.76729,11.4198,6.09288,8.13149,10.5936,11.9899,14.5679,9.6701,15.5914,14.5601,20.6054,17.0967,16.4361,19.4612,25.0883,37.2008,21.5462,42.7368,31.5462,43.7987,168.481,282.775,279.526,240.252,251.901,246.637,225.682,249.672,278.623,238.231,275.627,247.13,252.089,291.044,228.939,275.955,273.905,303.539,278.026,261.051,268.509,270.41,266.723,281.763,223.745,243.627,283.996,289.982,251.801,246.902,227.737,240.12,235.285,159.821,41.0688,34.8157,30.8161,29.8174,29.4787,35.643,22.9756,12.1504,20.7724,18.2635,20.3732,17.5022,12.8726,10.6077,17.0263,13.2253,9.21949,8.88143,10.9775,6.08946,11.9173,5.94741,4.43482,4.32128,5.54684,4.52966,7.78093,5.72779,6.91862,3.93851,5.00006,2.64389,3.25953
3.44847,2.55377,3.5689,4.55859,4.10505,7.2401,5.85529,5.36362,6.25994,4.91394,8.06886,9.19365,6.5603,10.4418,6.67115,8.25634,13.1841,10.2853,11.8413,14.9081,19.3147,12.2188,13.4179,21.1563,16.6716,28.4601,27.3904,17.7168,30.4422,27.459,22.5274,36.3072,40.6209,171.27,223.995,211.875,262.056,231.663,262.086,256.33,299.424,281.393,278.268,226.494,260.879,270.786,257.629,273.688,279.097,259.904,240.111,238.32,260.201,266.399,274.306,249.483,248.787,260.764,262.313,270.697,268.405,282.469,245.31,233.967,229.623,252.464,163.515,36.1557,32.0435,35.2498,29.4822,18.4382,30.2445,16.1855,17.3312,17.6486,15.552,19.425,15.2834,16.536,12.5472,12.4776,9.9083,6.86437,14.0836,10.9791,4.94129,8.46164,11.2181,10.1169,4.7861,5.37691,4.7887,4.94122,7.44822,4.27383,4.75918,3.84149,1.90157,3.91983
2.52586,3.74848,4.55094,4.81253,3.26304,4.30292,6.69772,9.05983,8.9118,9.35973,7.84574,8.58144,9.98261,9.6154,9.1472,7.57924,11.7482,18.3157,14.0148,10.5627,13.553,17.9365,19.5322,17.0693,18.4895,14.5944,23.2704,31.5116,26.7392,25.322,31.3008,28.5107,34.8856,183.412,202.586,251.439,228.921,261.599,247.86,240.116,273.45,257.49,268.843,221.971,254.128,255.024,275.852,262.753,286.623,263.258,260.793,223.785,277.732,252.644,273.516,259.816,264.267,257.772,255.388,217.782,246.311,272.548,237.843,241.691,223.077,254.815,142.584,43.3837,30.4072,39.8288,28.6872,19.7166,31.663,18.2349,17.3535,15.1754,20.2319,14.0549,16.3399,11.7939,15.7047,11.2575,10.6705,12.777,10.6298,6.32053,5.63881,8.30664,9.93913,4.4446,9.53481,7.38415,7.52118,2.56709,3.46666,7.10014,6.25502,2.7357,2.62005,3.0763
4.48991,2.80411,4.0992,4.14714,7.27576,4.26252,2.86513,6.0496,7.12637,8.05716,8.62973,5.30327,7.29239,7.36631,10.4229,12.2517,12.6696,8.48815,7.45108,15.8807,10.8337,19.6519,17.237,17.7219,20.8221,23.5988,27.6459,22.7957,23.2106,31.0513,36.0097,33.7635,34.6116,143.418,243.878,225.834,228.614,248.186,226.328,213.715,248.934,240.005,293.415,252.577,254.049,229.575,264.143,233.742,244.15,260.333,260.358,231.197,207.552,252.934,243.524,240.171,211.822,215.271,225.418,257.53,223.683,248.389,272.448,251.4,275.595,255.865,147.858,45.7828,33.691,29.5131,24.9013,27.7742,14.9691,24.4277,17.461,18.2783,20.6323,11.311,9.11937,12.9127,14.4633,10.3377,15.8997,12.9081,7.04938,6.78273,8.88067,7.4499,11.287,12.2007,4.77911,11.4841,6.30609,5.93737,5.2563,5.39143,2.86868,3.97492,3.61699,3.80785
5.57132,3.88648,5.51674,6.40045,5.10435,7.16293,2.21385,13.3059,10.9444,8.0412,7.67559,4.00164,6.27108,9.68891,8.07059,8.70327,5.88564,13.4545,11.154,9.2476,15.765,16.0333,22.4777,14.4693,14.084,16.0017,27.3533,26.0735,24.5329,27.5527,27.0501,28.5076,39.2904,159.703,196.388,247.479,219.291,237.129,227.643,236.263,228.262,274.918,212.025,221.287,235.526,250.838,233.324,258.801,278.134,265.291,197.897,222.699,252.134,236.14,227.032,269.088,233.588,225.661,237.81,245.457,255.374,220.635,260.818,215.896,237.056,207.258,171.973,46.3438,38.6173,33.681,30.701,30.3806,19.6607,23.644,13.9325,23.7436,16.3879,12.9903,16.8355,16.5531,13.2861,12.0242,8.58847,8.41556,9.25088,5.49468,8.8332,9.38906,7.25821,7.27888,10.9376,8.67568,5.12735,10.9348,5.43327,3.48201,6.51853,4.32424,5.29366,2.80234
4.08036,4.09598,5.95978,2.85266,5.99789,7.86029,4.33109,6.6486,2.05772,7.06766,6.03356,8.27798,6.99338,6.35624,9.1803,9.90988,7.93326,9.68416,14.4297,11.3793,22.0435,15.9793,15.5343,16.5624,20.5512,20.7004,21.0855,22.8066,23.344,28.5507,33.9504,34.8058,52.3187,161.387,215.191,239.518,238.244,273.55,233.236,214.71,227.278,243.474,206.838,220.966,209.484,260.438,261.095,248.387,258.816,246.2,261.835,249.609,259.408,243.364,263.654,240.512,249.429,254.151,223.734,234.124,224.814,242.01,244.333,215.476,274.281,221.141,151.06,33.5541,27.8496,23.451,30.4411,21.8879,25.3221,23.5987,13.8045,11.9562,20.6263,14.1122,13.2014,15.6671,14.5728,8.80391,7.3183,10.8753,6.37136,8.18213,9.08099,8.14131,6.3211,8.06668,4.38582,7.22096,7.17335,4.37488,4.88658,1.71896,5.14849,4.20013,3.72948,4.33898
5.65047,1.40471,7.34587,4.42503,3.80116,8.12711,5.8658,6.54082,4.09621,6.87055,6.2187,7.23779,10.3692,5.09026,12.3393,12.1052,8.35265,10.2893,14.2961,10.7588,8.56273,15.7289,23.8897,20.0339,21.8706,18.5668,24.2163,18.8001,19.5066,31.6474,40.2549,45.8314,35.1163,175.211,231.195,239.618,257.981,232.909,211.452,217.343,217.763,225.476,252.556,240.864,221.907,263.874,270.252,219.13,224.897,251.275,247.499,226.328,253.856,249.603,249.535,236.837,210.382,231.247,207.974,219.841,230.08,216.786,229.704,242.83,223.101,187.725,159.848,35.4431,40.1965,31.7977,23.2374,22.3337,23.328,23.4505,18.3836,16.7312,13.0943,18.6745,10.5469,18.3308,8.18643,10.1208,12.9024,10.2701,10.6925,7.78708,8.43919,4.88989,14.1089,9.02528,7.87089,6.70968,4.68168,3.2059,4.43944,3.98628,2.79732,4.23065,3.64649,2.9031
3.75097,4.88373,3.53134,2.95116,6.27678,6.16559,4.34337,1.65044,4.87686,4.5712,6.10518,8.29541,5.60165,9.55912,9.20246,13.2522,11.1922,10.2334,9.92062,11.0883,13.0145,8.02625,15.1985,14.9125,19.1056,14.2181,14.8135,17.9421,30.5323,27.5388,28.8625,32.6609,38.3992,186.893,232.715,247.184,216.12,254.33,242.512,239.576,257.438,272.156,241.075,238.004,217.412,231.581,276.403,266.347,270.097,247.961,204.233,277.666,258.712,237.671,247.662,248.382,236.55,254.95,222.977,217.027,248.109,243.599,241.738,262.256,210.361,195.629,135.872,43.1348,38.2251,36.4215,23.5884,28.3392,28.0289,18.9445,16.0638,14.403,19.8576,15.6261,12.9051,18.9048,12.8829,13.0384,10.2476,6.75362,12.1636,12.7991,10.6287,10.007,8.19912,5.29631,5.31194,5.50979,5.87649,4.61119,5.88718,4.11044,5.00544,3.17843,3.4311,2.35359
4.14077,3.61545,4.33066,4.05931,1.56317,5.99338,4.16637,6.98706,6.62724,6.45694,5.81194,5.92361,7.09382,5.91786,9.91065,6.00279,10.9802,16.1682,11.716,14.7154,12.4277,8.95057,9.61595,13.9128,22.3592,17.1422,15.9142,24.5441,24.2425,27.7271,27.1821,26.6395,35.9919,140.971,218.636,206.416,184.317,206.625,199.983,196.625,233.242,225.3,283.516,247.321,239.398,246.86,232.489,256.9,275.135,237.692,203.382,238.283,257.115,222.671,250.439,244.716,199.399,218.333,227.81,206.752,243.883,231.177,240.348,213.985,200.074,215.512,135.7,43.0194,29.4417,33.5819,27.0669,23.8654,15.1522,21.0771,19.7383,18.4692,16.4138,11.7651,18.5517,11.3088,14.778,13.2269,10.2873,9.73243,7.29451,10.5401,10.538,6.19902,5.13762,5.70192,9.26204,7.56444,6.05352,3.45902,4.93477,6.05086,2.21246,3.14946,2.612,6.51077
3.05664,3.73561,3.21229,4.08229,5.57564,5.57054,5.16592,6.98283,5.1697,7.59451,8.38293,5.68412,5.48749,11.2884,7.38484,4.96265,12.4046,5.93417,8.79765,13.7541,15.7674,11.9024,21.7014,14.0713,16.8687,23.4019,24.2663,26.6704,25.4126,28.0627,35.2643,29.024,31.8177,170.615,202.567,219.052,192.446,213.546,220.882,248.536,226.718,250.435,243.627,222.825,228.539,218.86,222.891,206.408,209.344,242.067,243.828,196.561,222.647,219.642,237.732,201.22,244.379,189.812,245.77,218.121,257.103,209.461,218.134,232.602,206.372,213.639,152.73,40.0014,22.5795,29.4741,30.958,28.431,16.4793,18.4715,21.7731,12.3224,16.56,11.4244,16.7845,9.34828,10.3247,20.3067,13.4992,10.4397,12.7855,9.37642,6.62523,2.57215,5.71219,7.60625,4.51273,7.91752,3.82817,3.24559,2.93786,5.63191,9.69023,3.37087,3.56735,3.68103
4.13969,3.51353,6.67063,6.6429,5.37568,4.20535,5.57216,6.22007,6.10223,7.43433,8.49286,7.72009,6.85248,10.8395,13.34,7.41807,9.51286,10.9419,11.4799,14.8777,9.35797,10.2466,9.13982,8.45861,18.3134,19.3902,19.8768,22.6002,29.8722,20.4803,26.2695,44.3254,37.1721,121.438,228.465,191.093,213.324,241.706,229.224,216.302,253.03,280.172,246.655,205.211,256.713,234.727,217.155,215.489,242.731,219.936,224.437,212.898,227.79,219.743,262.79,227.202,212.792,203.801,211.456,201.722,222.418,184.701,202.099,211.324,248.565,200.34,136.75,36.6594,24.1161,26.7338,19.094,23.0512,24.3329,16.7759,21.2925,20.6832,21.1249,15.4848,11.31,12.2118,10.4154,12.1613,10.8738,14.7227,12.8546,8.42786,6.86007,8.67977,10.942,6.75142,5.23532,8.06241,6.4499,6.67878,7.09562,3.65999,3.80241,3.30726,3.83579,4.2509
2.6885,1.8292,4.85251,3.61679,7.69781,4.57565,4.08115,4.2499,6.11798,10.1144,4.49106,7.37746,6.20682,6.35216,9.59695,6.46203,14.5397,10.2685,11.7505,11.3303,12.1137,10.5867,16.1105,19.3558,16.2608,17.0115,19.633,18.3263,23.8506,23.1607,32.905,29.2612,35.2235,175.296,199.414,219.223,195.375,243.578,204.645,223.78,201.345,203.247,224.733,195.393,214.752,234.292,195.997,230.841,208.759,218.86,223.719,222.277,233.847,239.735,201.376,204.428,210.751,245.262,224.49,200.305,214.666,232.405,238.078,190.762,192.046,223.113,142.863,32.9178,24.0174,26.4346,23.9841,26.5432,17.8658,23.6456,19.9756,21.5599,16.318,22.2478,15.7417,8.60373,12.6372,14.0501,9.06718,7.29173,11.4943,6.00178,10.5051,6.55452,4.35182,7.11353,1.81397,7.87297,7.37499,3.39559,6.49114,5.6337,2.19953,5.64366,2.56542,3.24497
4.18702,4.19549,6.28678,5.46877,4.08977,6.23769,5.4176,3.99358,3.60454,4.96203,10.1657,5.01197,12.0729,8.56848,8.22974,20.5354,8.3177,12.465,8.26625,13.3133,12.3596,19.0132,15.3581,15.345,23.8748,16.426,14.0802,9.99046,17.4765,21.2608,25.1777,33.4789,30.3014,133.796,187.367,215.716,225.172,223.448,212.991,192.717,219.565,202.101,229.575,268.842,208.929,224.739,240.648,230.961,249.508,237.142,206.007,265.371,233.243,205.167,245.122,209.912,238.865,224.212,249.302,261.969,211.603,193.265,208.525,189.219,218.579,216.312,142.456,28.9589,33.0728,33.4599,23.7757,6.91207,16.6051,14.4955,22.185,10.4635,11.0844,11.1989,11.8458,10.3704,12.9121,9.0216,7.12665,13.0237,7.16682,8.58476,10.0668,8.93865,5.25844,3.79315,4.05304,8.77872,2.04784,2.34011,3.3279,2.19006,4.74957,1.92367,4.62153,3.34648
1.08597,2.96335,3.71777,6.70834,3.22978,3.09209,3.79803,4.70989,7.47536,6.25272,7.1536,7.1741,6.52388,4.52073,8.19357,9.37925,5.1609,6.20802,5.33631,9.65085,16.8502,16.9827,12.8328,10.6251,22.3795,16.0077,24.3575,18.9397,34.6028,27.4464,39.3333,18.5509,32.5812,140.748,213.272,203.821,190.756,222.613,217.728,235.512,200.799,240.476,199.477,245.389,233.477,188.225,212.407,207.4,220.795,272.535,226.677,196.79,211.6,198.869,238.988,236.533,181.189,213.573,218.753,204.641,235.895,226.293,199.811,197.406,229.577,196.525,142.743,26.314,33.4637,26.1127,21.4442,21.5659,29.1145,15.6074,12.958,21.3511,13.2392,12.2725,15.8351,13.321,12.1114,8.92059,9.02334,13.5409,6.67432,9.27494,13.1634,15.3114,5.95502,8.16295,4.38518,7.36312,7.78047,6.76592,7.27343,4.78884,3.08103,9.58155,3.9317,1.35064
5.39819,2.72123,4.20008,7.42537,4.48069,4.43803,6.78593,5.76056,4.11652,9.84965,10.5221,8.9891,6.78103,8.70118,10.1115,9.38836,7.36307,6.5845,16.5316,15.1396,10.2259,12.8552,14.3998,19.8809,27.9639,14.0027,24.4541,23.4899,18.5925,24.0898,31.4282,26.4307,27.2677,132.685,193.347,195.911,211.084,249.306,211.481,210.192,204.877,234.425,227.102,191.288,204.173,204.259,239.029,243.223,193.855,195.979,176.328,228.047,206.683,198.129,220.329,204.037,239.676,221.568,186.87,231.181,210.894,220.999,207.005,173.686,204.16,224.079,138.862,32.5051,27.1846,23.2288,19.7752,24.2922,20.878,14.2309,22.351,23.6465,11.1517,14.5839,18.4803,6.72888,9.6278,7.32705,14.7253,8.39258,8.58631,11.6801,8.09933,9.76754,6.11814,7.73479,5.08087,5.41379,3.85499,2.22301,1.97796,4.21005,5.89509,3.83495,3.00193,2.98907
